#
# A fatal error has been detected by the Java Runtime Environment:
#
#  EXCEPTION_ACCESS_VIOLATION (0xc0000005) at pc=0x00007ffb603e2193, pid=3376, tid=1624
#
# JRE version: OpenJDK Runtime Environment Microsoft-10800295 (17.0.14+7) (build 17.0.14+7-LTS)
# Java VM: OpenJDK 64-Bit Server VM Microsoft-10800295 (17.0.14+7-LTS, mixed mode, sharing, tiered, compressed oops, compressed class ptrs, g1 gc, windows-amd64)
# Problematic frame:
# V  [jvm.dll+0x222193]
#
# No core dump will be written. Minidumps are not enabled by default on client versions of Windows
#
# If you would like to submit a bug report, please visit:
#   https://github.com/microsoft/openjdk/issues
#

---------------  S U M M A R Y ------------

Command Line: -Xmx1G com.android.tools.r8.D8 --debug --min-api 21 --output obj\Debug\net9.0-android\android\bin\ --lib C:\Program Files (x86)\Android\android-sdk\platforms\android-35\android.jar obj\Debug\net9.0-android\android\bin\classes.zip C:\Program Files\dotnet\packs\Microsoft.Android.Ref.35\35.0.78\ref\net9.0\mono.android.jar C:\Program Files\dotnet\packs\Microsoft.Android.Sdk.Windows\35.0.78\tools\\java_runtime_net6.jar C:\Users\Mohammed\.nuget\packages\xamarin.androidx.annotation.jvm\1.9.1.3\buildTransitive\net8.0-android34.0\..\..\jar\androidx.annotation.annotation-jvm.jar C:\Users\Mohammed\.nuget\packages\xamarin.androidx.collection.jvm\1.5.0.1\buildTransitive\net8.0-android34.0\..\..\jar\androidx.collection.collection-jvm.jar C:\Users\Mohammed\.nuget\packages\xamarin.androidx.annotation\1.9.1.3\buildTransitive\net8.0-android34.0\..\..\jar\androidx.annotation.annotation.jar C:\Users\Mohammed\.nuget\packages\xamarin.androidx.collection\1.5.0.1\buildTransitive\net8.0-android34.0\..\..\jar\androidx.collection.collection.jar C:\Users\Mohammed\.nuget\packages\xamarin.androidx.concurrent.futures\1.2.0.6\buildTransitive\net8.0-android34.0\..\..\jar\androidx.concurrent.concurrent-futures.jar C:\Users\Mohammed\.nuget\packages\xamarin.androidx.lifecycle.common.jvm\2.8.7.3\buildTransitive\net8.0-android34.0\..\..\jar\androidx.lifecycle.lifecycle-common-jvm.jar C:\Users\Mohammed\.nuget\packages\xamarin.androidx.lifecycle.common\2.8.7.3\buildTransitive\net8.0-android34.0\..\..\jar\androidx.lifecycle.lifecycle-common.jar C:\Users\Mohammed\.nuget\packages\xamarin.androidx.arch.core.common\2.2.0.16\buildTransitive\net8.0-android34.0\..\..\jar\androidx.arch.core.core-common.jar C:\Users\Mohammed\.nuget\packages\xamarin.androidx.resourceinspection.annotation\1.0.1.20\buildTransitive\net8.0-android34.0\..\..\jar\androidx.resourceinspection.resourceinspection-annotation.jar C:\Users\Mohammed\.nuget\packages\xamarin.androidx.constraintlayout.core\1.1.1.1\buildTransitive\net8.0-android34.0\..\..\jar\androidx.constraintlayout.constraintlayout-core.jar C:\Users\Mohammed\.nuget\packages\xamarin.androidx.collection.ktx\1.5.0.1\buildTransitive\net8.0-android34.0\..\..\jar\androidx.collection.collection-ktx.jar C:\Program Files\dotnet\packs\Microsoft.NETCore.App.Runtime.Mono.android-arm64\9.0.8\runtimes\android-arm64\native\libSystem.Security.Cryptography.Native.Android.jar obj\Debug\net9.0-android\lp\95\jl\classes.jar obj\Debug\net9.0-android\lp\96\jl\classes.jar obj\Debug\net9.0-android\lp\97\jl\classes.jar obj\Debug\net9.0-android\lp\98\jl\classes.jar obj\Debug\net9.0-android\lp\99\jl\classes.jar obj\Debug\net9.0-android\lp\100\jl\classes.jar obj\Debug\net9.0-android\lp\102\jl\classes.jar obj\Debug\net9.0-android\lp\103\jl\classes.jar obj\Debug\net9.0-android\lp\104\jl\classes.jar obj\Debug\net9.0-android\lp\105\jl\classes.jar obj\Debug\net9.0-android\lp\106\jl\classes.jar obj\Debug\net9.0-android\lp\107\jl\classes.jar obj\Debug\net9.0-android\lp\108\jl\classes.jar obj\Debug\net9.0-android\lp\109\jl\classes.jar obj\Debug\net9.0-android\lp\110\jl\classes.jar obj\Debug\net9.0-android\lp\111\jl\classes.jar obj\Debug\net9.0-android\lp\112\jl\classes.jar obj\Debug\net9.0-android\lp\114\jl\classes.jar obj\Debug\net9.0-android\lp\115\jl\classes.jar obj\Debug\net9.0-android\lp\116\jl\classes.jar obj\Debug\net9.0-android\lp\117\jl\classes.jar obj\Debug\net9.0-android\lp\118\jl\classes.jar obj\Debug\net9.0-android\lp\119\jl\classes.jar obj\Debug\net9.0-android\lp\120\jl\classes.jar obj\Debug\net9.0-android\lp\121\jl\classes.jar obj\Debug\net9.0-android\lp\122\jl\classes.jar obj\Debug\net9.0-android\lp\123\jl\classes.jar obj\Debug\net9.0-android\lp\124\jl\classes.jar obj\Debug\net9.0-android\lp\125\jl\classes.jar obj\Debug\net9.0-android\lp\125\jl\libs\repackaged.jar obj\Debug\net9.0-android\lp\126\jl\classes.jar obj\Debug\net9.0-android\lp\127\jl\classes.jar obj\Debug\net9.0-android\lp\128\jl\classes.jar obj\Debug\net9.0-android\lp\129\jl\classes.jar obj\Debug\net9.0-android\lp\130\jl\classes.jar obj\Debug\net9.0-android\lp\131\jl\classes.jar obj\Debug\net9.0-android\lp\132\jl\classes.jar obj\Debug\net9.0-android\lp\133\jl\classes.jar obj\Debug\net9.0-android\lp\134\jl\classes.jar obj\Debug\net9.0-android\lp\135\jl\classes.jar obj\Debug\net9.0-android\lp\136\jl\classes.jar obj\Debug\net9.0-android\lp\137\jl\classes.jar obj\Debug\net9.0-android\lp\138\jl\classes.jar obj\Debug\net9.0-android\lp\139\jl\classes.jar obj\Debug\net9.0-android\lp\140\jl\classes.jar obj\Debug\net9.0-android\lp\141\jl\classes.jar obj\Debug\net9.0-android\lp\142\jl\classes.jar obj\Debug\net9.0-android\lp\144\jl\classes.jar obj\Debug\net9.0-android\lp\145\jl\classes.jar obj\Debug\net9.0-android\lp\146\jl\classes.jar obj\Debug\net9.0-android\lp\147\jl\classes.jar obj\Debug\net9.0-android\lp\148\jl\classes.jar obj\Debug\net9.0-android\lp\149\jl\classes.jar obj\Debug\net9.0-android\lp\150\jl\classes.jar obj\Debug\net9.0-android\lp\151\jl\classes.jar obj\Debug\net9.0-android\lp\152\jl\classes.jar obj\Debug\net9.0-android\lp\153\jl\classes.jar obj\Debug\net9.0-android\lp\154\jl\libs\ED64959F88B22E6D.jar obj\Debug\net9.0-android\lp\155\jl\libs\2E7FD15AFA9B216B.jar obj\Debug\net9.0-android\lp\157\jl\classes.jar obj\Debug\net9.0-android\lp\160\jl\libs\659D48BEBA477FDD.jar obj\Debug\net9.0-android\lp\161\jl\libs\95D547F40BE4687C.jar obj\Debug\net9.0-android\lp\162\jl\classes.jar obj\Debug\net9.0-android\lp\163\jl\classes.jar obj\Debug\net9.0-android\lp\164\jl\libs\F975D0960055A5E3.jar obj\Debug\net9.0-android\lp\165\jl\libs\B71CFF5D5A0B3AEB.jar obj\Debug\net9.0-android\lp\166\jl\libs\8F2EB7DF0BED3603.jar obj\Debug\net9.0-android\lp\167\jl\libs\8956669C0037225B.jar obj\Debug\net9.0-android\lp\168\jl\libs\05D34BA5CA8637CF.jar obj\Debug\net9.0-android\lp\169\jl\libs\DCFB018199B59345.jar obj\Debug\net9.0-android\lp\170\jl\libs\F91D79B39A269A7E.jar obj\Debug\net9.0-android\lp\171\jl\libs\327D95CCFE836D7B.jar obj\Debug\net9.0-android\lp\172\jl\libs\C7DE71AD77BC3A1F.jar obj\Debug\net9.0-android\lp\173\jl\libs\F01C7EADE990A004.jar obj\Debug\net9.0-android\lp\174\jl\libs\F6DB49E0CC905A9A.jar obj\Debug\net9.0-android\lp\175\jl\libs\A1A754E9E8693F85.jar obj\Debug\net9.0-android\lp\176\jl\libs\B7446A23346A729D.jar obj\Debug\net9.0-android\lp\177\jl\libs\623E6E29E2058512.jar --map-diagnostics warning info

Host: Intel(R) Core(TM) i5 CPU       M 460  @ 2.53GHz, 4 cores, 3G,  Windows 10 , 64 bit Build 19041 (10.0.19041.5198)
Time: Thu Aug 20 04:59:11 2026 E. Europe Summer Time elapsed time: 62.724151 seconds (0d 0h 1m 2s)

---------------  T H R E A D  ---------------

Current thread (0x00000214fa846d50):  JavaThread "C2 CompilerThread0" daemon [_thread_in_native, id=1624, stack(0x000000590dc00000,0x000000590dd00000)]


Current CompileTask:
C2:  62725 9212 %     4       com.android.tools.r8.internal.Wm::b @ 647 (3611 bytes)

Stack: [0x000000590dc00000,0x000000590dd00000],  sp=0x000000590dcfb5a0,  free space=1005k
Native frames: (J=compiled Java code, j=interpreted, Vv=VM code, C=native code)
V  [jvm.dll+0x222193]
V  [jvm.dll+0x6ac28a]
V  [jvm.dll+0x21be17]
V  [jvm.dll+0x219b1b]
V  [jvm.dll+0x1a5596]
V  [jvm.dll+0x22a27a]
V  [jvm.dll+0x2283bb]
V  [jvm.dll+0x7f4f48]
V  [jvm.dll+0x7ef2ac]
V  [jvm.dll+0x687597]
C  [ucrtbase.dll+0x21bb2]
C  [KERNEL32.DLL+0x17374]
C  [ntdll.dll+0x4cc91]


siginfo: EXCEPTION_ACCESS_VIOLATION (0xc0000005), reading address 0x0000001000000002


Registers:
RAX=0x00000214c19b3fd0, RBX=0x000000590dcfccb0, RCX=0x0000000000000000, RDX=0x0000021517b38ba0
RSP=0x000000590dcfb5a0, RBP=0x000000590dcfd7f0, RSI=0x0000000000001a3d, RDI=0x0000001000000002
R8 =0x0000000000010000, R9 =0x0000000000000070, R10=0x00007ffb90850000, R11=0x00007ffb90861ab2
R12=0x0000000000000210, R13=0x00000214c19b5d00, R14=0x0000000000000020, R15=0x0000000000000010
RIP=0x00007ffb603e2193, EFLAGS=0x0000000000010246


Register to memory mapping:

RIP=0x00007ffb603e2193 jvm.dll
RAX=0x00000214c19b3fd0 points into unknown readable memory: 0x00007ffb60ae2d68 | 68 2d ae 60 fb 7f 00 00
RBX=0x000000590dcfccb0 is pointing into the stack for thread: 0x00000214fa846d50
RCX=0x0 is NULL
RDX=0x0000021517b38ba0 points into unknown readable memory: 0x0000000000010000 | 00 00 01 00 00 00 00 00
RSP=0x000000590dcfb5a0 is pointing into the stack for thread: 0x00000214fa846d50
RBP=0x000000590dcfd7f0 is pointing into the stack for thread: 0x00000214fa846d50
RSI=0x0000000000001a3d is an unknown value
RDI=0x0000001000000002 is an unknown value
R8 =0x0000000000010000 is an unknown value
R9 =0x0000000000000070 is an unknown value
R10=0x00007ffb90850000 VCRUNTIME140.dll
R11=0x00007ffb90861ab2 VCRUNTIME140.dll
R12=0x0000000000000210 is an unknown value
R13=0x00000214c19b5d00 points into unknown readable memory: 0x0000000000000000 | 00 00 00 00 00 00 00 00
R14=0x0000000000000020 is an unknown value
R15=0x0000000000000010 is an unknown value


Top of Stack: (sp=0x000000590dcfb5a0)
0x000000590dcfb5a0:   000000590dcfccb0 000000590dcfd7f0
0x000000590dcfb5b0:   000000590dcfe7f0 0000000000003719
0x000000590dcfb5c0:   000000590dcfdd80 00007ffb60a5ebf2
0x000000590dcfb5d0:   000000590dcfe928 0000000000000050
0x000000590dcfb5e0:   000000590dcfcca0 00007ffb6086c28a
0x000000590dcfb5f0:   00000059000013a8 000000590dcfd7f0
0x000000590dcfb600:   0000000000000003 000000590dcfb6a0
0x000000590dcfb610:   0000000000000400 00000214c17e0f80
0x000000590dcfb620:   0000000000000400 00000214fa83a1c0
0x000000590dcfb630:   0000000000000022 00007ffb60a5ebf2
0x000000590dcfb640:   00000214fa83a1c0 0000000000000003
0x000000590dcfb650:   000000590dcfe928 0000000000000050
0x000000590dcfb660:   000000590dcfb770 00007ffb603dbe17
0x000000590dcfb670:   000000590dcfe7f0 000000590dcfdd80
0x000000590dcfb680:   000000590dcfd7f0 000000590dcfe7f0
0x000000590dcfb690:   0000005900000003 00007ffb6026d1fe
0x000000590dcfb6a0:   000000590dcfe928 0000000000000004
0x000000590dcfb6b0:   00000214c3c2b730 0000021400000000
0x000000590dcfb6c0:   0000021400000002 00000214c3c2b750
0x000000590dcfb6d0:   0000000000000002 000000590dcfe928
0x000000590dcfb6e0:   0000000000000000 00007ffb60b0adc0
0x000000590dcfb6f0:   00000214c43e3900 00000214c43e4168
0x000000590dcfb700:   00000214c43e0000 0000000000000000
0x000000590dcfb710:   000000590dcfea60 0000000000000000
0x000000590dcfb720:   00000214c43e41f8 00007ffb60a5ebf2
0x000000590dcfb730:   0000000000000000 0000000000000000
0x000000590dcfb740:   0000000000000000 00007ffb60a5ebf2
0x000000590dcfb750:   00000214c43e4100 00000214c43e41f8
0x000000590dcfb760:   00000214c43e41f8 00007ffb607ea103
0x000000590dcfb770:   00000214c17e6f68 00000214fa83a1c0
0x000000590dcfb780:   00000214c3abab90 00000214c3adaba0
0x000000590dcfb790:   00000214c3adaba0 000000000011ff50 

Instructions: (pc=0x00007ffb603e2193)
0x00007ffb603e2093:   99 27 e8 ff 41 8b c6 48 f7 d8 4d 8d 3c c7 4c 3b
0x00007ffb603e20a3:   fe 0f 83 26 fe ff ff 4c 8b 74 24 30 4c 8b 64 24
0x00007ffb603e20b3:   38 48 8b 7c 24 40 48 8b ac 24 80 00 00 00 48 83
0x00007ffb603e20c3:   c4 48 41 5f 41 5d 5e 5b c3 cc cc cc cc 40 53 56
0x00007ffb603e20d3:   57 48 83 ec 30 8b b9 40 02 00 00 48 8b da 2b b9
0x00007ffb603e20e3:   68 02 00 00 48 8b f1 3b 7a 08 72 0a 8b d7 48 8b
0x00007ffb603e20f3:   cb e8 47 36 44 00 48 8b 43 10 48 c7 04 f8 00 00
0x00007ffb603e2103:   00 00 48 8b 96 d0 02 00 00 48 85 d2 74 08 48 8b
0x00007ffb603e2113:   cb e8 17 27 e8 ff 48 8b 96 d8 02 00 00 48 85 d2
0x00007ffb603e2123:   74 08 48 8b cb e8 03 27 e8 ff 33 c0 89 44 24 50
0x00007ffb603e2133:   39 43 18 0f 86 f8 00 00 00 48 89 6c 24 58 4c 89
0x00007ffb603e2143:   64 24 60 4c 89 6c 24 68 4c 89 74 24 28 4c 89 7c
0x00007ffb603e2153:   24 20 66 66 66 0f 1f 84 00 00 00 00 00 8b c8 48
0x00007ffb603e2163:   8b 43 10 4c 8b 2c c8 41 8b 45 1c 85 c0 0f 84 92
0x00007ffb603e2173:   00 00 00 45 33 f6 44 8b e0 0f 1f 40 00 49 8b 45
0x00007ffb603e2183:   08 49 8b 3c 06 48 85 ff 74 6d 40 f6 c7 01 75 67
0x00007ffb603e2193:   48 83 3f fe 74 61 44 8b 7f 28 41 8b f7 c1 ee 05
0x00007ffb603e21a3:   3b 73 20 72 0b 8b d6 48 8d 4b 20 e8 bd 72 60 00
0x00007ffb603e21b3:   48 8b 43 28 41 83 e7 1f 48 8d 14 b0 41 0f b6 cf
0x00007ffb603e21c3:   41 b8 01 00 00 00 41 d3 e0 8b 0a 8b c1 41 0b c0
0x00007ffb603e21d3:   89 02 41 85 c8 75 20 8b 73 18 8d 46 01 89 43 18
0x00007ffb603e21e3:   3b 73 08 72 0a 8b d6 48 8b cb e8 4e 35 44 00 48
0x00007ffb603e21f3:   8b 43 10 48 89 3c f0 49 83 c6 08 49 83 ec 01 0f
0x00007ffb603e2203:   85 78 ff ff ff 8b 44 24 50 ff c0 89 44 24 50 3b
0x00007ffb603e2213:   43 18 0f 82 45 ff ff ff 4c 8b 7c 24 20 4c 8b 74
0x00007ffb603e2223:   24 28 4c 8b 6c 24 68 4c 8b 64 24 60 48 8b 6c 24
0x00007ffb603e2233:   58 48 83 c4 30 5f 5e 5b c3 cc cc cc cc 40 53 48
0x00007ffb603e2243:   83 ec 20 48 8b 81 e0 02 00 00 48 8b d9 48 85 c0
0x00007ffb603e2253:   75 27 e8 e6 39 00 00 48 8b d0 48 8b 48 10 48 8b
0x00007ffb603e2263:   01 48 3b c2 74 06 83 78 38 02 74 06 48 83 c1 08
0x00007ffb603e2273:   eb ec 48 89 83 e0 02 00 00 48 83 c4 20 5b c3 cc
0x00007ffb603e2283:   cc cc cc cc cc cc cc cc cc cc cc cc cc 48 8b c4 


Stack slot to memory mapping:
stack at sp + 0 slots: 0x000000590dcfccb0 is pointing into the stack for thread: 0x00000214fa846d50
stack at sp + 1 slots: 0x000000590dcfd7f0 is pointing into the stack for thread: 0x00000214fa846d50
stack at sp + 2 slots: 0x000000590dcfe7f0 is pointing into the stack for thread: 0x00000214fa846d50
stack at sp + 3 slots: 0x0000000000003719 is an unknown value
stack at sp + 4 slots: 0x000000590dcfdd80 is pointing into the stack for thread: 0x00000214fa846d50
stack at sp + 5 slots: 0x00007ffb60a5ebf2 jvm.dll
stack at sp + 6 slots: 0x000000590dcfe928 is pointing into the stack for thread: 0x00000214fa846d50
stack at sp + 7 slots: 0x0000000000000050 is an unknown value


---------------  P R O C E S S  ---------------

Threads class SMR info:
_java_thread_list=0x00000214fa95fa50, length=15, elements={
0x00000214df25b7c0, 0x00000214fa827c20, 0x00000214fa8289b0, 0x00000214fa83dab0,
0x00000214fa8414a0, 0x00000214fa841d70, 0x00000214fa842c50, 0x00000214fa846d50,
0x00000214fa850a90, 0x00000214fa85fbd0, 0x00000214fa983240, 0x00000214fa9879e0,
0x00000214ff468710, 0x00000214c132b610, 0x00000214c12d8e50
}

Java Threads: ( => current thread )
  0x00000214df25b7c0 JavaThread "main" [_thread_blocked, id=7236, stack(0x000000590cf00000,0x000000590d000000)]
  0x00000214fa827c20 JavaThread "Reference Handler" daemon [_thread_blocked, id=3872, stack(0x000000590d600000,0x000000590d700000)]
  0x00000214fa8289b0 JavaThread "Finalizer" daemon [_thread_blocked, id=9328, stack(0x000000590d700000,0x000000590d800000)]
  0x00000214fa83dab0 JavaThread "Signal Dispatcher" daemon [_thread_blocked, id=6380, stack(0x000000590d800000,0x000000590d900000)]
  0x00000214fa8414a0 JavaThread "Attach Listener" daemon [_thread_blocked, id=8472, stack(0x000000590d900000,0x000000590da00000)]
  0x00000214fa841d70 JavaThread "Service Thread" daemon [_thread_blocked, id=3912, stack(0x000000590da00000,0x000000590db00000)]
  0x00000214fa842c50 JavaThread "Monitor Deflation Thread" daemon [_thread_blocked, id=9632, stack(0x000000590db00000,0x000000590dc00000)]
=>0x00000214fa846d50 JavaThread "C2 CompilerThread0" daemon [_thread_in_native, id=1624, stack(0x000000590dc00000,0x000000590dd00000)]
  0x00000214fa850a90 JavaThread "C1 CompilerThread0" daemon [_thread_blocked, id=2592, stack(0x000000590dd00000,0x000000590de00000)]
  0x00000214fa85fbd0 JavaThread "Sweeper thread" daemon [_thread_blocked, id=5884, stack(0x000000590de00000,0x000000590df00000)]
  0x00000214fa983240 JavaThread "Notification Thread" daemon [_thread_blocked, id=5260, stack(0x000000590df00000,0x000000590e000000)]
  0x00000214fa9879e0 JavaThread "Common-Cleaner" daemon [_thread_blocked, id=2288, stack(0x000000590e100000,0x000000590e200000)]
  0x00000214ff468710 JavaThread "ForkJoinPool-1-worker-1" daemon [_thread_in_Java, id=1056, stack(0x000000590e200000,0x000000590e300000)]
  0x00000214c132b610 JavaThread "ForkJoinPool-1-worker-2" daemon [_thread_in_vm, id=2748, stack(0x000000590e800000,0x000000590e900000)]
  0x00000214c12d8e50 JavaThread "C2 CompilerThread1" daemon [_thread_in_native, id=7400, stack(0x000000590e900000,0x000000590ea00000)]

Other Threads:
  0x00000214fa822670 VMThread "VM Thread" [stack: 0x000000590d500000,0x000000590d600000] [id=1132]
  0x00000214fa987740 WatcherThread [stack: 0x000000590e000000,0x000000590e100000] [id=7048]
  0x00000214df2995b0 GCTaskThread "GC Thread#0" [stack: 0x000000590d000000,0x000000590d100000] [id=10880]
  0x00000214ff02b480 GCTaskThread "GC Thread#1" [stack: 0x000000590e300000,0x000000590e400000] [id=11212]
  0x00000214fab3afe0 GCTaskThread "GC Thread#2" [stack: 0x000000590e400000,0x000000590e500000] [id=664]
  0x00000214ff4279e0 GCTaskThread "GC Thread#3" [stack: 0x000000590e500000,0x000000590e600000] [id=9540]
  0x00000214df2a2410 ConcurrentGCThread "G1 Main Marker" [stack: 0x000000590d100000,0x000000590d200000] [id=7088]
  0x00000214df2a34e0 ConcurrentGCThread "G1 Conc#0" [stack: 0x000000590d200000,0x000000590d300000] [id=6412]
  0x00000214df30eb80 ConcurrentGCThread "G1 Refine#0" [stack: 0x000000590d300000,0x000000590d400000] [id=9364]
  0x00000214faa591e0 ConcurrentGCThread "G1 Refine#1" [stack: 0x000000590e600000,0x000000590e700000] [id=4312]
  0x00000214c13384d0 ConcurrentGCThread "G1 Refine#2" [stack: 0x000000590e700000,0x000000590e800000] [id=3140]
  0x00000214c101cd00 ConcurrentGCThread "G1 Refine#3" [stack: 0x000000590ea00000,0x000000590eb00000] [id=9680]
  0x00000214fa6d6610 ConcurrentGCThread "G1 Service" [stack: 0x000000590d400000,0x000000590d500000] [id=8548]

Threads with active compile tasks:
C2 CompilerThread0    62822 9212 %     4       com.android.tools.r8.internal.Wm::b @ 647 (3611 bytes)
C2 CompilerThread1    62822 9234       4       com.android.tools.r8.internal.Qk0::a (818 bytes)

VM state: not at safepoint (normal execution)

VM Mutex/Monitor currently owned by a thread: None

Heap address: 0x00000000c0000000, size: 1024 MB, Compressed Oops mode: 32-bit

CDS archive(s) mapped at: [0x0000021480000000-0x0000021480bb0000-0x0000021480bb0000), size 12255232, SharedBaseAddress: 0x0000021480000000, ArchiveRelocationMode: 1.
Compressed class space mapped at: 0x0000021481000000-0x00000214c1000000, reserved size: 1073741824
Narrow klass base: 0x0000021480000000, Narrow klass shift: 0, Narrow klass range: 0x100000000

GC Precious Log:
 CPUs: 4 total, 4 available
 Memory: 3886M
 Large Page Support: Disabled
 NUMA Support: Disabled
 Compressed Oops: Enabled (32-bit)
 Heap Region Size: 1M
 Heap Min Capacity: 8M
 Heap Initial Capacity: 62M
 Heap Max Capacity: 1G
 Pre-touch: Disabled
 Parallel Workers: 4
 Concurrent Workers: 1
 Concurrent Refinement Workers: 4
 Periodic GC: Disabled

Heap:
 garbage-first heap   total 628736K, used 333006K [0x00000000c0000000, 0x0000000100000000)
  region size 1024K, 30 young (30720K), 17 survivors (17408K)
 Metaspace       used 20252K, committed 20544K, reserved 1114112K
  class space    used 2539K, committed 2688K, reserved 1048576K

Heap Regions: E=young(eden), S=young(survivor), O=old, HS=humongous(starts), HC=humongous(continues), CS=collection set, F=free, OA=open archive, CA=closed archive, TAMS=top-at-mark-start (previous, next)
|   0|0x00000000c0000000, 0x00000000c0100000, 0x00000000c0100000|100%|HS|  |TAMS 0x00000000c0100000, 0x00000000c0000000| Complete 
|   1|0x00000000c0100000, 0x00000000c0200000, 0x00000000c0200000|100%| O|  |TAMS 0x00000000c0200000, 0x00000000c0100000| Untracked 
|   2|0x00000000c0200000, 0x00000000c0300000, 0x00000000c0300000|100%| O|  |TAMS 0x00000000c0200000, 0x00000000c0200000| Untracked 
|   3|0x00000000c0300000, 0x00000000c0400000, 0x00000000c0400000|100%| O|  |TAMS 0x00000000c0400000, 0x00000000c0300000| Untracked 
|   4|0x00000000c0400000, 0x00000000c0500000, 0x00000000c0500000|100%| O|  |TAMS 0x00000000c0400000, 0x00000000c0400000| Untracked 
|   5|0x00000000c0500000, 0x00000000c0600000, 0x00000000c0600000|100%| O|  |TAMS 0x00000000c0500000, 0x00000000c0500000| Untracked 
|   6|0x00000000c0600000, 0x00000000c0700000, 0x00000000c0700000|100%| O|  |TAMS 0x00000000c0700000, 0x00000000c0600000| Untracked 
|   7|0x00000000c0700000, 0x00000000c0800000, 0x00000000c0800000|100%| O|  |TAMS 0x00000000c0800000, 0x00000000c0700000| Untracked 
|   8|0x00000000c0800000, 0x00000000c0900000, 0x00000000c0900000|100%| O|  |TAMS 0x00000000c0900000, 0x00000000c0800000| Untracked 
|   9|0x00000000c0900000, 0x00000000c0a00000, 0x00000000c0a00000|100%| O|  |TAMS 0x00000000c0900000, 0x00000000c0900000| Untracked 
|  10|0x00000000c0a00000, 0x00000000c0b00000, 0x00000000c0b00000|100%| O|  |TAMS 0x00000000c0b00000, 0x00000000c0a00000| Untracked 
|  11|0x00000000c0b00000, 0x00000000c0c00000, 0x00000000c0c00000|100%| O|  |TAMS 0x00000000c0c00000, 0x00000000c0b00000| Untracked 
|  12|0x00000000c0c00000, 0x00000000c0d00000, 0x00000000c0d00000|100%|HS|  |TAMS 0x00000000c0d00000, 0x00000000c0c00000| Complete 
|  13|0x00000000c0d00000, 0x00000000c0e00000, 0x00000000c0e00000|100%|HC|  |TAMS 0x00000000c0e00000, 0x00000000c0d00000| Complete 
|  14|0x00000000c0e00000, 0x00000000c0f00000, 0x00000000c0f00000|100%| O|  |TAMS 0x00000000c0f00000, 0x00000000c0e00000| Untracked 
|  15|0x00000000c0f00000, 0x00000000c1000000, 0x00000000c1000000|100%| O|  |TAMS 0x00000000c1000000, 0x00000000c0f00000| Untracked 
|  16|0x00000000c1000000, 0x00000000c1100000, 0x00000000c1100000|100%| O|  |TAMS 0x00000000c1100000, 0x00000000c1000000| Untracked 
|  17|0x00000000c1100000, 0x00000000c1200000, 0x00000000c1200000|100%| O|  |TAMS 0x00000000c1200000, 0x00000000c1100000| Untracked 
|  18|0x00000000c1200000, 0x00000000c1300000, 0x00000000c1300000|100%| O|  |TAMS 0x00000000c1300000, 0x00000000c1200000| Untracked 
|  19|0x00000000c1300000, 0x00000000c1400000, 0x00000000c1400000|100%| O|  |TAMS 0x00000000c1300000, 0x00000000c1300000| Untracked 
|  20|0x00000000c1400000, 0x00000000c1500000, 0x00000000c1500000|100%| O|  |TAMS 0x00000000c1500000, 0x00000000c1400000| Untracked 
|  21|0x00000000c1500000, 0x00000000c1600000, 0x00000000c1600000|100%| O|  |TAMS 0x00000000c1500000, 0x00000000c1500000| Untracked 
|  22|0x00000000c1600000, 0x00000000c1700000, 0x00000000c1700000|100%| O|  |TAMS 0x00000000c1700000, 0x00000000c1600000| Untracked 
|  23|0x00000000c1700000, 0x00000000c1800000, 0x00000000c1800000|100%| O|  |TAMS 0x00000000c1700000, 0x00000000c1700000| Untracked 
|  24|0x00000000c1800000, 0x00000000c1900000, 0x00000000c1900000|100%| O|  |TAMS 0x00000000c1800000, 0x00000000c1800000| Untracked 
|  25|0x00000000c1900000, 0x00000000c1a00000, 0x00000000c1a00000|100%| O|  |TAMS 0x00000000c1900000, 0x00000000c1900000| Untracked 
|  26|0x00000000c1a00000, 0x00000000c1b00000, 0x00000000c1b00000|100%| O|  |TAMS 0x00000000c1a00000, 0x00000000c1a00000| Untracked 
|  27|0x00000000c1b00000, 0x00000000c1bb3800, 0x00000000c1c00000| 70%| O|  |TAMS 0x00000000c1b00000, 0x00000000c1b00000| Untracked 
|  28|0x00000000c1c00000, 0x00000000c1c00000, 0x00000000c1d00000|  0%| F|  |TAMS 0x00000000c1c00000, 0x00000000c1c00000| Untracked 
|  29|0x00000000c1d00000, 0x00000000c1d00000, 0x00000000c1e00000|  0%| F|  |TAMS 0x00000000c1d00000, 0x00000000c1d00000| Untracked 
|  30|0x00000000c1e00000, 0x00000000c1e00000, 0x00000000c1f00000|  0%| F|  |TAMS 0x00000000c1e00000, 0x00000000c1e00000| Untracked 
|  31|0x00000000c1f00000, 0x00000000c1f00000, 0x00000000c2000000|  0%| F|  |TAMS 0x00000000c1f00000, 0x00000000c1f00000| Untracked 
|  32|0x00000000c2000000, 0x00000000c2000000, 0x00000000c2100000|  0%| F|  |TAMS 0x00000000c2000000, 0x00000000c2000000| Untracked 
|  33|0x00000000c2100000, 0x00000000c2100000, 0x00000000c2200000|  0%| F|  |TAMS 0x00000000c2100000, 0x00000000c2100000| Untracked 
|  34|0x00000000c2200000, 0x00000000c2200000, 0x00000000c2300000|  0%| F|  |TAMS 0x00000000c2200000, 0x00000000c2200000| Untracked 
|  35|0x00000000c2300000, 0x00000000c2300000, 0x00000000c2400000|  0%| F|  |TAMS 0x00000000c2300000, 0x00000000c2300000| Untracked 
|  36|0x00000000c2400000, 0x00000000c2400000, 0x00000000c2500000|  0%| F|  |TAMS 0x00000000c2400000, 0x00000000c2400000| Untracked 
|  37|0x00000000c2500000, 0x00000000c2500000, 0x00000000c2600000|  0%| F|  |TAMS 0x00000000c2500000, 0x00000000c2500000| Untracked 
|  38|0x00000000c2600000, 0x00000000c2600000, 0x00000000c2700000|  0%| F|  |TAMS 0x00000000c2600000, 0x00000000c2600000| Untracked 
|  39|0x00000000c2700000, 0x00000000c2700000, 0x00000000c2800000|  0%| F|  |TAMS 0x00000000c2700000, 0x00000000c2700000| Untracked 
|  40|0x00000000c2800000, 0x00000000c2800000, 0x00000000c2900000|  0%| F|  |TAMS 0x00000000c2800000, 0x00000000c2800000| Untracked 
|  41|0x00000000c2900000, 0x00000000c2900000, 0x00000000c2a00000|  0%| F|  |TAMS 0x00000000c2900000, 0x00000000c2900000| Untracked 
|  42|0x00000000c2a00000, 0x00000000c2a00000, 0x00000000c2b00000|  0%| F|  |TAMS 0x00000000c2a00000, 0x00000000c2a00000| Untracked 
|  43|0x00000000c2b00000, 0x00000000c2b00000, 0x00000000c2c00000|  0%| F|  |TAMS 0x00000000c2b00000, 0x00000000c2b00000| Untracked 
|  44|0x00000000c2c00000, 0x00000000c2d00000, 0x00000000c2d00000|100%|HS|  |TAMS 0x00000000c2d00000, 0x00000000c2c00000| Complete 
|  45|0x00000000c2d00000, 0x00000000c2e00000, 0x00000000c2e00000|100%|HC|  |TAMS 0x00000000c2e00000, 0x00000000c2d00000| Complete 
|  46|0x00000000c2e00000, 0x00000000c2f00000, 0x00000000c2f00000|100%|HC|  |TAMS 0x00000000c2f00000, 0x00000000c2e00000| Complete 
|  47|0x00000000c2f00000, 0x00000000c3000000, 0x00000000c3000000|100%|HC|  |TAMS 0x00000000c3000000, 0x00000000c2f00000| Complete 
|  48|0x00000000c3000000, 0x00000000c3100000, 0x00000000c3100000|100%|HC|  |TAMS 0x00000000c3100000, 0x00000000c3000000| Complete 
|  49|0x00000000c3100000, 0x00000000c3200000, 0x00000000c3200000|100%|HC|  |TAMS 0x00000000c3200000, 0x00000000c3100000| Complete 
|  50|0x00000000c3200000, 0x00000000c3300000, 0x00000000c3300000|100%|HC|  |TAMS 0x00000000c3300000, 0x00000000c3200000| Complete 
|  51|0x00000000c3300000, 0x00000000c3300000, 0x00000000c3400000|  0%| F|  |TAMS 0x00000000c3300000, 0x00000000c3300000| Untracked 
|  52|0x00000000c3400000, 0x00000000c3400000, 0x00000000c3500000|  0%| F|  |TAMS 0x00000000c3400000, 0x00000000c3400000| Untracked 
|  53|0x00000000c3500000, 0x00000000c3500000, 0x00000000c3600000|  0%| F|  |TAMS 0x00000000c3500000, 0x00000000c3500000| Untracked 
|  54|0x00000000c3600000, 0x00000000c3600000, 0x00000000c3700000|  0%| F|  |TAMS 0x00000000c3600000, 0x00000000c3600000| Untracked 
|  55|0x00000000c3700000, 0x00000000c3700000, 0x00000000c3800000|  0%| F|  |TAMS 0x00000000c3700000, 0x00000000c3700000| Untracked 
|  56|0x00000000c3800000, 0x00000000c3900000, 0x00000000c3900000|100%| O|  |TAMS 0x00000000c3900000, 0x00000000c3800000| Untracked 
|  57|0x00000000c3900000, 0x00000000c3900000, 0x00000000c3a00000|  0%| F|  |TAMS 0x00000000c3900000, 0x00000000c3900000| Untracked 
|  58|0x00000000c3a00000, 0x00000000c3a00000, 0x00000000c3b00000|  0%| F|  |TAMS 0x00000000c3a00000, 0x00000000c3a00000| Untracked 
|  59|0x00000000c3b00000, 0x00000000c3b00000, 0x00000000c3c00000|  0%| F|  |TAMS 0x00000000c3b00000, 0x00000000c3b00000| Untracked 
|  60|0x00000000c3c00000, 0x00000000c3d00000, 0x00000000c3d00000|100%| O|  |TAMS 0x00000000c3d00000, 0x00000000c3c00000| Untracked 
|  61|0x00000000c3d00000, 0x00000000c3d00000, 0x00000000c3e00000|  0%| F|  |TAMS 0x00000000c3d00000, 0x00000000c3d00000| Untracked 
|  62|0x00000000c3e00000, 0x00000000c3f00000, 0x00000000c3f00000|100%| O|  |TAMS 0x00000000c3f00000, 0x00000000c3e00000| Untracked 
|  63|0x00000000c3f00000, 0x00000000c3f00000, 0x00000000c4000000|  0%| F|  |TAMS 0x00000000c3f00000, 0x00000000c3f00000| Untracked 
|  64|0x00000000c4000000, 0x00000000c4100000, 0x00000000c4100000|100%| O|  |TAMS 0x00000000c4100000, 0x00000000c4000000| Untracked 
|  65|0x00000000c4100000, 0x00000000c4200000, 0x00000000c4200000|100%| O|  |TAMS 0x00000000c4200000, 0x00000000c4100000| Untracked 
|  66|0x00000000c4200000, 0x00000000c4300000, 0x00000000c4300000|100%| O|  |TAMS 0x00000000c4300000, 0x00000000c4200000| Untracked 
|  67|0x00000000c4300000, 0x00000000c4400000, 0x00000000c4400000|100%| O|  |TAMS 0x00000000c4400000, 0x00000000c4300000| Untracked 
|  68|0x00000000c4400000, 0x00000000c4500000, 0x00000000c4500000|100%| O|  |TAMS 0x00000000c4500000, 0x00000000c4400000| Untracked 
|  69|0x00000000c4500000, 0x00000000c4600000, 0x00000000c4600000|100%| O|  |TAMS 0x00000000c4600000, 0x00000000c4500000| Untracked 
|  70|0x00000000c4600000, 0x00000000c4700000, 0x00000000c4700000|100%| O|  |TAMS 0x00000000c4700000, 0x00000000c4600000| Untracked 
|  71|0x00000000c4700000, 0x00000000c4800000, 0x00000000c4800000|100%| O|  |TAMS 0x00000000c4800000, 0x00000000c4700000| Untracked 
|  72|0x00000000c4800000, 0x00000000c4900000, 0x00000000c4900000|100%| O|  |TAMS 0x00000000c4900000, 0x00000000c4800000| Untracked 
|  73|0x00000000c4900000, 0x00000000c4a00000, 0x00000000c4a00000|100%| O|  |TAMS 0x00000000c4a00000, 0x00000000c4900000| Untracked 
|  74|0x00000000c4a00000, 0x00000000c4b00000, 0x00000000c4b00000|100%| O|  |TAMS 0x00000000c4b00000, 0x00000000c4a00000| Untracked 
|  75|0x00000000c4b00000, 0x00000000c4c00000, 0x00000000c4c00000|100%| O|  |TAMS 0x00000000c4c00000, 0x00000000c4b00000| Untracked 
|  76|0x00000000c4c00000, 0x00000000c4d00000, 0x00000000c4d00000|100%| O|  |TAMS 0x00000000c4d00000, 0x00000000c4c00000| Untracked 
|  77|0x00000000c4d00000, 0x00000000c4e00000, 0x00000000c4e00000|100%| O|  |TAMS 0x00000000c4e00000, 0x00000000c4d00000| Untracked 
|  78|0x00000000c4e00000, 0x00000000c4f00000, 0x00000000c4f00000|100%| O|  |TAMS 0x00000000c4f00000, 0x00000000c4e00000| Untracked 
|  79|0x00000000c4f00000, 0x00000000c5000000, 0x00000000c5000000|100%| O|  |TAMS 0x00000000c5000000, 0x00000000c4f00000| Untracked 
|  80|0x00000000c5000000, 0x00000000c5100000, 0x00000000c5100000|100%| O|  |TAMS 0x00000000c5100000, 0x00000000c5000000| Untracked 
|  81|0x00000000c5100000, 0x00000000c5200000, 0x00000000c5200000|100%| O|  |TAMS 0x00000000c5200000, 0x00000000c5100000| Untracked 
|  82|0x00000000c5200000, 0x00000000c5300000, 0x00000000c5300000|100%| O|  |TAMS 0x00000000c5300000, 0x00000000c5200000| Untracked 
|  83|0x00000000c5300000, 0x00000000c5400000, 0x00000000c5400000|100%| O|  |TAMS 0x00000000c5400000, 0x00000000c5300000| Untracked 
|  84|0x00000000c5400000, 0x00000000c5500000, 0x00000000c5500000|100%| O|  |TAMS 0x00000000c5500000, 0x00000000c5400000| Untracked 
|  85|0x00000000c5500000, 0x00000000c5600000, 0x00000000c5600000|100%| O|  |TAMS 0x00000000c5600000, 0x00000000c5500000| Untracked 
|  86|0x00000000c5600000, 0x00000000c5700000, 0x00000000c5700000|100%| O|  |TAMS 0x00000000c5700000, 0x00000000c5600000| Untracked 
|  87|0x00000000c5700000, 0x00000000c5800000, 0x00000000c5800000|100%| O|  |TAMS 0x00000000c5800000, 0x00000000c5700000| Untracked 
|  88|0x00000000c5800000, 0x00000000c5900000, 0x00000000c5900000|100%| O|  |TAMS 0x00000000c5900000, 0x00000000c5800000| Untracked 
|  89|0x00000000c5900000, 0x00000000c5a00000, 0x00000000c5a00000|100%| O|  |TAMS 0x00000000c5a00000, 0x00000000c5900000| Untracked 
|  90|0x00000000c5a00000, 0x00000000c5b00000, 0x00000000c5b00000|100%| O|  |TAMS 0x00000000c5b00000, 0x00000000c5a00000| Untracked 
|  91|0x00000000c5b00000, 0x00000000c5c00000, 0x00000000c5c00000|100%|HS|  |TAMS 0x00000000c5c00000, 0x00000000c5b00000| Complete 
|  92|0x00000000c5c00000, 0x00000000c5d00000, 0x00000000c5d00000|100%| O|  |TAMS 0x00000000c5d00000, 0x00000000c5c00000| Untracked 
|  93|0x00000000c5d00000, 0x00000000c5e00000, 0x00000000c5e00000|100%| O|  |TAMS 0x00000000c5e00000, 0x00000000c5d00000| Untracked 
|  94|0x00000000c5e00000, 0x00000000c5f00000, 0x00000000c5f00000|100%| O|  |TAMS 0x00000000c5f00000, 0x00000000c5e00000| Untracked 
|  95|0x00000000c5f00000, 0x00000000c6000000, 0x00000000c6000000|100%| O|  |TAMS 0x00000000c6000000, 0x00000000c5f00000| Untracked 
|  96|0x00000000c6000000, 0x00000000c6100000, 0x00000000c6100000|100%| O|  |TAMS 0x00000000c6100000, 0x00000000c6000000| Untracked 
|  97|0x00000000c6100000, 0x00000000c6200000, 0x00000000c6200000|100%| O|  |TAMS 0x00000000c6200000, 0x00000000c6100000| Untracked 
|  98|0x00000000c6200000, 0x00000000c6300000, 0x00000000c6300000|100%| O|  |TAMS 0x00000000c6300000, 0x00000000c6200000| Untracked 
|  99|0x00000000c6300000, 0x00000000c6400000, 0x00000000c6400000|100%| O|  |TAMS 0x00000000c6400000, 0x00000000c6300000| Untracked 
| 100|0x00000000c6400000, 0x00000000c6500000, 0x00000000c6500000|100%| O|  |TAMS 0x00000000c6500000, 0x00000000c6400000| Untracked 
| 101|0x00000000c6500000, 0x00000000c6600000, 0x00000000c6600000|100%| O|  |TAMS 0x00000000c6600000, 0x00000000c6500000| Untracked 
| 102|0x00000000c6600000, 0x00000000c6700000, 0x00000000c6700000|100%| O|  |TAMS 0x00000000c6700000, 0x00000000c6600000| Untracked 
| 103|0x00000000c6700000, 0x00000000c6800000, 0x00000000c6800000|100%| O|  |TAMS 0x00000000c6800000, 0x00000000c6700000| Untracked 
| 104|0x00000000c6800000, 0x00000000c6900000, 0x00000000c6900000|100%| O|  |TAMS 0x00000000c6900000, 0x00000000c6800000| Untracked 
| 105|0x00000000c6900000, 0x00000000c6a00000, 0x00000000c6a00000|100%| O|  |TAMS 0x00000000c6a00000, 0x00000000c6900000| Untracked 
| 106|0x00000000c6a00000, 0x00000000c6b00000, 0x00000000c6b00000|100%| O|  |TAMS 0x00000000c6b00000, 0x00000000c6a00000| Untracked 
| 107|0x00000000c6b00000, 0x00000000c6c00000, 0x00000000c6c00000|100%| O|  |TAMS 0x00000000c6c00000, 0x00000000c6b00000| Untracked 
| 108|0x00000000c6c00000, 0x00000000c6d00000, 0x00000000c6d00000|100%| O|  |TAMS 0x00000000c6d00000, 0x00000000c6c00000| Untracked 
| 109|0x00000000c6d00000, 0x00000000c6e00000, 0x00000000c6e00000|100%| O|  |TAMS 0x00000000c6e00000, 0x00000000c6d00000| Untracked 
| 110|0x00000000c6e00000, 0x00000000c6f00000, 0x00000000c6f00000|100%| O|  |TAMS 0x00000000c6f00000, 0x00000000c6e00000| Untracked 
| 111|0x00000000c6f00000, 0x00000000c7000000, 0x00000000c7000000|100%| O|  |TAMS 0x00000000c7000000, 0x00000000c6f00000| Untracked 
| 112|0x00000000c7000000, 0x00000000c7100000, 0x00000000c7100000|100%| O|  |TAMS 0x00000000c7100000, 0x00000000c7000000| Untracked 
| 113|0x00000000c7100000, 0x00000000c7200000, 0x00000000c7200000|100%| O|  |TAMS 0x00000000c7200000, 0x00000000c7100000| Untracked 
| 114|0x00000000c7200000, 0x00000000c7300000, 0x00000000c7300000|100%| O|  |TAMS 0x00000000c7300000, 0x00000000c7200000| Untracked 
| 115|0x00000000c7300000, 0x00000000c7400000, 0x00000000c7400000|100%| O|  |TAMS 0x00000000c7400000, 0x00000000c7300000| Untracked 
| 116|0x00000000c7400000, 0x00000000c7500000, 0x00000000c7500000|100%|HS|  |TAMS 0x00000000c7500000, 0x00000000c7400000| Complete 
| 117|0x00000000c7500000, 0x00000000c7600000, 0x00000000c7600000|100%| O|  |TAMS 0x00000000c7600000, 0x00000000c7500000| Untracked 
| 118|0x00000000c7600000, 0x00000000c7700000, 0x00000000c7700000|100%| O|  |TAMS 0x00000000c7700000, 0x00000000c7600000| Untracked 
| 119|0x00000000c7700000, 0x00000000c7800000, 0x00000000c7800000|100%| O|  |TAMS 0x00000000c7800000, 0x00000000c7700000| Untracked 
| 120|0x00000000c7800000, 0x00000000c7900000, 0x00000000c7900000|100%| O|  |TAMS 0x00000000c7900000, 0x00000000c7800000| Untracked 
| 121|0x00000000c7900000, 0x00000000c7a00000, 0x00000000c7a00000|100%| O|  |TAMS 0x00000000c7a00000, 0x00000000c7900000| Untracked 
| 122|0x00000000c7a00000, 0x00000000c7b00000, 0x00000000c7b00000|100%| O|  |TAMS 0x00000000c7b00000, 0x00000000c7a00000| Untracked 
| 123|0x00000000c7b00000, 0x00000000c7c00000, 0x00000000c7c00000|100%| O|  |TAMS 0x00000000c7c00000, 0x00000000c7b00000| Untracked 
| 124|0x00000000c7c00000, 0x00000000c7d00000, 0x00000000c7d00000|100%| O|  |TAMS 0x00000000c7d00000, 0x00000000c7c00000| Untracked 
| 125|0x00000000c7d00000, 0x00000000c7e00000, 0x00000000c7e00000|100%| O|  |TAMS 0x00000000c7e00000, 0x00000000c7d00000| Untracked 
| 126|0x00000000c7e00000, 0x00000000c7f00000, 0x00000000c7f00000|100%| O|  |TAMS 0x00000000c7f00000, 0x00000000c7e00000| Untracked 
| 127|0x00000000c7f00000, 0x00000000c8000000, 0x00000000c8000000|100%| O|  |TAMS 0x00000000c8000000, 0x00000000c7f00000| Untracked 
| 128|0x00000000c8000000, 0x00000000c8100000, 0x00000000c8100000|100%| O|  |TAMS 0x00000000c8100000, 0x00000000c8000000| Untracked 
| 129|0x00000000c8100000, 0x00000000c8200000, 0x00000000c8200000|100%| O|  |TAMS 0x00000000c8200000, 0x00000000c8100000| Untracked 
| 130|0x00000000c8200000, 0x00000000c8300000, 0x00000000c8300000|100%| O|  |TAMS 0x00000000c8300000, 0x00000000c8200000| Untracked 
| 131|0x00000000c8300000, 0x00000000c8400000, 0x00000000c8400000|100%| O|  |TAMS 0x00000000c8400000, 0x00000000c8300000| Untracked 
| 132|0x00000000c8400000, 0x00000000c8500000, 0x00000000c8500000|100%| O|  |TAMS 0x00000000c8500000, 0x00000000c8400000| Untracked 
| 133|0x00000000c8500000, 0x00000000c8600000, 0x00000000c8600000|100%| O|  |TAMS 0x00000000c8600000, 0x00000000c8500000| Untracked 
| 134|0x00000000c8600000, 0x00000000c8700000, 0x00000000c8700000|100%| O|  |TAMS 0x00000000c8700000, 0x00000000c8600000| Untracked 
| 135|0x00000000c8700000, 0x00000000c8800000, 0x00000000c8800000|100%| O|  |TAMS 0x00000000c8800000, 0x00000000c8700000| Untracked 
| 136|0x00000000c8800000, 0x00000000c8900000, 0x00000000c8900000|100%| O|  |TAMS 0x00000000c8900000, 0x00000000c8800000| Untracked 
| 137|0x00000000c8900000, 0x00000000c8a00000, 0x00000000c8a00000|100%| O|  |TAMS 0x00000000c8a00000, 0x00000000c8900000| Untracked 
| 138|0x00000000c8a00000, 0x00000000c8b00000, 0x00000000c8b00000|100%| O|  |TAMS 0x00000000c8b00000, 0x00000000c8a00000| Untracked 
| 139|0x00000000c8b00000, 0x00000000c8c00000, 0x00000000c8c00000|100%| O|  |TAMS 0x00000000c8c00000, 0x00000000c8b00000| Untracked 
| 140|0x00000000c8c00000, 0x00000000c8d00000, 0x00000000c8d00000|100%| O|  |TAMS 0x00000000c8d00000, 0x00000000c8c00000| Untracked 
| 141|0x00000000c8d00000, 0x00000000c8e00000, 0x00000000c8e00000|100%| O|  |TAMS 0x00000000c8e00000, 0x00000000c8d00000| Untracked 
| 142|0x00000000c8e00000, 0x00000000c8f00000, 0x00000000c8f00000|100%| O|  |TAMS 0x00000000c8f00000, 0x00000000c8e00000| Untracked 
| 143|0x00000000c8f00000, 0x00000000c9000000, 0x00000000c9000000|100%| O|  |TAMS 0x00000000c9000000, 0x00000000c8f00000| Untracked 
| 144|0x00000000c9000000, 0x00000000c9100000, 0x00000000c9100000|100%| O|  |TAMS 0x00000000c9100000, 0x00000000c9000000| Untracked 
| 145|0x00000000c9100000, 0x00000000c9200000, 0x00000000c9200000|100%| O|  |TAMS 0x00000000c9200000, 0x00000000c9100000| Untracked 
| 146|0x00000000c9200000, 0x00000000c9300000, 0x00000000c9300000|100%| O|  |TAMS 0x00000000c9300000, 0x00000000c9200000| Untracked 
| 147|0x00000000c9300000, 0x00000000c9400000, 0x00000000c9400000|100%| O|  |TAMS 0x00000000c9400000, 0x00000000c9300000| Untracked 
| 148|0x00000000c9400000, 0x00000000c9500000, 0x00000000c9500000|100%| O|  |TAMS 0x00000000c9500000, 0x00000000c9400000| Untracked 
| 149|0x00000000c9500000, 0x00000000c9600000, 0x00000000c9600000|100%| O|  |TAMS 0x00000000c9600000, 0x00000000c9500000| Untracked 
| 150|0x00000000c9600000, 0x00000000c9700000, 0x00000000c9700000|100%| O|  |TAMS 0x00000000c9700000, 0x00000000c9600000| Untracked 
| 151|0x00000000c9700000, 0x00000000c9700000, 0x00000000c9800000|  0%| F|  |TAMS 0x00000000c9700000, 0x00000000c9700000| Untracked 
| 152|0x00000000c9800000, 0x00000000c9900000, 0x00000000c9900000|100%| O|  |TAMS 0x00000000c9900000, 0x00000000c9800000| Untracked 
| 153|0x00000000c9900000, 0x00000000c9a00000, 0x00000000c9a00000|100%| O|  |TAMS 0x00000000c9a00000, 0x00000000c9900000| Untracked 
| 154|0x00000000c9a00000, 0x00000000c9b00000, 0x00000000c9b00000|100%| O|  |TAMS 0x00000000c9b00000, 0x00000000c9a00000| Untracked 
| 155|0x00000000c9b00000, 0x00000000c9c00000, 0x00000000c9c00000|100%| O|  |TAMS 0x00000000c9c00000, 0x00000000c9b00000| Untracked 
| 156|0x00000000c9c00000, 0x00000000c9d00000, 0x00000000c9d00000|100%| O|  |TAMS 0x00000000c9d00000, 0x00000000c9c00000| Untracked 
| 157|0x00000000c9d00000, 0x00000000c9e00000, 0x00000000c9e00000|100%| O|  |TAMS 0x00000000c9e00000, 0x00000000c9d00000| Untracked 
| 158|0x00000000c9e00000, 0x00000000c9f00000, 0x00000000c9f00000|100%| O|  |TAMS 0x00000000c9f00000, 0x00000000c9e00000| Untracked 
| 159|0x00000000c9f00000, 0x00000000ca000000, 0x00000000ca000000|100%| O|  |TAMS 0x00000000ca000000, 0x00000000c9f00000| Untracked 
| 160|0x00000000ca000000, 0x00000000ca100000, 0x00000000ca100000|100%| O|  |TAMS 0x00000000ca100000, 0x00000000ca000000| Untracked 
| 161|0x00000000ca100000, 0x00000000ca200000, 0x00000000ca200000|100%| O|  |TAMS 0x00000000ca200000, 0x00000000ca100000| Untracked 
| 162|0x00000000ca200000, 0x00000000ca300000, 0x00000000ca300000|100%| O|  |TAMS 0x00000000ca300000, 0x00000000ca200000| Untracked 
| 163|0x00000000ca300000, 0x00000000ca400000, 0x00000000ca400000|100%| O|  |TAMS 0x00000000ca400000, 0x00000000ca300000| Untracked 
| 164|0x00000000ca400000, 0x00000000ca500000, 0x00000000ca500000|100%| O|  |TAMS 0x00000000ca500000, 0x00000000ca400000| Untracked 
| 165|0x00000000ca500000, 0x00000000ca600000, 0x00000000ca600000|100%| O|  |TAMS 0x00000000ca600000, 0x00000000ca500000| Untracked 
| 166|0x00000000ca600000, 0x00000000ca700000, 0x00000000ca700000|100%| O|  |TAMS 0x00000000ca700000, 0x00000000ca600000| Untracked 
| 167|0x00000000ca700000, 0x00000000ca800000, 0x00000000ca800000|100%| O|  |TAMS 0x00000000ca800000, 0x00000000ca700000| Untracked 
| 168|0x00000000ca800000, 0x00000000ca900000, 0x00000000ca900000|100%| O|  |TAMS 0x00000000ca900000, 0x00000000ca800000| Untracked 
| 169|0x00000000ca900000, 0x00000000caa00000, 0x00000000caa00000|100%| O|  |TAMS 0x00000000caa00000, 0x00000000ca900000| Untracked 
| 170|0x00000000caa00000, 0x00000000cab00000, 0x00000000cab00000|100%| O|  |TAMS 0x00000000cab00000, 0x00000000caa00000| Untracked 
| 171|0x00000000cab00000, 0x00000000cac00000, 0x00000000cac00000|100%| O|  |TAMS 0x00000000cac00000, 0x00000000cab00000| Untracked 
| 172|0x00000000cac00000, 0x00000000cad00000, 0x00000000cad00000|100%|HS|  |TAMS 0x00000000cad00000, 0x00000000cac00000| Complete 
| 173|0x00000000cad00000, 0x00000000cae00000, 0x00000000cae00000|100%|HC|  |TAMS 0x00000000cae00000, 0x00000000cad00000| Complete 
| 174|0x00000000cae00000, 0x00000000caf00000, 0x00000000caf00000|100%| O|  |TAMS 0x00000000caf00000, 0x00000000cae00000| Untracked 
| 175|0x00000000caf00000, 0x00000000cb000000, 0x00000000cb000000|100%| O|  |TAMS 0x00000000cb000000, 0x00000000caf00000| Untracked 
| 176|0x00000000cb000000, 0x00000000cb100000, 0x00000000cb100000|100%| O|  |TAMS 0x00000000cb100000, 0x00000000cb000000| Untracked 
| 177|0x00000000cb100000, 0x00000000cb200000, 0x00000000cb200000|100%| O|  |TAMS 0x00000000cb200000, 0x00000000cb100000| Untracked 
| 178|0x00000000cb200000, 0x00000000cb300000, 0x00000000cb300000|100%| O|  |TAMS 0x00000000cb300000, 0x00000000cb200000| Untracked 
| 179|0x00000000cb300000, 0x00000000cb400000, 0x00000000cb400000|100%| O|  |TAMS 0x00000000cb400000, 0x00000000cb300000| Untracked 
| 180|0x00000000cb400000, 0x00000000cb500000, 0x00000000cb500000|100%| O|  |TAMS 0x00000000cb500000, 0x00000000cb400000| Untracked 
| 181|0x00000000cb500000, 0x00000000cb600000, 0x00000000cb600000|100%| O|  |TAMS 0x00000000cb600000, 0x00000000cb500000| Untracked 
| 182|0x00000000cb600000, 0x00000000cb700000, 0x00000000cb700000|100%| O|  |TAMS 0x00000000cb700000, 0x00000000cb600000| Untracked 
| 183|0x00000000cb700000, 0x00000000cb800000, 0x00000000cb800000|100%| O|  |TAMS 0x00000000cb800000, 0x00000000cb700000| Untracked 
| 184|0x00000000cb800000, 0x00000000cb900000, 0x00000000cb900000|100%| O|  |TAMS 0x00000000cb900000, 0x00000000cb800000| Untracked 
| 185|0x00000000cb900000, 0x00000000cba00000, 0x00000000cba00000|100%| O|  |TAMS 0x00000000cba00000, 0x00000000cb900000| Untracked 
| 186|0x00000000cba00000, 0x00000000cbb00000, 0x00000000cbb00000|100%| O|  |TAMS 0x00000000cbb00000, 0x00000000cba00000| Untracked 
| 187|0x00000000cbb00000, 0x00000000cbc00000, 0x00000000cbc00000|100%| O|  |TAMS 0x00000000cbc00000, 0x00000000cbb00000| Untracked 
| 188|0x00000000cbc00000, 0x00000000cbd00000, 0x00000000cbd00000|100%| O|  |TAMS 0x00000000cbd00000, 0x00000000cbc00000| Untracked 
| 189|0x00000000cbd00000, 0x00000000cbe00000, 0x00000000cbe00000|100%| O|  |TAMS 0x00000000cbe00000, 0x00000000cbd00000| Untracked 
| 190|0x00000000cbe00000, 0x00000000cbf00000, 0x00000000cbf00000|100%| O|  |TAMS 0x00000000cbf00000, 0x00000000cbe00000| Untracked 
| 191|0x00000000cbf00000, 0x00000000cc000000, 0x00000000cc000000|100%| O|  |TAMS 0x00000000cc000000, 0x00000000cbf00000| Untracked 
| 192|0x00000000cc000000, 0x00000000cc100000, 0x00000000cc100000|100%| O|  |TAMS 0x00000000cc100000, 0x00000000cc000000| Untracked 
| 193|0x00000000cc100000, 0x00000000cc200000, 0x00000000cc200000|100%| O|  |TAMS 0x00000000cc200000, 0x00000000cc100000| Untracked 
| 194|0x00000000cc200000, 0x00000000cc300000, 0x00000000cc300000|100%| O|  |TAMS 0x00000000cc300000, 0x00000000cc200000| Untracked 
| 195|0x00000000cc300000, 0x00000000cc400000, 0x00000000cc400000|100%| O|  |TAMS 0x00000000cc400000, 0x00000000cc300000| Untracked 
| 196|0x00000000cc400000, 0x00000000cc500000, 0x00000000cc500000|100%| O|  |TAMS 0x00000000cc500000, 0x00000000cc400000| Untracked 
| 197|0x00000000cc500000, 0x00000000cc600000, 0x00000000cc600000|100%| O|  |TAMS 0x00000000cc600000, 0x00000000cc500000| Untracked 
| 198|0x00000000cc600000, 0x00000000cc700000, 0x00000000cc700000|100%| O|  |TAMS 0x00000000cc700000, 0x00000000cc600000| Untracked 
| 199|0x00000000cc700000, 0x00000000cc800000, 0x00000000cc800000|100%| O|  |TAMS 0x00000000cc800000, 0x00000000cc700000| Untracked 
| 200|0x00000000cc800000, 0x00000000cc900000, 0x00000000cc900000|100%| O|  |TAMS 0x00000000cc900000, 0x00000000cc800000| Untracked 
| 201|0x00000000cc900000, 0x00000000cca00000, 0x00000000cca00000|100%| O|  |TAMS 0x00000000cca00000, 0x00000000cc900000| Untracked 
| 202|0x00000000cca00000, 0x00000000ccb00000, 0x00000000ccb00000|100%| O|  |TAMS 0x00000000ccb00000, 0x00000000cca00000| Untracked 
| 203|0x00000000ccb00000, 0x00000000ccc00000, 0x00000000ccc00000|100%| O|  |TAMS 0x00000000ccc00000, 0x00000000ccb00000| Untracked 
| 204|0x00000000ccc00000, 0x00000000ccd00000, 0x00000000ccd00000|100%| O|  |TAMS 0x00000000ccd00000, 0x00000000ccc00000| Untracked 
| 205|0x00000000ccd00000, 0x00000000cce00000, 0x00000000cce00000|100%| O|  |TAMS 0x00000000cce00000, 0x00000000ccd00000| Untracked 
| 206|0x00000000cce00000, 0x00000000ccf00000, 0x00000000ccf00000|100%| O|  |TAMS 0x00000000ccf00000, 0x00000000cce00000| Untracked 
| 207|0x00000000ccf00000, 0x00000000cd000000, 0x00000000cd000000|100%| O|  |TAMS 0x00000000cd000000, 0x00000000ccf00000| Untracked 
| 208|0x00000000cd000000, 0x00000000cd100000, 0x00000000cd100000|100%| O|  |TAMS 0x00000000cd100000, 0x00000000cd000000| Untracked 
| 209|0x00000000cd100000, 0x00000000cd200000, 0x00000000cd200000|100%| O|  |TAMS 0x00000000cd200000, 0x00000000cd100000| Untracked 
| 210|0x00000000cd200000, 0x00000000cd300000, 0x00000000cd300000|100%| O|  |TAMS 0x00000000cd300000, 0x00000000cd200000| Untracked 
| 211|0x00000000cd300000, 0x00000000cd400000, 0x00000000cd400000|100%| O|  |TAMS 0x00000000cd400000, 0x00000000cd300000| Untracked 
| 212|0x00000000cd400000, 0x00000000cd500000, 0x00000000cd500000|100%| O|  |TAMS 0x00000000cd500000, 0x00000000cd400000| Untracked 
| 213|0x00000000cd500000, 0x00000000cd600000, 0x00000000cd600000|100%| O|  |TAMS 0x00000000cd600000, 0x00000000cd500000| Untracked 
| 214|0x00000000cd600000, 0x00000000cd700000, 0x00000000cd700000|100%| O|  |TAMS 0x00000000cd700000, 0x00000000cd600000| Untracked 
| 215|0x00000000cd700000, 0x00000000cd800000, 0x00000000cd800000|100%| O|  |TAMS 0x00000000cd800000, 0x00000000cd700000| Untracked 
| 216|0x00000000cd800000, 0x00000000cd900000, 0x00000000cd900000|100%| O|  |TAMS 0x00000000cd900000, 0x00000000cd800000| Untracked 
| 217|0x00000000cd900000, 0x00000000cda00000, 0x00000000cda00000|100%| O|  |TAMS 0x00000000cda00000, 0x00000000cd900000| Untracked 
| 218|0x00000000cda00000, 0x00000000cdb00000, 0x00000000cdb00000|100%| O|  |TAMS 0x00000000cdb00000, 0x00000000cda00000| Untracked 
| 219|0x00000000cdb00000, 0x00000000cdc00000, 0x00000000cdc00000|100%|HS|  |TAMS 0x00000000cdc00000, 0x00000000cdb00000| Complete 
| 220|0x00000000cdc00000, 0x00000000cdd00000, 0x00000000cdd00000|100%|HC|  |TAMS 0x00000000cdd00000, 0x00000000cdc00000| Complete 
| 221|0x00000000cdd00000, 0x00000000cde00000, 0x00000000cde00000|100%| O|  |TAMS 0x00000000cde00000, 0x00000000cdd00000| Untracked 
| 222|0x00000000cde00000, 0x00000000cdf00000, 0x00000000cdf00000|100%| O|  |TAMS 0x00000000cdf00000, 0x00000000cde00000| Untracked 
| 223|0x00000000cdf00000, 0x00000000ce000000, 0x00000000ce000000|100%| O|  |TAMS 0x00000000ce000000, 0x00000000cdf00000| Untracked 
| 224|0x00000000ce000000, 0x00000000ce100000, 0x00000000ce100000|100%| O|  |TAMS 0x00000000ce100000, 0x00000000ce000000| Untracked 
| 225|0x00000000ce100000, 0x00000000ce200000, 0x00000000ce200000|100%| O|  |TAMS 0x00000000ce200000, 0x00000000ce100000| Untracked 
| 226|0x00000000ce200000, 0x00000000ce300000, 0x00000000ce300000|100%| O|  |TAMS 0x00000000ce300000, 0x00000000ce200000| Untracked 
| 227|0x00000000ce300000, 0x00000000ce400000, 0x00000000ce400000|100%| O|  |TAMS 0x00000000ce400000, 0x00000000ce300000| Untracked 
| 228|0x00000000ce400000, 0x00000000ce500000, 0x00000000ce500000|100%| O|  |TAMS 0x00000000ce500000, 0x00000000ce400000| Untracked 
| 229|0x00000000ce500000, 0x00000000ce600000, 0x00000000ce600000|100%| O|  |TAMS 0x00000000ce600000, 0x00000000ce500000| Untracked 
| 230|0x00000000ce600000, 0x00000000ce700000, 0x00000000ce700000|100%| O|  |TAMS 0x00000000ce700000, 0x00000000ce600000| Untracked 
| 231|0x00000000ce700000, 0x00000000ce800000, 0x00000000ce800000|100%| O|  |TAMS 0x00000000ce800000, 0x00000000ce700000| Untracked 
| 232|0x00000000ce800000, 0x00000000ce900000, 0x00000000ce900000|100%| O|  |TAMS 0x00000000ce900000, 0x00000000ce800000| Untracked 
| 233|0x00000000ce900000, 0x00000000cea00000, 0x00000000cea00000|100%| O|  |TAMS 0x00000000cea00000, 0x00000000ce900000| Untracked 
| 234|0x00000000cea00000, 0x00000000ceb00000, 0x00000000ceb00000|100%| O|  |TAMS 0x00000000ceb00000, 0x00000000cea00000| Untracked 
| 235|0x00000000ceb00000, 0x00000000cec00000, 0x00000000cec00000|100%| O|  |TAMS 0x00000000cec00000, 0x00000000ceb00000| Untracked 
| 236|0x00000000cec00000, 0x00000000ced00000, 0x00000000ced00000|100%| O|  |TAMS 0x00000000ced00000, 0x00000000cec00000| Untracked 
| 237|0x00000000ced00000, 0x00000000cee00000, 0x00000000cee00000|100%| O|  |TAMS 0x00000000cee00000, 0x00000000ced00000| Untracked 
| 238|0x00000000cee00000, 0x00000000cef00000, 0x00000000cef00000|100%| O|  |TAMS 0x00000000cef00000, 0x00000000cee00000| Untracked 
| 239|0x00000000cef00000, 0x00000000cf000000, 0x00000000cf000000|100%| O|  |TAMS 0x00000000cf000000, 0x00000000cef00000| Untracked 
| 240|0x00000000cf000000, 0x00000000cf100000, 0x00000000cf100000|100%| O|  |TAMS 0x00000000cf100000, 0x00000000cf000000| Untracked 
| 241|0x00000000cf100000, 0x00000000cf200000, 0x00000000cf200000|100%| O|  |TAMS 0x00000000cf200000, 0x00000000cf100000| Untracked 
| 242|0x00000000cf200000, 0x00000000cf300000, 0x00000000cf300000|100%| O|  |TAMS 0x00000000cf300000, 0x00000000cf200000| Untracked 
| 243|0x00000000cf300000, 0x00000000cf400000, 0x00000000cf400000|100%| O|  |TAMS 0x00000000cf400000, 0x00000000cf300000| Untracked 
| 244|0x00000000cf400000, 0x00000000cf500000, 0x00000000cf500000|100%| O|  |TAMS 0x00000000cf500000, 0x00000000cf400000| Untracked 
| 245|0x00000000cf500000, 0x00000000cf600000, 0x00000000cf600000|100%| O|  |TAMS 0x00000000cf600000, 0x00000000cf500000| Untracked 
| 246|0x00000000cf600000, 0x00000000cf600000, 0x00000000cf700000|  0%| F|  |TAMS 0x00000000cf600000, 0x00000000cf600000| Untracked 
| 247|0x00000000cf700000, 0x00000000cf800000, 0x00000000cf800000|100%| O|  |TAMS 0x00000000cf800000, 0x00000000cf700000| Untracked 
| 248|0x00000000cf800000, 0x00000000cf900000, 0x00000000cf900000|100%| O|  |TAMS 0x00000000cf900000, 0x00000000cf800000| Untracked 
| 249|0x00000000cf900000, 0x00000000cfa00000, 0x00000000cfa00000|100%| O|  |TAMS 0x00000000cfa00000, 0x00000000cf900000| Untracked 
| 250|0x00000000cfa00000, 0x00000000cfb00000, 0x00000000cfb00000|100%| O|  |TAMS 0x00000000cfb00000, 0x00000000cfa00000| Untracked 
| 251|0x00000000cfb00000, 0x00000000cfc00000, 0x00000000cfc00000|100%| O|  |TAMS 0x00000000cfc00000, 0x00000000cfb00000| Untracked 
| 252|0x00000000cfc00000, 0x00000000cfd00000, 0x00000000cfd00000|100%| O|  |TAMS 0x00000000cfd00000, 0x00000000cfc00000| Untracked 
| 253|0x00000000cfd00000, 0x00000000cfe00000, 0x00000000cfe00000|100%| O|  |TAMS 0x00000000cfe00000, 0x00000000cfd00000| Untracked 
| 254|0x00000000cfe00000, 0x00000000cff00000, 0x00000000cff00000|100%| O|  |TAMS 0x00000000cff00000, 0x00000000cfe00000| Untracked 
| 255|0x00000000cff00000, 0x00000000d0000000, 0x00000000d0000000|100%| O|  |TAMS 0x00000000d0000000, 0x00000000cff00000| Untracked 
| 256|0x00000000d0000000, 0x00000000d0100000, 0x00000000d0100000|100%| O|  |TAMS 0x00000000d0100000, 0x00000000d0000000| Untracked 
| 257|0x00000000d0100000, 0x00000000d0200000, 0x00000000d0200000|100%| O|  |TAMS 0x00000000d0200000, 0x00000000d0100000| Untracked 
| 258|0x00000000d0200000, 0x00000000d0300000, 0x00000000d0300000|100%| O|  |TAMS 0x00000000d0300000, 0x00000000d0200000| Untracked 
| 259|0x00000000d0300000, 0x00000000d0400000, 0x00000000d0400000|100%| O|  |TAMS 0x00000000d0400000, 0x00000000d0300000| Untracked 
| 260|0x00000000d0400000, 0x00000000d0500000, 0x00000000d0500000|100%| O|  |TAMS 0x00000000d0500000, 0x00000000d0400000| Untracked 
| 261|0x00000000d0500000, 0x00000000d0600000, 0x00000000d0600000|100%| O|  |TAMS 0x00000000d0600000, 0x00000000d0500000| Untracked 
| 262|0x00000000d0600000, 0x00000000d0700000, 0x00000000d0700000|100%| O|  |TAMS 0x00000000d0700000, 0x00000000d0600000| Untracked 
| 263|0x00000000d0700000, 0x00000000d0800000, 0x00000000d0800000|100%| O|  |TAMS 0x00000000d0800000, 0x00000000d0700000| Untracked 
| 264|0x00000000d0800000, 0x00000000d0900000, 0x00000000d0900000|100%| O|  |TAMS 0x00000000d0900000, 0x00000000d0800000| Untracked 
| 265|0x00000000d0900000, 0x00000000d0a00000, 0x00000000d0a00000|100%| O|  |TAMS 0x00000000d0a00000, 0x00000000d0900000| Untracked 
| 266|0x00000000d0a00000, 0x00000000d0b00000, 0x00000000d0b00000|100%| O|  |TAMS 0x00000000d0b00000, 0x00000000d0a00000| Untracked 
| 267|0x00000000d0b00000, 0x00000000d0c00000, 0x00000000d0c00000|100%| O|  |TAMS 0x00000000d0c00000, 0x00000000d0b00000| Untracked 
| 268|0x00000000d0c00000, 0x00000000d0d00000, 0x00000000d0d00000|100%| O|  |TAMS 0x00000000d0d00000, 0x00000000d0c00000| Untracked 
| 269|0x00000000d0d00000, 0x00000000d0e00000, 0x00000000d0e00000|100%| O|  |TAMS 0x00000000d0e00000, 0x00000000d0d00000| Untracked 
| 270|0x00000000d0e00000, 0x00000000d0f00000, 0x00000000d0f00000|100%| O|  |TAMS 0x00000000d0f00000, 0x00000000d0e00000| Untracked 
| 271|0x00000000d0f00000, 0x00000000d1000000, 0x00000000d1000000|100%| O|  |TAMS 0x00000000d1000000, 0x00000000d0f00000| Untracked 
| 272|0x00000000d1000000, 0x00000000d1100000, 0x00000000d1100000|100%| O|  |TAMS 0x00000000d1100000, 0x00000000d1000000| Untracked 
| 273|0x00000000d1100000, 0x00000000d1200000, 0x00000000d1200000|100%| O|  |TAMS 0x00000000d1200000, 0x00000000d1100000| Untracked 
| 274|0x00000000d1200000, 0x00000000d1300000, 0x00000000d1300000|100%| O|  |TAMS 0x00000000d1300000, 0x00000000d1200000| Untracked 
| 275|0x00000000d1300000, 0x00000000d1400000, 0x00000000d1400000|100%| O|  |TAMS 0x00000000d1400000, 0x00000000d1300000| Untracked 
| 276|0x00000000d1400000, 0x00000000d1500000, 0x00000000d1500000|100%| O|  |TAMS 0x00000000d1500000, 0x00000000d1400000| Untracked 
| 277|0x00000000d1500000, 0x00000000d1600000, 0x00000000d1600000|100%| O|  |TAMS 0x00000000d1600000, 0x00000000d1500000| Untracked 
| 278|0x00000000d1600000, 0x00000000d1700000, 0x00000000d1700000|100%| O|  |TAMS 0x00000000d1700000, 0x00000000d1600000| Untracked 
| 279|0x00000000d1700000, 0x00000000d1800000, 0x00000000d1800000|100%| O|  |TAMS 0x00000000d1800000, 0x00000000d1700000| Untracked 
| 280|0x00000000d1800000, 0x00000000d1900000, 0x00000000d1900000|100%| O|  |TAMS 0x00000000d1900000, 0x00000000d1800000| Untracked 
| 281|0x00000000d1900000, 0x00000000d1a00000, 0x00000000d1a00000|100%| O|  |TAMS 0x00000000d1a00000, 0x00000000d1900000| Untracked 
| 282|0x00000000d1a00000, 0x00000000d1b00000, 0x00000000d1b00000|100%| O|  |TAMS 0x00000000d1b00000, 0x00000000d1a00000| Untracked 
| 283|0x00000000d1b00000, 0x00000000d1c00000, 0x00000000d1c00000|100%| O|  |TAMS 0x00000000d1c00000, 0x00000000d1b00000| Untracked 
| 284|0x00000000d1c00000, 0x00000000d1d00000, 0x00000000d1d00000|100%| O|  |TAMS 0x00000000d1d00000, 0x00000000d1c00000| Untracked 
| 285|0x00000000d1d00000, 0x00000000d1e00000, 0x00000000d1e00000|100%| O|  |TAMS 0x00000000d1e00000, 0x00000000d1d00000| Untracked 
| 286|0x00000000d1e00000, 0x00000000d1f00000, 0x00000000d1f00000|100%| O|  |TAMS 0x00000000d1f00000, 0x00000000d1e00000| Untracked 
| 287|0x00000000d1f00000, 0x00000000d2000000, 0x00000000d2000000|100%| O|  |TAMS 0x00000000d2000000, 0x00000000d1f00000| Untracked 
| 288|0x00000000d2000000, 0x00000000d2100000, 0x00000000d2100000|100%| O|  |TAMS 0x00000000d2100000, 0x00000000d2000000| Untracked 
| 289|0x00000000d2100000, 0x00000000d2200000, 0x00000000d2200000|100%| O|  |TAMS 0x00000000d2200000, 0x00000000d2100000| Untracked 
| 290|0x00000000d2200000, 0x00000000d2300000, 0x00000000d2300000|100%| O|  |TAMS 0x00000000d2300000, 0x00000000d2200000| Untracked 
| 291|0x00000000d2300000, 0x00000000d2400000, 0x00000000d2400000|100%| O|  |TAMS 0x00000000d2400000, 0x00000000d2300000| Untracked 
| 292|0x00000000d2400000, 0x00000000d2500000, 0x00000000d2500000|100%| O|  |TAMS 0x00000000d2500000, 0x00000000d2400000| Untracked 
| 293|0x00000000d2500000, 0x00000000d2600000, 0x00000000d2600000|100%| O|  |TAMS 0x00000000d2600000, 0x00000000d2500000| Untracked 
| 294|0x00000000d2600000, 0x00000000d2700000, 0x00000000d2700000|100%| O|  |TAMS 0x00000000d2700000, 0x00000000d2600000| Untracked 
| 295|0x00000000d2700000, 0x00000000d2800000, 0x00000000d2800000|100%| O|  |TAMS 0x00000000d2800000, 0x00000000d2700000| Untracked 
| 296|0x00000000d2800000, 0x00000000d2900000, 0x00000000d2900000|100%| O|  |TAMS 0x00000000d2900000, 0x00000000d2800000| Untracked 
| 297|0x00000000d2900000, 0x00000000d2a00000, 0x00000000d2a00000|100%| O|  |TAMS 0x00000000d2a00000, 0x00000000d2900000| Untracked 
| 298|0x00000000d2a00000, 0x00000000d2b00000, 0x00000000d2b00000|100%| O|  |TAMS 0x00000000d2b00000, 0x00000000d2a00000| Untracked 
| 299|0x00000000d2b00000, 0x00000000d2c00000, 0x00000000d2c00000|100%| O|  |TAMS 0x00000000d2c00000, 0x00000000d2b00000| Untracked 
| 300|0x00000000d2c00000, 0x00000000d2d00000, 0x00000000d2d00000|100%| O|  |TAMS 0x00000000d2d00000, 0x00000000d2c00000| Untracked 
| 301|0x00000000d2d00000, 0x00000000d2e00000, 0x00000000d2e00000|100%| O|  |TAMS 0x00000000d2e00000, 0x00000000d2d00000| Untracked 
| 302|0x00000000d2e00000, 0x00000000d2f00000, 0x00000000d2f00000|100%| O|  |TAMS 0x00000000d2f00000, 0x00000000d2e00000| Untracked 
| 303|0x00000000d2f00000, 0x00000000d3000000, 0x00000000d3000000|100%| O|  |TAMS 0x00000000d3000000, 0x00000000d2f00000| Untracked 
| 304|0x00000000d3000000, 0x00000000d3100000, 0x00000000d3100000|100%| O|  |TAMS 0x00000000d3100000, 0x00000000d3000000| Untracked 
| 305|0x00000000d3100000, 0x00000000d3200000, 0x00000000d3200000|100%| O|  |TAMS 0x00000000d3200000, 0x00000000d3100000| Untracked 
| 306|0x00000000d3200000, 0x00000000d3300000, 0x00000000d3300000|100%| O|  |TAMS 0x00000000d3300000, 0x00000000d3200000| Untracked 
| 307|0x00000000d3300000, 0x00000000d3400000, 0x00000000d3400000|100%| O|  |TAMS 0x00000000d3400000, 0x00000000d3300000| Untracked 
| 308|0x00000000d3400000, 0x00000000d3500000, 0x00000000d3500000|100%| O|  |TAMS 0x00000000d3500000, 0x00000000d3400000| Untracked 
| 309|0x00000000d3500000, 0x00000000d3600000, 0x00000000d3600000|100%| O|  |TAMS 0x00000000d3600000, 0x00000000d3500000| Untracked 
| 310|0x00000000d3600000, 0x00000000d3700000, 0x00000000d3700000|100%| O|  |TAMS 0x00000000d3700000, 0x00000000d3600000| Untracked 
| 311|0x00000000d3700000, 0x00000000d3800000, 0x00000000d3800000|100%| O|  |TAMS 0x00000000d3800000, 0x00000000d3700000| Untracked 
| 312|0x00000000d3800000, 0x00000000d3900000, 0x00000000d3900000|100%| O|  |TAMS 0x00000000d3900000, 0x00000000d3800000| Untracked 
| 313|0x00000000d3900000, 0x00000000d3a00000, 0x00000000d3a00000|100%| O|  |TAMS 0x00000000d3a00000, 0x00000000d3900000| Untracked 
| 314|0x00000000d3a00000, 0x00000000d3b00000, 0x00000000d3b00000|100%| O|  |TAMS 0x00000000d3b00000, 0x00000000d3a00000| Untracked 
| 315|0x00000000d3b00000, 0x00000000d3c00000, 0x00000000d3c00000|100%| O|  |TAMS 0x00000000d3c00000, 0x00000000d3b00000| Untracked 
| 316|0x00000000d3c00000, 0x00000000d3d00000, 0x00000000d3d00000|100%| O|  |TAMS 0x00000000d3d00000, 0x00000000d3c00000| Untracked 
| 317|0x00000000d3d00000, 0x00000000d3e00000, 0x00000000d3e00000|100%| O|  |TAMS 0x00000000d3e00000, 0x00000000d3d00000| Untracked 
| 318|0x00000000d3e00000, 0x00000000d3f00000, 0x00000000d3f00000|100%| O|  |TAMS 0x00000000d3f00000, 0x00000000d3e00000| Untracked 
| 319|0x00000000d3f00000, 0x00000000d4000000, 0x00000000d4000000|100%| O|  |TAMS 0x00000000d4000000, 0x00000000d3f00000| Untracked 
| 320|0x00000000d4000000, 0x00000000d4100000, 0x00000000d4100000|100%| O|  |TAMS 0x00000000d4100000, 0x00000000d4000000| Untracked 
| 321|0x00000000d4100000, 0x00000000d4200000, 0x00000000d4200000|100%| O|  |TAMS 0x00000000d4200000, 0x00000000d4100000| Untracked 
| 322|0x00000000d4200000, 0x00000000d4300000, 0x00000000d4300000|100%| O|  |TAMS 0x00000000d4300000, 0x00000000d4200000| Untracked 
| 323|0x00000000d4300000, 0x00000000d4400000, 0x00000000d4400000|100%| O|  |TAMS 0x00000000d4400000, 0x00000000d4300000| Untracked 
| 324|0x00000000d4400000, 0x00000000d4500000, 0x00000000d4500000|100%| O|  |TAMS 0x00000000d4480000, 0x00000000d4400000| Untracked 
| 325|0x00000000d4500000, 0x00000000d4500000, 0x00000000d4600000|  0%| F|  |TAMS 0x00000000d4500000, 0x00000000d4500000| Untracked 
| 326|0x00000000d4600000, 0x00000000d4600000, 0x00000000d4700000|  0%| F|  |TAMS 0x00000000d4600000, 0x00000000d4600000| Untracked 
| 327|0x00000000d4700000, 0x00000000d4700000, 0x00000000d4800000|  0%| F|  |TAMS 0x00000000d4700000, 0x00000000d4700000| Untracked 
| 328|0x00000000d4800000, 0x00000000d4800000, 0x00000000d4900000|  0%| F|  |TAMS 0x00000000d4800000, 0x00000000d4800000| Untracked 
| 329|0x00000000d4900000, 0x00000000d4900000, 0x00000000d4a00000|  0%| F|  |TAMS 0x00000000d4900000, 0x00000000d4900000| Untracked 
| 330|0x00000000d4a00000, 0x00000000d4a00000, 0x00000000d4b00000|  0%| F|  |TAMS 0x00000000d4a00000, 0x00000000d4a00000| Untracked 
| 331|0x00000000d4b00000, 0x00000000d4b00000, 0x00000000d4c00000|  0%| F|  |TAMS 0x00000000d4b00000, 0x00000000d4b00000| Untracked 
| 332|0x00000000d4c00000, 0x00000000d4c00000, 0x00000000d4d00000|  0%| F|  |TAMS 0x00000000d4c00000, 0x00000000d4c00000| Untracked 
| 333|0x00000000d4d00000, 0x00000000d4d00000, 0x00000000d4e00000|  0%| F|  |TAMS 0x00000000d4d00000, 0x00000000d4d00000| Untracked 
| 334|0x00000000d4e00000, 0x00000000d4e00000, 0x00000000d4f00000|  0%| F|  |TAMS 0x00000000d4e00000, 0x00000000d4e00000| Untracked 
| 335|0x00000000d4f00000, 0x00000000d4f00000, 0x00000000d5000000|  0%| F|  |TAMS 0x00000000d4f00000, 0x00000000d4f00000| Untracked 
| 336|0x00000000d5000000, 0x00000000d5000000, 0x00000000d5100000|  0%| F|  |TAMS 0x00000000d5000000, 0x00000000d5000000| Untracked 
| 337|0x00000000d5100000, 0x00000000d5100000, 0x00000000d5200000|  0%| F|  |TAMS 0x00000000d5100000, 0x00000000d5100000| Untracked 
| 338|0x00000000d5200000, 0x00000000d5200000, 0x00000000d5300000|  0%| F|  |TAMS 0x00000000d5200000, 0x00000000d5200000| Untracked 
| 339|0x00000000d5300000, 0x00000000d5300000, 0x00000000d5400000|  0%| F|  |TAMS 0x00000000d5300000, 0x00000000d5300000| Untracked 
| 340|0x00000000d5400000, 0x00000000d5400000, 0x00000000d5500000|  0%| F|  |TAMS 0x00000000d5400000, 0x00000000d5400000| Untracked 
| 341|0x00000000d5500000, 0x00000000d5500000, 0x00000000d5600000|  0%| F|  |TAMS 0x00000000d5500000, 0x00000000d5500000| Untracked 
| 342|0x00000000d5600000, 0x00000000d5600000, 0x00000000d5700000|  0%| F|  |TAMS 0x00000000d5600000, 0x00000000d5600000| Untracked 
| 343|0x00000000d5700000, 0x00000000d5700000, 0x00000000d5800000|  0%| F|  |TAMS 0x00000000d5700000, 0x00000000d5700000| Untracked 
| 344|0x00000000d5800000, 0x00000000d5800000, 0x00000000d5900000|  0%| F|  |TAMS 0x00000000d5800000, 0x00000000d5800000| Untracked 
| 345|0x00000000d5900000, 0x00000000d5900000, 0x00000000d5a00000|  0%| F|  |TAMS 0x00000000d5900000, 0x00000000d5900000| Untracked 
| 346|0x00000000d5a00000, 0x00000000d5a00000, 0x00000000d5b00000|  0%| F|  |TAMS 0x00000000d5a00000, 0x00000000d5a00000| Untracked 
| 347|0x00000000d5b00000, 0x00000000d5b00000, 0x00000000d5c00000|  0%| F|  |TAMS 0x00000000d5b00000, 0x00000000d5b00000| Untracked 
| 348|0x00000000d5c00000, 0x00000000d5c00000, 0x00000000d5d00000|  0%| F|  |TAMS 0x00000000d5c00000, 0x00000000d5c00000| Untracked 
| 349|0x00000000d5d00000, 0x00000000d5d00000, 0x00000000d5e00000|  0%| F|  |TAMS 0x00000000d5d00000, 0x00000000d5d00000| Untracked 
| 350|0x00000000d5e00000, 0x00000000d5e00000, 0x00000000d5f00000|  0%| F|  |TAMS 0x00000000d5e00000, 0x00000000d5e00000| Untracked 
| 351|0x00000000d5f00000, 0x00000000d5f00000, 0x00000000d6000000|  0%| F|  |TAMS 0x00000000d5f00000, 0x00000000d5f00000| Untracked 
| 352|0x00000000d6000000, 0x00000000d6000000, 0x00000000d6100000|  0%| F|  |TAMS 0x00000000d6000000, 0x00000000d6000000| Untracked 
| 353|0x00000000d6100000, 0x00000000d6100000, 0x00000000d6200000|  0%| F|  |TAMS 0x00000000d6100000, 0x00000000d6100000| Untracked 
| 354|0x00000000d6200000, 0x00000000d6200000, 0x00000000d6300000|  0%| F|  |TAMS 0x00000000d6200000, 0x00000000d6200000| Untracked 
| 355|0x00000000d6300000, 0x00000000d6300000, 0x00000000d6400000|  0%| F|  |TAMS 0x00000000d6300000, 0x00000000d6300000| Untracked 
| 356|0x00000000d6400000, 0x00000000d6400000, 0x00000000d6500000|  0%| F|  |TAMS 0x00000000d6400000, 0x00000000d6400000| Untracked 
| 357|0x00000000d6500000, 0x00000000d6500000, 0x00000000d6600000|  0%| F|  |TAMS 0x00000000d6500000, 0x00000000d6500000| Untracked 
| 358|0x00000000d6600000, 0x00000000d6680000, 0x00000000d6700000| 50%| S|CS|TAMS 0x00000000d6600000, 0x00000000d6600000| Complete 
| 359|0x00000000d6700000, 0x00000000d6800000, 0x00000000d6800000|100%| S|CS|TAMS 0x00000000d6700000, 0x00000000d6700000| Complete 
| 360|0x00000000d6800000, 0x00000000d6900000, 0x00000000d6900000|100%| S|CS|TAMS 0x00000000d6800000, 0x00000000d6800000| Complete 
| 361|0x00000000d6900000, 0x00000000d6a00000, 0x00000000d6a00000|100%| S|CS|TAMS 0x00000000d6900000, 0x00000000d6900000| Complete 
| 362|0x00000000d6a00000, 0x00000000d6a00000, 0x00000000d6b00000|  0%| F|  |TAMS 0x00000000d6a00000, 0x00000000d6a00000| Untracked 
| 363|0x00000000d6b00000, 0x00000000d6b00000, 0x00000000d6c00000|  0%| F|  |TAMS 0x00000000d6b00000, 0x00000000d6b00000| Untracked 
| 364|0x00000000d6c00000, 0x00000000d6c00000, 0x00000000d6d00000|  0%| F|  |TAMS 0x00000000d6c00000, 0x00000000d6c00000| Untracked 
| 365|0x00000000d6d00000, 0x00000000d6e00000, 0x00000000d6e00000|100%| S|CS|TAMS 0x00000000d6d00000, 0x00000000d6d00000| Complete 
| 366|0x00000000d6e00000, 0x00000000d6f00000, 0x00000000d6f00000|100%| S|CS|TAMS 0x00000000d6e00000, 0x00000000d6e00000| Complete 
| 367|0x00000000d6f00000, 0x00000000d7000000, 0x00000000d7000000|100%| S|CS|TAMS 0x00000000d6f00000, 0x00000000d6f00000| Complete 
| 368|0x00000000d7000000, 0x00000000d7100000, 0x00000000d7100000|100%| S|CS|TAMS 0x00000000d7000000, 0x00000000d7000000| Complete 
| 369|0x00000000d7100000, 0x00000000d7100000, 0x00000000d7200000|  0%| F|  |TAMS 0x00000000d7100000, 0x00000000d7100000| Untracked 
| 370|0x00000000d7200000, 0x00000000d7200000, 0x00000000d7300000|  0%| F|  |TAMS 0x00000000d7200000, 0x00000000d7200000| Untracked 
| 371|0x00000000d7300000, 0x00000000d7300000, 0x00000000d7400000|  0%| F|  |TAMS 0x00000000d7300000, 0x00000000d7300000| Untracked 
| 372|0x00000000d7400000, 0x00000000d7400000, 0x00000000d7500000|  0%| F|  |TAMS 0x00000000d7400000, 0x00000000d7400000| Untracked 
| 373|0x00000000d7500000, 0x00000000d7500000, 0x00000000d7600000|  0%| F|  |TAMS 0x00000000d7500000, 0x00000000d7500000| Untracked 
| 374|0x00000000d7600000, 0x00000000d7600000, 0x00000000d7700000|  0%| F|  |TAMS 0x00000000d7600000, 0x00000000d7600000| Untracked 
| 375|0x00000000d7700000, 0x00000000d7700000, 0x00000000d7800000|  0%| F|  |TAMS 0x00000000d7700000, 0x00000000d7700000| Untracked 
| 376|0x00000000d7800000, 0x00000000d7900000, 0x00000000d7900000|100%| S|CS|TAMS 0x00000000d7800000, 0x00000000d7800000| Complete 
| 377|0x00000000d7900000, 0x00000000d7a00000, 0x00000000d7a00000|100%| S|CS|TAMS 0x00000000d7900000, 0x00000000d7900000| Complete 
| 378|0x00000000d7a00000, 0x00000000d7b00000, 0x00000000d7b00000|100%| S|CS|TAMS 0x00000000d7a00000, 0x00000000d7a00000| Complete 
| 379|0x00000000d7b00000, 0x00000000d7c00000, 0x00000000d7c00000|100%| S|CS|TAMS 0x00000000d7b00000, 0x00000000d7b00000| Complete 
| 380|0x00000000d7c00000, 0x00000000d7d00000, 0x00000000d7d00000|100%| S|CS|TAMS 0x00000000d7c00000, 0x00000000d7c00000| Complete 
| 381|0x00000000d7d00000, 0x00000000d7d00000, 0x00000000d7e00000|  0%| F|  |TAMS 0x00000000d7d00000, 0x00000000d7d00000| Untracked 
| 382|0x00000000d7e00000, 0x00000000d7f00000, 0x00000000d7f00000|100%| S|CS|TAMS 0x00000000d7e00000, 0x00000000d7e00000| Complete 
| 383|0x00000000d7f00000, 0x00000000d8000000, 0x00000000d8000000|100%| S|CS|TAMS 0x00000000d7f00000, 0x00000000d7f00000| Complete 
| 384|0x00000000d8000000, 0x00000000d8000000, 0x00000000d8100000|  0%| F|  |TAMS 0x00000000d8000000, 0x00000000d8000000| Untracked 
| 385|0x00000000d8100000, 0x00000000d8100000, 0x00000000d8200000|  0%| F|  |TAMS 0x00000000d8100000, 0x00000000d8100000| Untracked 
| 386|0x00000000d8200000, 0x00000000d8300000, 0x00000000d8300000|100%| S|CS|TAMS 0x00000000d8200000, 0x00000000d8200000| Complete 
| 387|0x00000000d8300000, 0x00000000d8400000, 0x00000000d8400000|100%| S|CS|TAMS 0x00000000d8300000, 0x00000000d8300000| Complete 
| 388|0x00000000d8400000, 0x00000000d8400000, 0x00000000d8500000|  0%| F|  |TAMS 0x00000000d8400000, 0x00000000d8400000| Untracked 
| 389|0x00000000d8500000, 0x00000000d8500000, 0x00000000d8600000|  0%| F|  |TAMS 0x00000000d8500000, 0x00000000d8500000| Untracked 
| 390|0x00000000d8600000, 0x00000000d8600000, 0x00000000d8700000|  0%| F|  |TAMS 0x00000000d8600000, 0x00000000d8600000| Untracked 
| 391|0x00000000d8700000, 0x00000000d8700000, 0x00000000d8800000|  0%| F|  |TAMS 0x00000000d8700000, 0x00000000d8700000| Untracked 
| 392|0x00000000d8800000, 0x00000000d8800000, 0x00000000d8900000|  0%| F|  |TAMS 0x00000000d8800000, 0x00000000d8800000| Untracked 
| 393|0x00000000d8900000, 0x00000000d8900000, 0x00000000d8a00000|  0%| F|  |TAMS 0x00000000d8900000, 0x00000000d8900000| Untracked 
| 394|0x00000000d8a00000, 0x00000000d8a00000, 0x00000000d8b00000|  0%| F|  |TAMS 0x00000000d8a00000, 0x00000000d8a00000| Untracked 
| 395|0x00000000d8b00000, 0x00000000d8b00000, 0x00000000d8c00000|  0%| F|  |TAMS 0x00000000d8b00000, 0x00000000d8b00000| Untracked 
| 396|0x00000000d8c00000, 0x00000000d8c00000, 0x00000000d8d00000|  0%| F|  |TAMS 0x00000000d8c00000, 0x00000000d8c00000| Untracked 
| 397|0x00000000d8d00000, 0x00000000d8d00000, 0x00000000d8e00000|  0%| F|  |TAMS 0x00000000d8d00000, 0x00000000d8d00000| Untracked 
| 398|0x00000000d8e00000, 0x00000000d8e00000, 0x00000000d8f00000|  0%| F|  |TAMS 0x00000000d8e00000, 0x00000000d8e00000| Untracked 
| 399|0x00000000d8f00000, 0x00000000d8f00000, 0x00000000d9000000|  0%| F|  |TAMS 0x00000000d8f00000, 0x00000000d8f00000| Untracked 
| 400|0x00000000d9000000, 0x00000000d9000000, 0x00000000d9100000|  0%| F|  |TAMS 0x00000000d9000000, 0x00000000d9000000| Untracked 
| 401|0x00000000d9100000, 0x00000000d9100000, 0x00000000d9200000|  0%| F|  |TAMS 0x00000000d9100000, 0x00000000d9100000| Untracked 
| 402|0x00000000d9200000, 0x00000000d9200000, 0x00000000d9300000|  0%| F|  |TAMS 0x00000000d9200000, 0x00000000d9200000| Untracked 
| 403|0x00000000d9300000, 0x00000000d9300000, 0x00000000d9400000|  0%| F|  |TAMS 0x00000000d9300000, 0x00000000d9300000| Untracked 
| 404|0x00000000d9400000, 0x00000000d9400000, 0x00000000d9500000|  0%| F|  |TAMS 0x00000000d9400000, 0x00000000d9400000| Untracked 
| 405|0x00000000d9500000, 0x00000000d9500000, 0x00000000d9600000|  0%| F|  |TAMS 0x00000000d9500000, 0x00000000d9500000| Untracked 
| 406|0x00000000d9600000, 0x00000000d9600000, 0x00000000d9700000|  0%| F|  |TAMS 0x00000000d9600000, 0x00000000d9600000| Untracked 
| 407|0x00000000d9700000, 0x00000000d9700000, 0x00000000d9800000|  0%| F|  |TAMS 0x00000000d9700000, 0x00000000d9700000| Untracked 
| 408|0x00000000d9800000, 0x00000000d9800000, 0x00000000d9900000|  0%| F|  |TAMS 0x00000000d9800000, 0x00000000d9800000| Untracked 
| 409|0x00000000d9900000, 0x00000000d9900000, 0x00000000d9a00000|  0%| F|  |TAMS 0x00000000d9900000, 0x00000000d9900000| Untracked 
| 410|0x00000000d9a00000, 0x00000000d9a00000, 0x00000000d9b00000|  0%| F|  |TAMS 0x00000000d9a00000, 0x00000000d9a00000| Untracked 
| 411|0x00000000d9b00000, 0x00000000d9b00000, 0x00000000d9c00000|  0%| F|  |TAMS 0x00000000d9b00000, 0x00000000d9b00000| Untracked 
| 412|0x00000000d9c00000, 0x00000000d9c00000, 0x00000000d9d00000|  0%| F|  |TAMS 0x00000000d9c00000, 0x00000000d9c00000| Untracked 
| 413|0x00000000d9d00000, 0x00000000d9d00000, 0x00000000d9e00000|  0%| F|  |TAMS 0x00000000d9d00000, 0x00000000d9d00000| Untracked 
| 414|0x00000000d9e00000, 0x00000000d9e00000, 0x00000000d9f00000|  0%| F|  |TAMS 0x00000000d9e00000, 0x00000000d9e00000| Untracked 
| 415|0x00000000d9f00000, 0x00000000d9f00000, 0x00000000da000000|  0%| F|  |TAMS 0x00000000d9f00000, 0x00000000d9f00000| Untracked 
| 416|0x00000000da000000, 0x00000000da000000, 0x00000000da100000|  0%| F|  |TAMS 0x00000000da000000, 0x00000000da000000| Untracked 
| 417|0x00000000da100000, 0x00000000da100000, 0x00000000da200000|  0%| F|  |TAMS 0x00000000da100000, 0x00000000da100000| Untracked 
| 418|0x00000000da200000, 0x00000000da200000, 0x00000000da300000|  0%| F|  |TAMS 0x00000000da200000, 0x00000000da200000| Untracked 
| 419|0x00000000da300000, 0x00000000da300000, 0x00000000da400000|  0%| F|  |TAMS 0x00000000da300000, 0x00000000da300000| Untracked 
| 420|0x00000000da400000, 0x00000000da400000, 0x00000000da500000|  0%| F|  |TAMS 0x00000000da400000, 0x00000000da400000| Untracked 
| 421|0x00000000da500000, 0x00000000da500000, 0x00000000da600000|  0%| F|  |TAMS 0x00000000da500000, 0x00000000da500000| Untracked 
| 422|0x00000000da600000, 0x00000000da600000, 0x00000000da700000|  0%| F|  |TAMS 0x00000000da600000, 0x00000000da600000| Untracked 
| 423|0x00000000da700000, 0x00000000da700000, 0x00000000da800000|  0%| F|  |TAMS 0x00000000da700000, 0x00000000da700000| Untracked 
| 424|0x00000000da800000, 0x00000000da800000, 0x00000000da900000|  0%| F|  |TAMS 0x00000000da800000, 0x00000000da800000| Untracked 
| 425|0x00000000da900000, 0x00000000da900000, 0x00000000daa00000|  0%| F|  |TAMS 0x00000000da900000, 0x00000000da900000| Untracked 
| 426|0x00000000daa00000, 0x00000000daa00000, 0x00000000dab00000|  0%| F|  |TAMS 0x00000000daa00000, 0x00000000daa00000| Untracked 
| 427|0x00000000dab00000, 0x00000000dab00000, 0x00000000dac00000|  0%| F|  |TAMS 0x00000000dab00000, 0x00000000dab00000| Untracked 
| 428|0x00000000dac00000, 0x00000000dac00000, 0x00000000dad00000|  0%| F|  |TAMS 0x00000000dac00000, 0x00000000dac00000| Untracked 
| 429|0x00000000dad00000, 0x00000000dad00000, 0x00000000dae00000|  0%| F|  |TAMS 0x00000000dad00000, 0x00000000dad00000| Untracked 
| 430|0x00000000dae00000, 0x00000000dae00000, 0x00000000daf00000|  0%| F|  |TAMS 0x00000000dae00000, 0x00000000dae00000| Untracked 
| 431|0x00000000daf00000, 0x00000000daf00000, 0x00000000db000000|  0%| F|  |TAMS 0x00000000daf00000, 0x00000000daf00000| Untracked 
| 432|0x00000000db000000, 0x00000000db000000, 0x00000000db100000|  0%| F|  |TAMS 0x00000000db000000, 0x00000000db000000| Untracked 
| 433|0x00000000db100000, 0x00000000db100000, 0x00000000db200000|  0%| F|  |TAMS 0x00000000db100000, 0x00000000db100000| Untracked 
| 434|0x00000000db200000, 0x00000000db200000, 0x00000000db300000|  0%| F|  |TAMS 0x00000000db200000, 0x00000000db200000| Untracked 
| 435|0x00000000db300000, 0x00000000db300000, 0x00000000db400000|  0%| F|  |TAMS 0x00000000db300000, 0x00000000db300000| Untracked 
| 436|0x00000000db400000, 0x00000000db400000, 0x00000000db500000|  0%| F|  |TAMS 0x00000000db400000, 0x00000000db400000| Untracked 
| 437|0x00000000db500000, 0x00000000db500000, 0x00000000db600000|  0%| F|  |TAMS 0x00000000db500000, 0x00000000db500000| Untracked 
| 438|0x00000000db600000, 0x00000000db600000, 0x00000000db700000|  0%| F|  |TAMS 0x00000000db600000, 0x00000000db600000| Untracked 
| 439|0x00000000db700000, 0x00000000db700000, 0x00000000db800000|  0%| F|  |TAMS 0x00000000db700000, 0x00000000db700000| Untracked 
| 440|0x00000000db800000, 0x00000000db800000, 0x00000000db900000|  0%| F|  |TAMS 0x00000000db800000, 0x00000000db800000| Untracked 
| 441|0x00000000db900000, 0x00000000db900000, 0x00000000dba00000|  0%| F|  |TAMS 0x00000000db900000, 0x00000000db900000| Untracked 
| 442|0x00000000dba00000, 0x00000000dba00000, 0x00000000dbb00000|  0%| F|  |TAMS 0x00000000dba00000, 0x00000000dba00000| Untracked 
| 443|0x00000000dbb00000, 0x00000000dbb00000, 0x00000000dbc00000|  0%| F|  |TAMS 0x00000000dbb00000, 0x00000000dbb00000| Untracked 
| 444|0x00000000dbc00000, 0x00000000dbc00000, 0x00000000dbd00000|  0%| F|  |TAMS 0x00000000dbc00000, 0x00000000dbc00000| Untracked 
| 445|0x00000000dbd00000, 0x00000000dbd00000, 0x00000000dbe00000|  0%| F|  |TAMS 0x00000000dbd00000, 0x00000000dbd00000| Untracked 
| 446|0x00000000dbe00000, 0x00000000dbe00000, 0x00000000dbf00000|  0%| F|  |TAMS 0x00000000dbe00000, 0x00000000dbe00000| Untracked 
| 447|0x00000000dbf00000, 0x00000000dbf00000, 0x00000000dc000000|  0%| F|  |TAMS 0x00000000dbf00000, 0x00000000dbf00000| Untracked 
| 448|0x00000000dc000000, 0x00000000dc000000, 0x00000000dc100000|  0%| F|  |TAMS 0x00000000dc000000, 0x00000000dc000000| Untracked 
| 449|0x00000000dc100000, 0x00000000dc100000, 0x00000000dc200000|  0%| F|  |TAMS 0x00000000dc100000, 0x00000000dc100000| Untracked 
| 450|0x00000000dc200000, 0x00000000dc200000, 0x00000000dc300000|  0%| F|  |TAMS 0x00000000dc200000, 0x00000000dc200000| Untracked 
| 451|0x00000000dc300000, 0x00000000dc300000, 0x00000000dc400000|  0%| F|  |TAMS 0x00000000dc300000, 0x00000000dc300000| Untracked 
| 452|0x00000000dc400000, 0x00000000dc400000, 0x00000000dc500000|  0%| F|  |TAMS 0x00000000dc400000, 0x00000000dc400000| Untracked 
| 453|0x00000000dc500000, 0x00000000dc500000, 0x00000000dc600000|  0%| F|  |TAMS 0x00000000dc500000, 0x00000000dc500000| Untracked 
| 454|0x00000000dc600000, 0x00000000dc600000, 0x00000000dc700000|  0%| F|  |TAMS 0x00000000dc600000, 0x00000000dc600000| Untracked 
| 455|0x00000000dc700000, 0x00000000dc700000, 0x00000000dc800000|  0%| F|  |TAMS 0x00000000dc700000, 0x00000000dc700000| Untracked 
| 456|0x00000000dc800000, 0x00000000dc800000, 0x00000000dc900000|  0%| F|  |TAMS 0x00000000dc800000, 0x00000000dc800000| Untracked 
| 457|0x00000000dc900000, 0x00000000dc900000, 0x00000000dca00000|  0%| F|  |TAMS 0x00000000dc900000, 0x00000000dc900000| Untracked 
| 458|0x00000000dca00000, 0x00000000dca00000, 0x00000000dcb00000|  0%| F|  |TAMS 0x00000000dca00000, 0x00000000dca00000| Untracked 
| 459|0x00000000dcb00000, 0x00000000dcb00000, 0x00000000dcc00000|  0%| F|  |TAMS 0x00000000dcb00000, 0x00000000dcb00000| Untracked 
| 460|0x00000000dcc00000, 0x00000000dcc00000, 0x00000000dcd00000|  0%| F|  |TAMS 0x00000000dcc00000, 0x00000000dcc00000| Untracked 
| 461|0x00000000dcd00000, 0x00000000dcd00000, 0x00000000dce00000|  0%| F|  |TAMS 0x00000000dcd00000, 0x00000000dcd00000| Untracked 
| 462|0x00000000dce00000, 0x00000000dce00000, 0x00000000dcf00000|  0%| F|  |TAMS 0x00000000dce00000, 0x00000000dce00000| Untracked 
| 463|0x00000000dcf00000, 0x00000000dcf00000, 0x00000000dd000000|  0%| F|  |TAMS 0x00000000dcf00000, 0x00000000dcf00000| Untracked 
| 464|0x00000000dd000000, 0x00000000dd000000, 0x00000000dd100000|  0%| F|  |TAMS 0x00000000dd000000, 0x00000000dd000000| Untracked 
| 465|0x00000000dd100000, 0x00000000dd100000, 0x00000000dd200000|  0%| F|  |TAMS 0x00000000dd100000, 0x00000000dd100000| Untracked 
| 466|0x00000000dd200000, 0x00000000dd200000, 0x00000000dd300000|  0%| F|  |TAMS 0x00000000dd200000, 0x00000000dd200000| Untracked 
| 467|0x00000000dd300000, 0x00000000dd300000, 0x00000000dd400000|  0%| F|  |TAMS 0x00000000dd300000, 0x00000000dd300000| Untracked 
| 468|0x00000000dd400000, 0x00000000dd400000, 0x00000000dd500000|  0%| F|  |TAMS 0x00000000dd400000, 0x00000000dd400000| Untracked 
| 469|0x00000000dd500000, 0x00000000dd500000, 0x00000000dd600000|  0%| F|  |TAMS 0x00000000dd500000, 0x00000000dd500000| Untracked 
| 470|0x00000000dd600000, 0x00000000dd600000, 0x00000000dd700000|  0%| F|  |TAMS 0x00000000dd600000, 0x00000000dd600000| Untracked 
| 471|0x00000000dd700000, 0x00000000dd700000, 0x00000000dd800000|  0%| F|  |TAMS 0x00000000dd700000, 0x00000000dd700000| Untracked 
| 472|0x00000000dd800000, 0x00000000dd800000, 0x00000000dd900000|  0%| F|  |TAMS 0x00000000dd800000, 0x00000000dd800000| Untracked 
| 473|0x00000000dd900000, 0x00000000dd900000, 0x00000000dda00000|  0%| F|  |TAMS 0x00000000dd900000, 0x00000000dd900000| Untracked 
| 474|0x00000000dda00000, 0x00000000dda00000, 0x00000000ddb00000|  0%| F|  |TAMS 0x00000000dda00000, 0x00000000dda00000| Untracked 
| 475|0x00000000ddb00000, 0x00000000ddb00000, 0x00000000ddc00000|  0%| F|  |TAMS 0x00000000ddb00000, 0x00000000ddb00000| Untracked 
| 476|0x00000000ddc00000, 0x00000000ddc00000, 0x00000000ddd00000|  0%| F|  |TAMS 0x00000000ddc00000, 0x00000000ddc00000| Untracked 
| 477|0x00000000ddd00000, 0x00000000ddd00000, 0x00000000dde00000|  0%| F|  |TAMS 0x00000000ddd00000, 0x00000000ddd00000| Untracked 
| 478|0x00000000dde00000, 0x00000000dde00000, 0x00000000ddf00000|  0%| F|  |TAMS 0x00000000dde00000, 0x00000000dde00000| Untracked 
| 479|0x00000000ddf00000, 0x00000000ddf00000, 0x00000000de000000|  0%| F|  |TAMS 0x00000000ddf00000, 0x00000000ddf00000| Untracked 
| 480|0x00000000de000000, 0x00000000de000000, 0x00000000de100000|  0%| F|  |TAMS 0x00000000de000000, 0x00000000de000000| Untracked 
| 481|0x00000000de100000, 0x00000000de100000, 0x00000000de200000|  0%| F|  |TAMS 0x00000000de100000, 0x00000000de100000| Untracked 
| 482|0x00000000de200000, 0x00000000de200000, 0x00000000de300000|  0%| F|  |TAMS 0x00000000de200000, 0x00000000de200000| Untracked 
| 483|0x00000000de300000, 0x00000000de300000, 0x00000000de400000|  0%| F|  |TAMS 0x00000000de300000, 0x00000000de300000| Untracked 
| 484|0x00000000de400000, 0x00000000de400000, 0x00000000de500000|  0%| F|  |TAMS 0x00000000de400000, 0x00000000de400000| Untracked 
| 485|0x00000000de500000, 0x00000000de500000, 0x00000000de600000|  0%| F|  |TAMS 0x00000000de500000, 0x00000000de500000| Untracked 
| 486|0x00000000de600000, 0x00000000de600000, 0x00000000de700000|  0%| F|  |TAMS 0x00000000de600000, 0x00000000de600000| Untracked 
| 487|0x00000000de700000, 0x00000000de700000, 0x00000000de800000|  0%| F|  |TAMS 0x00000000de700000, 0x00000000de700000| Untracked 
| 488|0x00000000de800000, 0x00000000de800000, 0x00000000de900000|  0%| F|  |TAMS 0x00000000de800000, 0x00000000de800000| Untracked 
| 489|0x00000000de900000, 0x00000000de900000, 0x00000000dea00000|  0%| F|  |TAMS 0x00000000de900000, 0x00000000de900000| Untracked 
| 490|0x00000000dea00000, 0x00000000dea00000, 0x00000000deb00000|  0%| F|  |TAMS 0x00000000dea00000, 0x00000000dea00000| Untracked 
| 491|0x00000000deb00000, 0x00000000deb00000, 0x00000000dec00000|  0%| F|  |TAMS 0x00000000deb00000, 0x00000000deb00000| Untracked 
| 492|0x00000000dec00000, 0x00000000dec00000, 0x00000000ded00000|  0%| F|  |TAMS 0x00000000dec00000, 0x00000000dec00000| Untracked 
| 493|0x00000000ded00000, 0x00000000ded00000, 0x00000000dee00000|  0%| F|  |TAMS 0x00000000ded00000, 0x00000000ded00000| Untracked 
| 494|0x00000000dee00000, 0x00000000dee00000, 0x00000000def00000|  0%| F|  |TAMS 0x00000000dee00000, 0x00000000dee00000| Untracked 
| 495|0x00000000def00000, 0x00000000def00000, 0x00000000df000000|  0%| F|  |TAMS 0x00000000def00000, 0x00000000def00000| Untracked 
| 496|0x00000000df000000, 0x00000000df000000, 0x00000000df100000|  0%| F|  |TAMS 0x00000000df000000, 0x00000000df000000| Untracked 
| 497|0x00000000df100000, 0x00000000df100000, 0x00000000df200000|  0%| F|  |TAMS 0x00000000df100000, 0x00000000df100000| Untracked 
| 498|0x00000000df200000, 0x00000000df200000, 0x00000000df300000|  0%| F|  |TAMS 0x00000000df200000, 0x00000000df200000| Untracked 
| 499|0x00000000df300000, 0x00000000df300000, 0x00000000df400000|  0%| F|  |TAMS 0x00000000df300000, 0x00000000df300000| Untracked 
| 500|0x00000000df400000, 0x00000000df400000, 0x00000000df500000|  0%| F|  |TAMS 0x00000000df400000, 0x00000000df400000| Untracked 
| 501|0x00000000df500000, 0x00000000df500000, 0x00000000df600000|  0%| F|  |TAMS 0x00000000df500000, 0x00000000df500000| Untracked 
| 502|0x00000000df600000, 0x00000000df600000, 0x00000000df700000|  0%| F|  |TAMS 0x00000000df600000, 0x00000000df600000| Untracked 
| 503|0x00000000df700000, 0x00000000df700000, 0x00000000df800000|  0%| F|  |TAMS 0x00000000df700000, 0x00000000df700000| Untracked 
| 504|0x00000000df800000, 0x00000000df800000, 0x00000000df900000|  0%| F|  |TAMS 0x00000000df800000, 0x00000000df800000| Untracked 
| 505|0x00000000df900000, 0x00000000df900000, 0x00000000dfa00000|  0%| F|  |TAMS 0x00000000df900000, 0x00000000df900000| Untracked 
| 506|0x00000000dfa00000, 0x00000000dfa00000, 0x00000000dfb00000|  0%| F|  |TAMS 0x00000000dfa00000, 0x00000000dfa00000| Untracked 
| 507|0x00000000dfb00000, 0x00000000dfb00000, 0x00000000dfc00000|  0%| F|  |TAMS 0x00000000dfb00000, 0x00000000dfb00000| Untracked 
| 508|0x00000000dfc00000, 0x00000000dfc00000, 0x00000000dfd00000|  0%| F|  |TAMS 0x00000000dfc00000, 0x00000000dfc00000| Untracked 
| 509|0x00000000dfd00000, 0x00000000dfd00000, 0x00000000dfe00000|  0%| F|  |TAMS 0x00000000dfd00000, 0x00000000dfd00000| Untracked 
| 510|0x00000000dfe00000, 0x00000000dfe00000, 0x00000000dff00000|  0%| F|  |TAMS 0x00000000dfe00000, 0x00000000dfe00000| Untracked 
| 511|0x00000000dff00000, 0x00000000dff00000, 0x00000000e0000000|  0%| F|  |TAMS 0x00000000dff00000, 0x00000000dff00000| Untracked 
| 512|0x00000000e0000000, 0x00000000e0000000, 0x00000000e0100000|  0%| F|  |TAMS 0x00000000e0000000, 0x00000000e0000000| Untracked 
| 513|0x00000000e0100000, 0x00000000e0100000, 0x00000000e0200000|  0%| F|  |TAMS 0x00000000e0100000, 0x00000000e0100000| Untracked 
| 514|0x00000000e0200000, 0x00000000e0200000, 0x00000000e0300000|  0%| F|  |TAMS 0x00000000e0200000, 0x00000000e0200000| Untracked 
| 515|0x00000000e0300000, 0x00000000e0300000, 0x00000000e0400000|  0%| F|  |TAMS 0x00000000e0300000, 0x00000000e0300000| Untracked 
| 516|0x00000000e0400000, 0x00000000e0400000, 0x00000000e0500000|  0%| F|  |TAMS 0x00000000e0400000, 0x00000000e0400000| Untracked 
| 517|0x00000000e0500000, 0x00000000e0500000, 0x00000000e0600000|  0%| F|  |TAMS 0x00000000e0500000, 0x00000000e0500000| Untracked 
| 518|0x00000000e0600000, 0x00000000e0600000, 0x00000000e0700000|  0%| F|  |TAMS 0x00000000e0600000, 0x00000000e0600000| Untracked 
| 519|0x00000000e0700000, 0x00000000e0700000, 0x00000000e0800000|  0%| F|  |TAMS 0x00000000e0700000, 0x00000000e0700000| Untracked 
| 520|0x00000000e0800000, 0x00000000e0800000, 0x00000000e0900000|  0%| F|  |TAMS 0x00000000e0800000, 0x00000000e0800000| Untracked 
| 521|0x00000000e0900000, 0x00000000e0900000, 0x00000000e0a00000|  0%| F|  |TAMS 0x00000000e0900000, 0x00000000e0900000| Untracked 
| 522|0x00000000e0a00000, 0x00000000e0a00000, 0x00000000e0b00000|  0%| F|  |TAMS 0x00000000e0a00000, 0x00000000e0a00000| Untracked 
| 523|0x00000000e0b00000, 0x00000000e0b00000, 0x00000000e0c00000|  0%| F|  |TAMS 0x00000000e0b00000, 0x00000000e0b00000| Untracked 
| 524|0x00000000e0c00000, 0x00000000e0c00000, 0x00000000e0d00000|  0%| F|  |TAMS 0x00000000e0c00000, 0x00000000e0c00000| Untracked 
| 525|0x00000000e0d00000, 0x00000000e0d00000, 0x00000000e0e00000|  0%| F|  |TAMS 0x00000000e0d00000, 0x00000000e0d00000| Untracked 
| 526|0x00000000e0e00000, 0x00000000e0e00000, 0x00000000e0f00000|  0%| F|  |TAMS 0x00000000e0e00000, 0x00000000e0e00000| Untracked 
| 527|0x00000000e0f00000, 0x00000000e0f00000, 0x00000000e1000000|  0%| F|  |TAMS 0x00000000e0f00000, 0x00000000e0f00000| Untracked 
| 528|0x00000000e1000000, 0x00000000e1000000, 0x00000000e1100000|  0%| F|  |TAMS 0x00000000e1000000, 0x00000000e1000000| Untracked 
| 529|0x00000000e1100000, 0x00000000e1100000, 0x00000000e1200000|  0%| F|  |TAMS 0x00000000e1100000, 0x00000000e1100000| Untracked 
| 530|0x00000000e1200000, 0x00000000e1200000, 0x00000000e1300000|  0%| F|  |TAMS 0x00000000e1200000, 0x00000000e1200000| Untracked 
| 531|0x00000000e1300000, 0x00000000e1300000, 0x00000000e1400000|  0%| F|  |TAMS 0x00000000e1300000, 0x00000000e1300000| Untracked 
| 532|0x00000000e1400000, 0x00000000e1400000, 0x00000000e1500000|  0%| F|  |TAMS 0x00000000e1400000, 0x00000000e1400000| Untracked 
| 533|0x00000000e1500000, 0x00000000e1500000, 0x00000000e1600000|  0%| F|  |TAMS 0x00000000e1500000, 0x00000000e1500000| Untracked 
| 534|0x00000000e1600000, 0x00000000e1600000, 0x00000000e1700000|  0%| F|  |TAMS 0x00000000e1600000, 0x00000000e1600000| Untracked 
| 535|0x00000000e1700000, 0x00000000e1700000, 0x00000000e1800000|  0%| F|  |TAMS 0x00000000e1700000, 0x00000000e1700000| Untracked 
| 536|0x00000000e1800000, 0x00000000e1800000, 0x00000000e1900000|  0%| F|  |TAMS 0x00000000e1800000, 0x00000000e1800000| Untracked 
| 537|0x00000000e1900000, 0x00000000e1900000, 0x00000000e1a00000|  0%| F|  |TAMS 0x00000000e1900000, 0x00000000e1900000| Untracked 
| 538|0x00000000e1a00000, 0x00000000e1a00000, 0x00000000e1b00000|  0%| F|  |TAMS 0x00000000e1a00000, 0x00000000e1a00000| Untracked 
| 539|0x00000000e1b00000, 0x00000000e1b00000, 0x00000000e1c00000|  0%| F|  |TAMS 0x00000000e1b00000, 0x00000000e1b00000| Untracked 
| 540|0x00000000e1c00000, 0x00000000e1c00000, 0x00000000e1d00000|  0%| F|  |TAMS 0x00000000e1c00000, 0x00000000e1c00000| Untracked 
| 541|0x00000000e1d00000, 0x00000000e1d00000, 0x00000000e1e00000|  0%| F|  |TAMS 0x00000000e1d00000, 0x00000000e1d00000| Untracked 
| 542|0x00000000e1e00000, 0x00000000e1e00000, 0x00000000e1f00000|  0%| F|  |TAMS 0x00000000e1e00000, 0x00000000e1e00000| Untracked 
| 543|0x00000000e1f00000, 0x00000000e1f00000, 0x00000000e2000000|  0%| F|  |TAMS 0x00000000e1f00000, 0x00000000e1f00000| Untracked 
| 544|0x00000000e2000000, 0x00000000e2000000, 0x00000000e2100000|  0%| F|  |TAMS 0x00000000e2000000, 0x00000000e2000000| Untracked 
| 545|0x00000000e2100000, 0x00000000e2100000, 0x00000000e2200000|  0%| F|  |TAMS 0x00000000e2100000, 0x00000000e2100000| Untracked 
| 546|0x00000000e2200000, 0x00000000e2200000, 0x00000000e2300000|  0%| F|  |TAMS 0x00000000e2200000, 0x00000000e2200000| Untracked 
| 547|0x00000000e2300000, 0x00000000e2300000, 0x00000000e2400000|  0%| F|  |TAMS 0x00000000e2300000, 0x00000000e2300000| Untracked 
| 548|0x00000000e2400000, 0x00000000e2400000, 0x00000000e2500000|  0%| F|  |TAMS 0x00000000e2400000, 0x00000000e2400000| Untracked 
| 549|0x00000000e2500000, 0x00000000e2500000, 0x00000000e2600000|  0%| F|  |TAMS 0x00000000e2500000, 0x00000000e2500000| Untracked 
| 550|0x00000000e2600000, 0x00000000e2600000, 0x00000000e2700000|  0%| F|  |TAMS 0x00000000e2600000, 0x00000000e2600000| Untracked 
| 551|0x00000000e2700000, 0x00000000e2700000, 0x00000000e2800000|  0%| F|  |TAMS 0x00000000e2700000, 0x00000000e2700000| Untracked 
| 552|0x00000000e2800000, 0x00000000e2800000, 0x00000000e2900000|  0%| F|  |TAMS 0x00000000e2800000, 0x00000000e2800000| Untracked 
| 553|0x00000000e2900000, 0x00000000e2900000, 0x00000000e2a00000|  0%| F|  |TAMS 0x00000000e2900000, 0x00000000e2900000| Untracked 
| 554|0x00000000e2a00000, 0x00000000e2a00000, 0x00000000e2b00000|  0%| F|  |TAMS 0x00000000e2a00000, 0x00000000e2a00000| Untracked 
| 555|0x00000000e2b00000, 0x00000000e2b00000, 0x00000000e2c00000|  0%| F|  |TAMS 0x00000000e2b00000, 0x00000000e2b00000| Untracked 
| 556|0x00000000e2c00000, 0x00000000e2c00000, 0x00000000e2d00000|  0%| F|  |TAMS 0x00000000e2c00000, 0x00000000e2c00000| Untracked 
| 557|0x00000000e2d00000, 0x00000000e2d00000, 0x00000000e2e00000|  0%| F|  |TAMS 0x00000000e2d00000, 0x00000000e2d00000| Untracked 
| 558|0x00000000e2e00000, 0x00000000e2e00000, 0x00000000e2f00000|  0%| F|  |TAMS 0x00000000e2e00000, 0x00000000e2e00000| Untracked 
| 559|0x00000000e2f00000, 0x00000000e2f00000, 0x00000000e3000000|  0%| F|  |TAMS 0x00000000e2f00000, 0x00000000e2f00000| Untracked 
| 560|0x00000000e3000000, 0x00000000e3000000, 0x00000000e3100000|  0%| F|  |TAMS 0x00000000e3000000, 0x00000000e3000000| Untracked 
| 561|0x00000000e3100000, 0x00000000e3100000, 0x00000000e3200000|  0%| F|  |TAMS 0x00000000e3100000, 0x00000000e3100000| Untracked 
| 562|0x00000000e3200000, 0x00000000e3200000, 0x00000000e3300000|  0%| F|  |TAMS 0x00000000e3200000, 0x00000000e3200000| Untracked 
| 563|0x00000000e3300000, 0x00000000e3300000, 0x00000000e3400000|  0%| F|  |TAMS 0x00000000e3300000, 0x00000000e3300000| Untracked 
| 564|0x00000000e3400000, 0x00000000e3400000, 0x00000000e3500000|  0%| F|  |TAMS 0x00000000e3400000, 0x00000000e3400000| Untracked 
| 565|0x00000000e3500000, 0x00000000e3500000, 0x00000000e3600000|  0%| F|  |TAMS 0x00000000e3500000, 0x00000000e3500000| Untracked 
| 566|0x00000000e3600000, 0x00000000e3600000, 0x00000000e3700000|  0%| F|  |TAMS 0x00000000e3600000, 0x00000000e3600000| Untracked 
| 567|0x00000000e3700000, 0x00000000e3700000, 0x00000000e3800000|  0%| F|  |TAMS 0x00000000e3700000, 0x00000000e3700000| Untracked 
| 568|0x00000000e3800000, 0x00000000e3800000, 0x00000000e3900000|  0%| F|  |TAMS 0x00000000e3800000, 0x00000000e3800000| Untracked 
| 569|0x00000000e3900000, 0x00000000e3900000, 0x00000000e3a00000|  0%| F|  |TAMS 0x00000000e3900000, 0x00000000e3900000| Untracked 
| 570|0x00000000e3a00000, 0x00000000e3a00000, 0x00000000e3b00000|  0%| F|  |TAMS 0x00000000e3a00000, 0x00000000e3a00000| Untracked 
| 571|0x00000000e3b00000, 0x00000000e3b00000, 0x00000000e3c00000|  0%| F|  |TAMS 0x00000000e3b00000, 0x00000000e3b00000| Untracked 
| 572|0x00000000e3c00000, 0x00000000e3c00000, 0x00000000e3d00000|  0%| F|  |TAMS 0x00000000e3c00000, 0x00000000e3c00000| Untracked 
| 573|0x00000000e3d00000, 0x00000000e3d00000, 0x00000000e3e00000|  0%| F|  |TAMS 0x00000000e3d00000, 0x00000000e3d00000| Untracked 
| 574|0x00000000e3e00000, 0x00000000e3e00000, 0x00000000e3f00000|  0%| F|  |TAMS 0x00000000e3e00000, 0x00000000e3e00000| Untracked 
| 575|0x00000000e3f00000, 0x00000000e3f00000, 0x00000000e4000000|  0%| F|  |TAMS 0x00000000e3f00000, 0x00000000e3f00000| Untracked 
| 576|0x00000000e4000000, 0x00000000e4000000, 0x00000000e4100000|  0%| F|  |TAMS 0x00000000e4000000, 0x00000000e4000000| Untracked 
| 577|0x00000000e4100000, 0x00000000e4100000, 0x00000000e4200000|  0%| F|  |TAMS 0x00000000e4100000, 0x00000000e4100000| Untracked 
| 578|0x00000000e4200000, 0x00000000e4200000, 0x00000000e4300000|  0%| F|  |TAMS 0x00000000e4200000, 0x00000000e4200000| Untracked 
| 579|0x00000000e4300000, 0x00000000e4300000, 0x00000000e4400000|  0%| F|  |TAMS 0x00000000e4300000, 0x00000000e4300000| Untracked 
| 580|0x00000000e4400000, 0x00000000e4400000, 0x00000000e4500000|  0%| F|  |TAMS 0x00000000e4400000, 0x00000000e4400000| Untracked 
| 581|0x00000000e4500000, 0x00000000e4500000, 0x00000000e4600000|  0%| F|  |TAMS 0x00000000e4500000, 0x00000000e4500000| Untracked 
| 582|0x00000000e4600000, 0x00000000e4600000, 0x00000000e4700000|  0%| F|  |TAMS 0x00000000e4600000, 0x00000000e4600000| Untracked 
| 583|0x00000000e4700000, 0x00000000e4700000, 0x00000000e4800000|  0%| F|  |TAMS 0x00000000e4700000, 0x00000000e4700000| Untracked 
| 584|0x00000000e4800000, 0x00000000e4800000, 0x00000000e4900000|  0%| F|  |TAMS 0x00000000e4800000, 0x00000000e4800000| Untracked 
| 585|0x00000000e4900000, 0x00000000e4900000, 0x00000000e4a00000|  0%| F|  |TAMS 0x00000000e4900000, 0x00000000e4900000| Untracked 
| 586|0x00000000e4a00000, 0x00000000e4a00000, 0x00000000e4b00000|  0%| F|  |TAMS 0x00000000e4a00000, 0x00000000e4a00000| Untracked 
| 587|0x00000000e4b00000, 0x00000000e4b00000, 0x00000000e4c00000|  0%| F|  |TAMS 0x00000000e4b00000, 0x00000000e4b00000| Untracked 
| 588|0x00000000e4c00000, 0x00000000e4c00000, 0x00000000e4d00000|  0%| F|  |TAMS 0x00000000e4c00000, 0x00000000e4c00000| Untracked 
| 589|0x00000000e4d00000, 0x00000000e4d00000, 0x00000000e4e00000|  0%| F|  |TAMS 0x00000000e4d00000, 0x00000000e4d00000| Untracked 
| 590|0x00000000e4e00000, 0x00000000e4e00000, 0x00000000e4f00000|  0%| F|  |TAMS 0x00000000e4e00000, 0x00000000e4e00000| Untracked 
| 591|0x00000000e4f00000, 0x00000000e4f00000, 0x00000000e5000000|  0%| F|  |TAMS 0x00000000e4f00000, 0x00000000e4f00000| Untracked 
| 592|0x00000000e5000000, 0x00000000e5000000, 0x00000000e5100000|  0%| F|  |TAMS 0x00000000e5000000, 0x00000000e5000000| Untracked 
| 593|0x00000000e5100000, 0x00000000e5100000, 0x00000000e5200000|  0%| F|  |TAMS 0x00000000e5100000, 0x00000000e5100000| Untracked 
| 594|0x00000000e5200000, 0x00000000e5200000, 0x00000000e5300000|  0%| F|  |TAMS 0x00000000e5200000, 0x00000000e5200000| Untracked 
| 595|0x00000000e5300000, 0x00000000e5300000, 0x00000000e5400000|  0%| F|  |TAMS 0x00000000e5300000, 0x00000000e5300000| Untracked 
| 596|0x00000000e5400000, 0x00000000e5400000, 0x00000000e5500000|  0%| F|  |TAMS 0x00000000e5400000, 0x00000000e5400000| Untracked 
| 597|0x00000000e5500000, 0x00000000e5500000, 0x00000000e5600000|  0%| F|  |TAMS 0x00000000e5500000, 0x00000000e5500000| Untracked 
| 598|0x00000000e5600000, 0x00000000e5600000, 0x00000000e5700000|  0%| F|  |TAMS 0x00000000e5600000, 0x00000000e5600000| Untracked 
| 599|0x00000000e5700000, 0x00000000e5700000, 0x00000000e5800000|  0%| F|  |TAMS 0x00000000e5700000, 0x00000000e5700000| Untracked 
| 600|0x00000000e5800000, 0x00000000e5800000, 0x00000000e5900000|  0%| F|  |TAMS 0x00000000e5800000, 0x00000000e5800000| Untracked 
| 601|0x00000000e5900000, 0x00000000e5a00000, 0x00000000e5a00000|100%| E|  |TAMS 0x00000000e5900000, 0x00000000e5900000| Complete 
| 602|0x00000000e5a00000, 0x00000000e5b00000, 0x00000000e5b00000|100%| E|CS|TAMS 0x00000000e5a00000, 0x00000000e5a00000| Complete 
| 603|0x00000000e5b00000, 0x00000000e5c00000, 0x00000000e5c00000|100%| E|CS|TAMS 0x00000000e5b00000, 0x00000000e5b00000| Complete 
| 604|0x00000000e5c00000, 0x00000000e5d00000, 0x00000000e5d00000|100%| E|CS|TAMS 0x00000000e5c00000, 0x00000000e5c00000| Complete 
| 605|0x00000000e5d00000, 0x00000000e5e00000, 0x00000000e5e00000|100%| E|CS|TAMS 0x00000000e5d00000, 0x00000000e5d00000| Complete 
| 606|0x00000000e5e00000, 0x00000000e5f00000, 0x00000000e5f00000|100%| E|CS|TAMS 0x00000000e5e00000, 0x00000000e5e00000| Complete 
| 607|0x00000000e5f00000, 0x00000000e6000000, 0x00000000e6000000|100%| E|CS|TAMS 0x00000000e5f00000, 0x00000000e5f00000| Complete 
| 608|0x00000000e6000000, 0x00000000e6100000, 0x00000000e6100000|100%| E|CS|TAMS 0x00000000e6000000, 0x00000000e6000000| Complete 
| 609|0x00000000e6100000, 0x00000000e6200000, 0x00000000e6200000|100%| E|CS|TAMS 0x00000000e6100000, 0x00000000e6100000| Complete 
| 610|0x00000000e6200000, 0x00000000e6300000, 0x00000000e6300000|100%| E|CS|TAMS 0x00000000e6200000, 0x00000000e6200000| Complete 
| 611|0x00000000e6300000, 0x00000000e6400000, 0x00000000e6400000|100%| E|CS|TAMS 0x00000000e6300000, 0x00000000e6300000| Complete 
| 612|0x00000000e6400000, 0x00000000e6500000, 0x00000000e6500000|100%| E|CS|TAMS 0x00000000e6400000, 0x00000000e6400000| Complete 
| 613|0x00000000e6500000, 0x00000000e6600000, 0x00000000e6600000|100%| E|CS|TAMS 0x00000000e6500000, 0x00000000e6500000| Complete 

Card table byte_map: [0x00000214f5f90000,0x00000214f6190000] _byte_map_base: 0x00000214f5990000

Marking Bits (Prev, Next): (CMBitMap*) 0x00000214df299ae0, (CMBitMap*) 0x00000214df299b20
 Prev Bits: [0x00000214f6390000, 0x00000214f7390000)
 Next Bits: [0x00000214f7390000, 0x00000214f8390000)

Polling page: 0x00000214dea10000

Metaspace:

Usage:
  Non-class:     17.30 MB used.
      Class:      2.48 MB used.
       Both:     19.78 MB used.

Virtual space:
  Non-class space:       64.00 MB reserved,      17.44 MB ( 27%) committed,  1 nodes.
      Class space:        1.00 GB reserved,       2.62 MB ( <1%) committed,  1 nodes.
             Both:        1.06 GB reserved,      20.06 MB (  2%) committed. 

Chunk freelists:
   Non-Class:  13.72 MB
       Class:  13.30 MB
        Both:  27.02 MB

MaxMetaspaceSize: unlimited
CompressedClassSpaceSize: 1.00 GB
Initial GC threshold: 21.00 MB
Current GC threshold: 31.88 MB
CDS: on
MetaspaceReclaimPolicy: balanced
 - commit_granule_bytes: 65536.
 - commit_granule_words: 8192.
 - virtual_space_node_default_size: 8388608.
 - enlarge_chunks_in_place: 1.
 - new_chunks_are_fully_committed: 0.
 - uncommit_free_chunks: 1.
 - use_allocation_guard: 0.
 - handle_deallocations: 1.


Internal statistics:

num_allocs_failed_limit: 0.
num_arena_births: 258.
num_arena_deaths: 10.
num_vsnodes_births: 2.
num_vsnodes_deaths: 0.
num_space_committed: 321.
num_space_uncommitted: 0.
num_chunks_returned_to_freelist: 14.
num_chunks_taken_from_freelist: 1015.
num_chunk_merges: 0.
num_chunk_splits: 659.
num_chunks_enlarged: 496.
num_inconsistent_stats: 0.

CodeHeap 'non-profiled nmethods': size=120000Kb used=5701Kb max_used=5701Kb free=114298Kb
 bounds [0x00000214ee860000, 0x00000214eee00000, 0x00000214f5d90000]
CodeHeap 'profiled nmethods': size=120000Kb used=16586Kb max_used=17012Kb free=103413Kb
 bounds [0x00000214e6d90000, 0x00000214e7e30000, 0x00000214ee2c0000]
CodeHeap 'non-nmethods': size=5760Kb used=1183Kb max_used=1278Kb free=4576Kb
 bounds [0x00000214ee2c0000, 0x00000214ee530000, 0x00000214ee860000]
 total_blobs=6557 nmethods=6087 adapters=381
 compilation: enabled
              stopped_count=0, restarted_count=0
 full_count=0

Compilation events (20 events):
Event: 61.035 Thread 0x00000214fa850a90 9224       2       java.lang.Module::isExported (18 bytes)
Event: 61.036 Thread 0x00000214fa850a90 nmethod 9224 0x00000214e707d810 code [0x00000214e707d9e0, 0x00000214e707dc88]
Event: 61.038 Thread 0x00000214fa850a90 9226       2       java.lang.invoke.LambdaFormEditor$TransformKey::of (49 bytes)
Event: 61.038 Thread 0x00000214fa850a90 nmethod 9226 0x00000214e707d190 code [0x00000214e707d340, 0x00000214e707d6d8]
Event: 61.270 Thread 0x00000214fa850a90 9229       2       com.android.tools.r8.internal.Vz::a (583 bytes)
Event: 61.318 Thread 0x00000214fa850a90 nmethod 9229 0x00000214e707ab90 code [0x00000214e707af20, 0x00000214e707c1f8]
Event: 61.318 Thread 0x00000214fa850a90 9230 %     2       com.android.tools.r8.internal.Qk0::a @ 744 (818 bytes)
Event: 61.338 Thread 0x00000214fa850a90 nmethod 9230% 0x00000214e7362590 code [0x00000214e7362b60, 0x00000214e7364808]
Event: 61.338 Thread 0x00000214fa850a90 9231       3       java.util.HashMap::replacementTreeNode (21 bytes)
Event: 61.339 Thread 0x00000214fa850a90 nmethod 9231 0x00000214e7362110 code [0x00000214e73622c0, 0x00000214e7362488]
Event: 61.339 Thread 0x00000214fa850a90 9232       3       com.android.tools.r8.internal.Yl0::equals (43 bytes)
Event: 61.339 Thread 0x00000214fa850a90 nmethod 9232 0x00000214e7361a10 code [0x00000214e7361be0, 0x00000214e7361ff8]
Event: 61.350 Thread 0x00000214fa850a90 9233       2       com.android.tools.r8.internal.Qk0::a (818 bytes)
Event: 61.357 Thread 0x00000214fa850a90 nmethod 9233 0x00000214e7986210 code [0x00000214e79867c0, 0x00000214e79882f8]
Event: 61.470 Thread 0x00000214c12d8e50 nmethod 7972 0x00000214eede6390 code [0x00000214eede69c0, 0x00000214eedebdc8]
Event: 61.471 Thread 0x00000214c12d8e50 9234       4       com.android.tools.r8.internal.Qk0::a (818 bytes)
Event: 61.554 Thread 0x00000214fa850a90 9235       2       com.android.tools.r8.synthesis.V::<init> (10 bytes)
Event: 61.643 Thread 0x00000214fa850a90 nmethod 9235 0x00000214e7361690 code [0x00000214e7361820, 0x00000214e7361948]
Event: 61.708 Thread 0x00000214fa850a90 9237       2       com.android.tools.r8.graph.Q::h (39 bytes)
Event: 61.906 Thread 0x00000214fa850a90 nmethod 9237 0x00000214e7361310 code [0x00000214e73614a0, 0x00000214e73615f8]

GC Heap History (20 events):
Event: 42.444 GC heap before
{Heap before GC invocations=41 (full 0):
 garbage-first heap   total 628736K, used 541233K [0x00000000c0000000, 0x0000000100000000)
  region size 1024K, 235 young (240640K), 8 survivors (8192K)
 Metaspace       used 20072K, committed 20352K, reserved 1114112K
  class space    used 2530K, committed 2688K, reserved 1048576K
}
Event: 42.488 GC heap after
{Heap after GC invocations=42 (full 0):
 garbage-first heap   total 628736K, used 310137K [0x00000000c0000000, 0x0000000100000000)
  region size 1024K, 10 young (10240K), 10 survivors (10240K)
 Metaspace       used 20072K, committed 20352K, reserved 1114112K
  class space    used 2530K, committed 2688K, reserved 1048576K
}
Event: 44.589 GC heap before
{Heap before GC invocations=42 (full 0):
 garbage-first heap   total 628736K, used 544633K [0x00000000c0000000, 0x0000000100000000)
  region size 1024K, 239 young (244736K), 10 survivors (10240K)
 Metaspace       used 20106K, committed 20416K, reserved 1114112K
  class space    used 2530K, committed 2688K, reserved 1048576K
}
Event: 44.625 GC heap after
{Heap after GC invocations=43 (full 0):
 garbage-first heap   total 628736K, used 310833K [0x00000000c0000000, 0x0000000100000000)
  region size 1024K, 10 young (10240K), 10 survivors (10240K)
 Metaspace       used 20106K, committed 20416K, reserved 1114112K
  class space    used 2530K, committed 2688K, reserved 1048576K
}
Event: 46.977 GC heap before
{Heap before GC invocations=43 (full 0):
 garbage-first heap   total 628736K, used 548401K [0x00000000c0000000, 0x0000000100000000)
  region size 1024K, 242 young (247808K), 10 survivors (10240K)
 Metaspace       used 20127K, committed 20416K, reserved 1114112K
  class space    used 2531K, committed 2688K, reserved 1048576K
}
Event: 47.029 GC heap after
{Heap after GC invocations=44 (full 0):
 garbage-first heap   total 628736K, used 312783K [0x00000000c0000000, 0x0000000100000000)
  region size 1024K, 12 young (12288K), 12 survivors (12288K)
 Metaspace       used 20127K, committed 20416K, reserved 1114112K
  class space    used 2531K, committed 2688K, reserved 1048576K
}
Event: 49.156 GC heap before
{Heap before GC invocations=44 (full 0):
 garbage-first heap   total 628736K, used 551375K [0x00000000c0000000, 0x0000000100000000)
  region size 1024K, 245 young (250880K), 12 survivors (12288K)
 Metaspace       used 20145K, committed 20416K, reserved 1114112K
  class space    used 2531K, committed 2688K, reserved 1048576K
}
Event: 49.208 GC heap after
{Heap after GC invocations=45 (full 0):
 garbage-first heap   total 628736K, used 313393K [0x00000000c0000000, 0x0000000100000000)
  region size 1024K, 13 young (13312K), 13 survivors (13312K)
 Metaspace       used 20145K, committed 20416K, reserved 1114112K
  class space    used 2531K, committed 2688K, reserved 1048576K
}
Event: 51.393 GC heap before
{Heap before GC invocations=45 (full 0):
 garbage-first heap   total 628736K, used 550961K [0x00000000c0000000, 0x0000000100000000)
  region size 1024K, 245 young (250880K), 13 survivors (13312K)
 Metaspace       used 20163K, committed 20480K, reserved 1114112K
  class space    used 2533K, committed 2688K, reserved 1048576K
}
Event: 51.459 GC heap after
{Heap after GC invocations=46 (full 0):
 garbage-first heap   total 628736K, used 314929K [0x00000000c0000000, 0x0000000100000000)
  region size 1024K, 14 young (14336K), 14 survivors (14336K)
 Metaspace       used 20163K, committed 20480K, reserved 1114112K
  class space    used 2533K, committed 2688K, reserved 1048576K
}
Event: 53.372 GC heap before
{Heap before GC invocations=46 (full 0):
 garbage-first heap   total 628736K, used 550449K [0x00000000c0000000, 0x0000000100000000)
  region size 1024K, 244 young (249856K), 14 survivors (14336K)
 Metaspace       used 20180K, committed 20480K, reserved 1114112K
  class space    used 2536K, committed 2688K, reserved 1048576K
}
Event: 53.447 GC heap after
{Heap after GC invocations=47 (full 0):
 garbage-first heap   total 628736K, used 315953K [0x00000000c0000000, 0x0000000100000000)
  region size 1024K, 15 young (15360K), 15 survivors (15360K)
 Metaspace       used 20180K, committed 20480K, reserved 1114112K
  class space    used 2536K, committed 2688K, reserved 1048576K
}
Event: 55.200 GC heap before
{Heap before GC invocations=47 (full 0):
 garbage-first heap   total 628736K, used 549425K [0x00000000c0000000, 0x0000000100000000)
  region size 1024K, 243 young (248832K), 15 survivors (15360K)
 Metaspace       used 20191K, committed 20480K, reserved 1114112K
  class space    used 2536K, committed 2688K, reserved 1048576K
}
Event: 55.267 GC heap after
{Heap after GC invocations=48 (full 0):
 garbage-first heap   total 628736K, used 316977K [0x00000000c0000000, 0x0000000100000000)
  region size 1024K, 16 young (16384K), 16 survivors (16384K)
 Metaspace       used 20191K, committed 20480K, reserved 1114112K
  class space    used 2536K, committed 2688K, reserved 1048576K
}
Event: 57.228 GC heap before
{Heap before GC invocations=48 (full 0):
 garbage-first heap   total 628736K, used 548401K [0x00000000c0000000, 0x0000000100000000)
  region size 1024K, 242 young (247808K), 16 survivors (16384K)
 Metaspace       used 20221K, committed 20544K, reserved 1114112K
  class space    used 2536K, committed 2688K, reserved 1048576K
}
Event: 57.296 GC heap after
{Heap after GC invocations=49 (full 0):
 garbage-first heap   total 628736K, used 318513K [0x00000000c0000000, 0x0000000100000000)
  region size 1024K, 18 young (18432K), 18 survivors (18432K)
 Metaspace       used 20221K, committed 20544K, reserved 1114112K
  class space    used 2536K, committed 2688K, reserved 1048576K
}
Event: 59.393 GC heap before
{Heap before GC invocations=49 (full 0):
 garbage-first heap   total 628736K, used 545841K [0x00000000c0000000, 0x0000000100000000)
  region size 1024K, 240 young (245760K), 18 survivors (18432K)
 Metaspace       used 20239K, committed 20544K, reserved 1114112K
  class space    used 2538K, committed 2688K, reserved 1048576K
}
Event: 59.461 GC heap after
{Heap after GC invocations=50 (full 0):
 garbage-first heap   total 628736K, used 319537K [0x00000000c0000000, 0x0000000100000000)
  region size 1024K, 17 young (17408K), 17 survivors (17408K)
 Metaspace       used 20239K, committed 20544K, reserved 1114112K
  class space    used 2538K, committed 2688K, reserved 1048576K
}
Event: 61.159 GC heap before
{Heap before GC invocations=50 (full 0):
 garbage-first heap   total 628736K, used 546865K [0x00000000c0000000, 0x0000000100000000)
  region size 1024K, 239 young (244736K), 17 survivors (17408K)
 Metaspace       used 20251K, committed 20544K, reserved 1114112K
  class space    used 2539K, committed 2688K, reserved 1048576K
}
Event: 61.243 GC heap after
{Heap after GC invocations=51 (full 0):
 garbage-first heap   total 628736K, used 320718K [0x00000000c0000000, 0x0000000100000000)
  region size 1024K, 17 young (17408K), 17 survivors (17408K)
 Metaspace       used 20251K, committed 20544K, reserved 1114112K
  class space    used 2539K, committed 2688K, reserved 1048576K
}

Dll operation events (7 events):
Event: 0.011 Loaded shared library C:\Program Files (x86)\Android\openjdk\jdk-17.0.14\bin\java.dll
Event: 0.041 Loaded shared library C:\Program Files (x86)\Android\openjdk\jdk-17.0.14\bin\jsvml.dll
Event: 0.116 Loaded shared library C:\Program Files (x86)\Android\openjdk\jdk-17.0.14\bin\net.dll
Event: 0.119 Loaded shared library C:\Program Files (x86)\Android\openjdk\jdk-17.0.14\bin\nio.dll
Event: 0.150 Loaded shared library C:\Program Files (x86)\Android\openjdk\jdk-17.0.14\bin\zip.dll
Event: 0.803 Loaded shared library C:\Program Files (x86)\Android\openjdk\jdk-17.0.14\bin\jimage.dll
Event: 3.489 Loaded shared library C:\Program Files (x86)\Android\openjdk\jdk-17.0.14\bin\verify.dll

Deoptimization events (20 events):
Event: 61.155 Thread 0x00000214ff468710 Uncommon trap: trap_request=0xffffffde fr.pc=0x00000214eedba92c relative=0x00000000000033ac
Event: 61.155 Thread 0x00000214ff468710 Uncommon trap: reason=class_check action=maybe_recompile pc=0x00000214eedba92c method=com.android.tools.r8.internal.Qk0.a(Lcom/android/tools/r8/internal/OJ;)V @ 446 c2
Event: 61.155 Thread 0x00000214ff468710 DEOPT PACKING pc=0x00000214eedba92c sp=0x000000590e2fdcd0
Event: 61.155 Thread 0x00000214ff468710 DEOPT UNPACKING pc=0x00000214ee31699d sp=0x000000590e2fdca8 mode 2
Event: 61.156 Thread 0x00000214ff468710 Uncommon trap: trap_request=0xffffffde fr.pc=0x00000214eedba92c relative=0x00000000000033ac
Event: 61.156 Thread 0x00000214ff468710 Uncommon trap: reason=class_check action=maybe_recompile pc=0x00000214eedba92c method=com.android.tools.r8.internal.Qk0.a(Lcom/android/tools/r8/internal/OJ;)V @ 446 c2
Event: 61.156 Thread 0x00000214ff468710 DEOPT PACKING pc=0x00000214eedba92c sp=0x000000590e2fdcd0
Event: 61.156 Thread 0x00000214ff468710 DEOPT UNPACKING pc=0x00000214ee31699d sp=0x000000590e2fdca8 mode 2
Event: 61.259 Thread 0x00000214ff468710 Uncommon trap: trap_request=0xffffffc6 fr.pc=0x00000214eed3fee8 relative=0x00000000000054a8
Event: 61.259 Thread 0x00000214ff468710 Uncommon trap: reason=bimorphic_or_optimized_type_check action=maybe_recompile pc=0x00000214eed3fee8 method=com.android.tools.r8.internal.CQ.j()V @ 778 c2
Event: 61.259 Thread 0x00000214ff468710 DEOPT PACKING pc=0x00000214eed3fee8 sp=0x000000590e2fd630
Event: 61.259 Thread 0x00000214ff468710 DEOPT UNPACKING pc=0x00000214ee31699d sp=0x000000590e2fd618 mode 2
Event: 61.260 Thread 0x00000214ff468710 Uncommon trap: trap_request=0xffffffc6 fr.pc=0x00000214eed3fee8 relative=0x00000000000054a8
Event: 61.260 Thread 0x00000214ff468710 Uncommon trap: reason=bimorphic_or_optimized_type_check action=maybe_recompile pc=0x00000214eed3fee8 method=com.android.tools.r8.internal.CQ.j()V @ 778 c2
Event: 61.260 Thread 0x00000214ff468710 DEOPT PACKING pc=0x00000214eed3fee8 sp=0x000000590e2fd630
Event: 61.260 Thread 0x00000214ff468710 DEOPT UNPACKING pc=0x00000214ee31699d sp=0x000000590e2fd618 mode 2
Event: 61.294 Thread 0x00000214ff468710 Uncommon trap: trap_request=0xffffffc6 fr.pc=0x00000214eebb9230 relative=0x0000000000000590
Event: 61.294 Thread 0x00000214ff468710 Uncommon trap: reason=bimorphic_or_optimized_type_check action=maybe_recompile pc=0x00000214eebb9230 method=com.android.tools.r8.internal.UI.next()Ljava/lang/Object; @ 13 c2
Event: 61.294 Thread 0x00000214ff468710 DEOPT PACKING pc=0x00000214eebb9230 sp=0x000000590e2fe420
Event: 61.294 Thread 0x00000214ff468710 DEOPT UNPACKING pc=0x00000214ee31699d sp=0x000000590e2fe400 mode 2

Classes loaded (20 events):
Event: 22.324 Loading class sun/reflect/generics/reflectiveObjects/ParameterizedTypeImpl
Event: 22.324 Loading class java/lang/reflect/ParameterizedType
Event: 22.325 Loading class java/lang/reflect/ParameterizedType done
Event: 22.325 Loading class sun/reflect/generics/reflectiveObjects/ParameterizedTypeImpl done
Event: 22.325 Loading class sun/reflect/generics/reflectiveObjects/TypeVariableImpl
Event: 22.326 Loading class sun/reflect/generics/reflectiveObjects/LazyReflectiveObjectGenerator
Event: 22.326 Loading class sun/reflect/generics/reflectiveObjects/LazyReflectiveObjectGenerator done
Event: 22.326 Loading class sun/reflect/generics/reflectiveObjects/TypeVariableImpl done
Event: 25.124 Loading class java/util/stream/MatchOps$MatchKind
Event: 25.125 Loading class java/util/stream/MatchOps$MatchKind done
Event: 25.125 Loading class java/util/stream/MatchOps
Event: 25.125 Loading class java/util/stream/MatchOps done
Event: 25.126 Loading class java/util/stream/MatchOps$MatchOp
Event: 25.126 Loading class java/util/stream/MatchOps$MatchOp done
Event: 25.126 Loading class java/util/stream/MatchOps$BooleanTerminalSink
Event: 25.127 Loading class java/util/stream/MatchOps$BooleanTerminalSink done
Event: 25.127 Loading class java/util/stream/MatchOps$1MatchSink
Event: 25.129 Loading class java/util/stream/MatchOps$1MatchSink done
Event: 33.294 Loading class java/util/ArrayList$ListItr
Event: 33.295 Loading class java/util/ArrayList$ListItr done

Classes unloaded (5 events):
Event: 18.907 Thread 0x00000214fa822670 Unloading class 0x0000021481114800 'java/lang/invoke/LambdaForm$DMH+0x0000021481114800'
Event: 18.907 Thread 0x00000214fa822670 Unloading class 0x0000021481104800 'java/lang/invoke/LambdaForm$DMH+0x0000021481104800'
Event: 18.907 Thread 0x00000214fa822670 Unloading class 0x0000021481104000 'java/lang/invoke/LambdaForm$DMH+0x0000021481104000'
Event: 18.907 Thread 0x00000214fa822670 Unloading class 0x00000214810ac800 'java/lang/invoke/LambdaForm$DMH+0x00000214810ac800'
Event: 18.907 Thread 0x00000214fa822670 Unloading class 0x00000214810ac400 'java/lang/invoke/LambdaForm$DMH+0x00000214810ac400'

Classes redefined (0 events):
No events

Internal exceptions (20 events):
Event: 21.122 Thread 0x00000214c132b610 Exception <a 'java/lang/NoSuchMethodError'{0x00000000e5378c90}: 'java.lang.Object java.lang.invoke.DirectMethodHandle$Holder.newInvokeSpecial(java.lang.Object, long)'> (0x00000000e5378c90) 
thrown [s\src\hotspot\share\interpreter\linkResolver.cpp, line 759]
Event: 21.136 Thread 0x00000214c132b610 Exception <a 'java/lang/NoSuchMethodError'{0x00000000e5394e00}: 'int java.lang.invoke.DirectMethodHandle$Holder.invokeSpecialIFC(java.lang.Object, java.lang.Object, java.lang.Object, java.lang.Object)'> (0x00000000e5394e00) 
thrown [s\src\hotspot\share\interpreter\linkResolver.cpp, line 759]
Event: 21.505 Thread 0x00000214ff468710 Exception <a 'java/lang/NoSuchMethodError'{0x00000000e5085970}: 'java.lang.Object java.lang.invoke.DirectMethodHandle$Holder.newInvokeSpecial(java.lang.Object, java.lang.Object, java.lang.Object, java.lang.Object, java.lang.Object, java.lang.Object, java.lang.Object, java.lang.Object, java.lang.Object)'> (0x00000000e5085970) 
thrown [s\src\hotspot\share\interpreter\linkResolver.cpp, line 759]
Event: 21.506 Thread 0x00000214ff468710 Exception <a 'java/lang/NoSuchMethodError'{0x00000000e508ab28}: 'java.lang.Object java.lang.invoke.DirectMethodHandle$Holder.invokeSpecial(java.lang.Object, java.lang.Object, java.lang.Object, java.lang.Object, java.lang.Object, java.lang.Object, java.lang.Object, java.lang.Object, java.lang.Object, java.lang.Object)'> (0x00000000e508ab28) 
thrown [s\src\hotspot\share\interpreter\linkResolver.cpp, line 759]
Event: 21.507 Thread 0x00000214ff468710 Exception <a 'java/lang/NoSuchMethodError'{0x00000000e508f0f0}: 'java.lang.Object java.lang.invoke.Invokers$Holder.linkToTargetMethod(java.lang.Object, java.lang.Object, java.lang.Object, java.lang.Object, java.lang.Object, java.lang.Object, java.lang.Object, java.lang.Object, java.lang.Object)'> (0x00000000e508f0f0) 
thrown [s\src\hotspot\share\interpreter\linkResolver.cpp, line 759]
Event: 21.847 Thread 0x00000214ff468710 Exception <a 'java/lang/NoSuchMethodError'{0x00000000e4bf53a8}: 'void java.lang.invoke.DirectMethodHandle$Holder.invokeStatic(java.lang.Object, java.lang.Object, java.lang.Object, java.lang.Object, java.lang.Object, java.lang.Object, java.lang.Object)'> (0x00000000e4bf53a8) 
thrown [s\src\hotspot\share\interpreter\linkResolver.cpp, line 759]
Event: 22.208 Thread 0x00000214ff468710 Exception <a 'java/lang/NoSuchMethodError'{0x00000000e44c6c70}: 'java.lang.Object java.lang.invoke.DirectMethodHandle$Holder.invokeSpecial(java.lang.Object, java.lang.Object, java.lang.Object, java.lang.Object, java.lang.Object, java.lang.Object, java.lang.Object, java.lang.Object, java.lang.Object, java.lang.Object, java.lang.Object, java.lang.Object, java.lang.Object)'> (0x00000000e44c6c70) 
thrown [s\src\hotspot\share\interpreter\linkResolver.cpp, line 759]
Event: 22.225 Thread 0x00000214ff468710 Exception <a 'java/lang/NoSuchMethodError'{0x00000000e44f69b0}: 'int java.lang.invoke.DirectMethodHandle$Holder.invokeSpecial(java.lang.Object, java.lang.Object, int)'> (0x00000000e44f69b0) 
thrown [s\src\hotspot\share\interpreter\linkResolver.cpp, line 759]
Event: 22.250 Thread 0x00000214c132b610 Exception <a 'java/lang/NoSuchMethodError'{0x00000000e4391ea0}: 'int java.lang.invoke.DirectMethodHandle$Holder.invokeStaticInit(java.lang.Object, java.lang.Object)'> (0x00000000e4391ea0) 
thrown [s\src\hotspot\share\interpreter\linkResolver.cpp, line 759]
Event: 22.954 Thread 0x00000214c132b610 Exception <a 'java/lang/NoSuchMethodError'{0x00000000e3b12268}: 'java.lang.Object java.lang.invoke.DirectMethodHandle$Holder.invokeInterface(java.lang.Object, java.lang.Object, int)'> (0x00000000e3b12268) 
thrown [s\src\hotspot\share\interpreter\linkResolver.cpp, line 759]
Event: 23.820 Thread 0x00000214ff468710 Exception <a 'java/lang/NoSuchMethodError'{0x00000000e23874b0}: 'int java.lang.invoke.DirectMethodHandle$Holder.invokeInterface(java.lang.Object, java.lang.Object, int)'> (0x00000000e23874b0) 
thrown [s\src\hotspot\share\interpreter\linkResolver.cpp, line 759]
Event: 25.094 Thread 0x00000214ff468710 Exception <a 'java/lang/NoSuchMethodError'{0x00000000dfcddb88}: 'void java.lang.invoke.DirectMethodHandle$Holder.invokeSpecialIFC(java.lang.Object, java.lang.Object, java.lang.Object, java.lang.Object)'> (0x00000000dfcddb88) 
thrown [s\src\hotspot\share\interpreter\linkResolver.cpp, line 759]
Event: 25.122 Thread 0x00000214ff468710 Exception <a 'java/lang/NoSuchMethodError'{0x00000000df956d10}: 'java.lang.Object java.lang.invoke.DirectMethodHandle$Holder.newInvokeSpecial(java.lang.Object, java.lang.Object, java.lang.Object, java.lang.Object, int)'> (0x00000000df956d10) 
thrown [s\src\hotspot\share\interpreter\linkResolver.cpp, line 759]
Event: 25.123 Thread 0x00000214ff468710 Exception <a 'java/lang/NoSuchMethodError'{0x00000000df95b048}: 'java.lang.Object java.lang.invoke.DirectMethodHandle$Holder.invokeSpecial(java.lang.Object, java.lang.Object, java.lang.Object, java.lang.Object, java.lang.Object, int)'> (0x00000000df95b048) 
thrown [s\src\hotspot\share\interpreter\linkResolver.cpp, line 759]
Event: 25.124 Thread 0x00000214ff468710 Exception <a 'java/lang/NoSuchMethodError'{0x00000000df95ed30}: 'java.lang.Object java.lang.invoke.Invokers$Holder.linkToTargetMethod(java.lang.Object, java.lang.Object, java.lang.Object, int, java.lang.Object)'> (0x00000000df95ed30) 
thrown [s\src\hotspot\share\interpreter\linkResolver.cpp, line 759]
Event: 25.931 Thread 0x00000214ff468710 Exception <a 'java/lang/NoSuchMethodError'{0x00000000dd90e688}: 'java.lang.Object java.lang.invoke.DirectMethodHandle$Holder.invokeSpecial(java.lang.Object, java.lang.Object, java.lang.Object, java.lang.Object, java.lang.Object, java.lang.Object, java.lang.Object, java.lang.Object, java.lang.Object, java.lang.Object, java.lang.Object, java.lang.Object)'> (0x00000000dd90e688) 
thrown [s\src\hotspot\share\interpreter\linkResolver.cpp, line 759]
Event: 25.940 Thread 0x00000214ff468710 Exception <a 'java/lang/NoSuchMethodError'{0x00000000dd93a128}: 'java.lang.Object java.lang.invoke.DirectMethodHandle$Holder.newInvokeSpecial(java.lang.Object, java.lang.Object, java.lang.Object, java.lang.Object, java.lang.Object, java.lang.Object, int)'> (0x00000000dd93a128) 
thrown [s\src\hotspot\share\interpreter\linkResolver.cpp, line 759]
Event: 25.941 Thread 0x00000214ff468710 Exception <a 'java/lang/NoSuchMethodError'{0x00000000dd93f0d8}: 'java.lang.Object java.lang.invoke.DirectMethodHandle$Holder.invokeSpecial(java.lang.Object, java.lang.Object, java.lang.Object, java.lang.Object, java.lang.Object, java.lang.Object, java.lang.Object, int)'> (0x00000000dd93f0d8) 
thrown [s\src\hotspot\share\interpreter\linkResolver.cpp, line 759]
Event: 37.700 Thread 0x00000214c132b610 Implicit null exception at 0x00000214eec37eb7 to 0x00000214eec3cd68
Event: 61.037 Thread 0x00000214c132b610 Exception <a 'java/lang/NoSuchMethodError'{0x00000000d9802740}: 'void java.lang.invoke.DirectMethodHandle$Holder.invokeInterface(java.lang.Object, java.lang.Object)'> (0x00000000d9802740) 
thrown [s\src\hotspot\share\interpreter\linkResolver.cpp, line 759]

VM Operations (20 events):
Event: 56.279 Executing VM operation: Cleanup
Event: 56.279 Executing VM operation: Cleanup done
Event: 57.142 Executing VM operation: HandshakeAllThreads
Event: 57.143 Executing VM operation: HandshakeAllThreads done
Event: 57.228 Executing VM operation: G1CollectForAllocation
Event: 57.296 Executing VM operation: G1CollectForAllocation done
Event: 58.302 Executing VM operation: Cleanup
Event: 58.302 Executing VM operation: Cleanup done
Event: 59.313 Executing VM operation: Cleanup
Event: 59.313 Executing VM operation: Cleanup done
Event: 59.393 Executing VM operation: G1CollectForAllocation
Event: 59.461 Executing VM operation: G1CollectForAllocation done
Event: 60.136 Executing VM operation: HandshakeAllThreads
Event: 60.136 Executing VM operation: HandshakeAllThreads done
Event: 61.138 Executing VM operation: Cleanup
Event: 61.138 Executing VM operation: Cleanup done
Event: 61.159 Executing VM operation: G1CollectForAllocation
Event: 61.243 Executing VM operation: G1CollectForAllocation done
Event: 62.251 Executing VM operation: Cleanup
Event: 62.564 Executing VM operation: Cleanup done

Memory protections (0 events):
No events

Nmethod flushes (20 events):
Event: 42.168 Thread 0x00000214fa85fbd0 flushing  nmethod 0x00000214e7be0590
Event: 42.168 Thread 0x00000214fa85fbd0 flushing  nmethod 0x00000214e7be2290
Event: 42.168 Thread 0x00000214fa85fbd0 flushing  nmethod 0x00000214e7be2e90
Event: 42.168 Thread 0x00000214fa85fbd0 flushing  nmethod 0x00000214e7be5410
Event: 42.169 Thread 0x00000214fa85fbd0 flushing  nmethod 0x00000214e7c2e610
Event: 42.169 Thread 0x00000214fa85fbd0 flushing  nmethod 0x00000214e7c38090
Event: 42.169 Thread 0x00000214fa85fbd0 flushing  nmethod 0x00000214e7c38610
Event: 42.169 Thread 0x00000214fa85fbd0 flushing  nmethod 0x00000214e7c39190
Event: 42.169 Thread 0x00000214fa85fbd0 flushing  nmethod 0x00000214e7c3d610
Event: 42.169 Thread 0x00000214fa85fbd0 flushing  nmethod 0x00000214e7c4c210
Event: 42.169 Thread 0x00000214fa85fbd0 flushing  nmethod 0x00000214e7c4c890
Event: 42.169 Thread 0x00000214fa85fbd0 flushing  nmethod 0x00000214e7c4d290
Event: 42.169 Thread 0x00000214fa85fbd0 flushing  nmethod 0x00000214e7c57910
Event: 42.169 Thread 0x00000214fa85fbd0 flushing  nmethod 0x00000214e7c99f10
Event: 42.169 Thread 0x00000214fa85fbd0 flushing  nmethod 0x00000214e7c9a490
Event: 42.169 Thread 0x00000214fa85fbd0 flushing  nmethod 0x00000214e7cb2a90
Event: 42.169 Thread 0x00000214fa85fbd0 flushing  nmethod 0x00000214e7cb6990
Event: 42.170 Thread 0x00000214fa85fbd0 flushing  nmethod 0x00000214e7cc4c90
Event: 42.170 Thread 0x00000214fa85fbd0 flushing  nmethod 0x00000214e7cc5790
Event: 57.164 Thread 0x00000214fa85fbd0 flushing  nmethod 0x00000214e79ed110

Events (19 events):
Event: 0.041 Thread 0x00000214df25b7c0 Thread added: 0x00000214df25b7c0
Event: 0.046 Thread 0x00000214df25b7c0 Thread added: 0x00000214fa827c20
Event: 0.046 Thread 0x00000214df25b7c0 Thread added: 0x00000214fa8289b0
Event: 0.065 Thread 0x00000214df25b7c0 Thread added: 0x00000214fa83dab0
Event: 0.065 Thread 0x00000214df25b7c0 Thread added: 0x00000214fa8414a0
Event: 0.065 Thread 0x00000214df25b7c0 Thread added: 0x00000214fa841d70
Event: 0.066 Thread 0x00000214df25b7c0 Thread added: 0x00000214fa842c50
Event: 0.066 Thread 0x00000214df25b7c0 Thread added: 0x00000214fa846d50
Event: 0.066 Thread 0x00000214df25b7c0 Thread added: 0x00000214fa850a90
Event: 0.066 Thread 0x00000214df25b7c0 Thread added: 0x00000214fa85fbd0
Event: 0.107 Thread 0x00000214df25b7c0 Thread added: 0x00000214fa983240
Event: 0.111 Thread 0x00000214df25b7c0 Thread added: 0x00000214fa9879e0
Event: 0.208 Thread 0x00000214fa846d50 Thread added: 0x00000214fa9d4800
Event: 2.822 Thread 0x00000214fa9d4800 Thread exited: 0x00000214fa9d4800
Event: 3.086 Thread 0x00000214fa846d50 Thread added: 0x00000214fa9d4800
Event: 3.361 Thread 0x00000214fa9d4800 Thread exited: 0x00000214fa9d4800
Event: 3.480 Thread 0x00000214df25b7c0 Thread added: 0x00000214ff468710
Event: 3.481 Thread 0x00000214ff468710 Thread added: 0x00000214c132b610
Event: 3.518 Thread 0x00000214fa846d50 Thread added: 0x00000214c12d8e50


Dynamic libraries:
0x00007ff6bb6d0000 - 0x00007ff6bb6de000 	C:\Program Files (x86)\Android\openjdk\jdk-17.0.14\bin\java.exe
0x00007ffb98ab0000 - 0x00007ffb98ca8000 	C:\Windows\SYSTEM32\ntdll.dll
0x00007ffb96e40000 - 0x00007ffb96f02000 	C:\Windows\System32\KERNEL32.DLL
0x00007ffb96640000 - 0x00007ffb9693e000 	C:\Windows\System32\KERNELBASE.dll
0x00007ffb96290000 - 0x00007ffb96390000 	C:\Windows\System32\ucrtbase.dll
0x00007ffb90850000 - 0x00007ffb9086d000 	C:\Program Files (x86)\Android\openjdk\jdk-17.0.14\bin\VCRUNTIME140.dll
0x00007ffb90830000 - 0x00007ffb90847000 	C:\Program Files (x86)\Android\openjdk\jdk-17.0.14\bin\jli.dll
0x00007ffb988d0000 - 0x00007ffb98a6d000 	C:\Windows\System32\USER32.dll
0x00007ffb96150000 - 0x00007ffb96172000 	C:\Windows\System32\win32u.dll
0x00007ffb95510000 - 0x00007ffb957aa000 	C:\Windows\WinSxS\amd64_microsoft.windows.common-controls_6595b64144ccf1df_6.0.19041.4355_none_60b8b9eb71f62e16\COMCTL32.dll
0x00007ffb97740000 - 0x00007ffb9776b000 	C:\Windows\System32\GDI32.dll
0x00007ffb97ad0000 - 0x00007ffb97b6e000 	C:\Windows\System32\msvcrt.dll
0x00007ffb96940000 - 0x00007ffb96a57000 	C:\Windows\System32\gdi32full.dll
0x00007ffb965a0000 - 0x00007ffb9663d000 	C:\Windows\System32\msvcp_win.dll
0x00007ffb96bc0000 - 0x00007ffb96bef000 	C:\Windows\System32\IMM32.DLL
0x00007ffb8da00000 - 0x00007ffb8da0c000 	C:\Program Files (x86)\Android\openjdk\jdk-17.0.14\bin\vcruntime140_1.dll
0x00007ffb82390000 - 0x00007ffb8241d000 	C:\Program Files (x86)\Android\openjdk\jdk-17.0.14\bin\msvcp140.dll
0x00007ffb601c0000 - 0x00007ffb60e32000 	C:\Program Files (x86)\Android\openjdk\jdk-17.0.14\bin\server\jvm.dll
0x00007ffb96cc0000 - 0x00007ffb96d71000 	C:\Windows\System32\ADVAPI32.dll
0x00007ffb971e0000 - 0x00007ffb9727f000 	C:\Windows\System32\sechost.dll
0x00007ffb96fe0000 - 0x00007ffb97103000 	C:\Windows\System32\RPCRT4.dll
0x00007ffb96180000 - 0x00007ffb961a7000 	C:\Windows\System32\bcrypt.dll
0x00007ffb96bf0000 - 0x00007ffb96c5b000 	C:\Windows\System32\WS2_32.dll
0x00007ffb95d40000 - 0x00007ffb95d8b000 	C:\Windows\SYSTEM32\POWRPROF.dll
0x00007ffb7e570000 - 0x00007ffb7e597000 	C:\Windows\SYSTEM32\WINMM.dll
0x00007ffb92ab0000 - 0x00007ffb92aba000 	C:\Windows\SYSTEM32\VERSION.dll
0x00007ffb958a0000 - 0x00007ffb958b2000 	C:\Windows\SYSTEM32\UMPDC.dll
0x00007ffb931c0000 - 0x00007ffb931d2000 	C:\Windows\SYSTEM32\kernel.appcore.dll
0x00007ffb8d9f0000 - 0x00007ffb8d9fa000 	C:\Program Files (x86)\Android\openjdk\jdk-17.0.14\bin\jimage.dll
0x00007ffb95b50000 - 0x00007ffb95d34000 	C:\Windows\SYSTEM32\DBGHELP.DLL
0x00007ffb95a90000 - 0x00007ffb95ac4000 	C:\Windows\SYSTEM32\dbgcore.DLL
0x00007ffb961b0000 - 0x00007ffb96232000 	C:\Windows\System32\bcryptPrimitives.dll
0x00007ffb8d9c0000 - 0x00007ffb8d9e5000 	C:\Program Files (x86)\Android\openjdk\jdk-17.0.14\bin\java.dll
0x00007ffb71ff0000 - 0x00007ffb720c7000 	C:\Program Files (x86)\Android\openjdk\jdk-17.0.14\bin\jsvml.dll
0x00007ffb97c90000 - 0x00007ffb983fd000 	C:\Windows\System32\SHELL32.dll
0x00007ffb934c0000 - 0x00007ffb93c64000 	C:\Windows\SYSTEM32\windows.storage.dll
0x00007ffb97770000 - 0x00007ffb97ac3000 	C:\Windows\System32\combase.dll
0x00007ffb953c0000 - 0x00007ffb953ee000 	C:\Windows\SYSTEM32\Wldp.dll
0x00007ffb96f10000 - 0x00007ffb96fdd000 	C:\Windows\System32\OLEAUT32.dll
0x00007ffb97110000 - 0x00007ffb971bd000 	C:\Windows\System32\SHCORE.dll
0x00007ffb96ad0000 - 0x00007ffb96b25000 	C:\Windows\System32\shlwapi.dll
0x00007ffb96080000 - 0x00007ffb960a4000 	C:\Windows\SYSTEM32\profapi.dll
0x00007ffb842a0000 - 0x00007ffb842ba000 	C:\Program Files (x86)\Android\openjdk\jdk-17.0.14\bin\net.dll
0x00007ffb8e120000 - 0x00007ffb8e22d000 	C:\Windows\SYSTEM32\WINHTTP.dll
0x00007ffb95150000 - 0x00007ffb951ba000 	C:\Windows\system32\mswsock.dll
0x00007ffb84070000 - 0x00007ffb84086000 	C:\Program Files (x86)\Android\openjdk\jdk-17.0.14\bin\nio.dll
0x00007ffb83010000 - 0x00007ffb83028000 	C:\Program Files (x86)\Android\openjdk\jdk-17.0.14\bin\zip.dll
0x00007ffb8d9b0000 - 0x00007ffb8d9c0000 	C:\Program Files (x86)\Android\openjdk\jdk-17.0.14\bin\verify.dll

dbghelp: loaded successfully - version: 4.0.5 - missing functions: none
symbol engine: initialized successfully - sym options: 0x614 - pdb path: .;C:\Program Files (x86)\Android\openjdk\jdk-17.0.14\bin;C:\Windows\SYSTEM32;C:\Windows\WinSxS\amd64_microsoft.windows.common-controls_6595b64144ccf1df_6.0.19041.4355_none_60b8b9eb71f62e16;C:\Program Files (x86)\Android\openjdk\jdk-17.0.14\bin\server

VM Arguments:
jvm_args: -Xmx1G 
java_command: com.android.tools.r8.D8 --debug --min-api 21 --output obj\Debug\net9.0-android\android\bin\ --lib C:\Program Files (x86)\Android\android-sdk\platforms\android-35\android.jar obj\Debug\net9.0-android\android\bin\classes.zip C:\Program Files\dotnet\packs\Microsoft.Android.Ref.35\35.0.78\ref\net9.0\mono.android.jar C:\Program Files\dotnet\packs\Microsoft.Android.Sdk.Windows\35.0.78\tools\\java_runtime_net6.jar C:\Users\Mohammed\.nuget\packages\xamarin.androidx.annotation.jvm\1.9.1.3\buildTransitive\net8.0-android34.0\..\..\jar\androidx.annotation.annotation-jvm.jar C:\Users\Mohammed\.nuget\packages\xamarin.androidx.collection.jvm\1.5.0.1\buildTransitive\net8.0-android34.0\..\..\jar\androidx.collection.collection-jvm.jar C:\Users\Mohammed\.nuget\packages\xamarin.androidx.annotation\1.9.1.3\buildTransitive\net8.0-android34.0\..\..\jar\androidx.annotation.annotation.jar C:\Users\Mohammed\.nuget\packages\xamarin.androidx.collection\1.5.0.1\buildTransitive\net8.0-android34.0\..\..\jar\androidx.collection.collection.jar C:\Users\Mohammed\.nuget\packages\xamarin.androidx.concurrent.futures\1.2.0.6\buildTransitive\net8.0-android34.0\..\..\jar\androidx.concurrent.concurrent-futures.jar C:\Users\Mohammed\.nuget\packages\xamarin.androidx.lifecycle.common.jvm\2.8.7.3\buildTransitive\net8.0-android34.0\..\..\jar\androidx.lifecycle.lifecycle-common-jvm.jar C:\Users\Mohammed\.nuget\packages\xamarin.androidx.lifecycle.common\2.8.7.3\buildTransitive\net8.0-android34.0\..\..\jar\androidx.lifecycle.lifecycle-common.jar C:\Users\Mohammed\.nuget\packages\xamarin.androidx.arch.core.common\2.2.0.16\buildTransitive\net8.0-android34.0\..\..\jar\androidx.arch.core.core-common.jar C:\Users\Mohammed\.nuget\packages\xamarin.androidx.resourceinspection.annotation\1.0.1.20\buildTransitive\net8.0-android34.0\..\..\jar\androidx.resourceinspection.resourceinspection-annotation.jar C:\Users\Mohammed\.nuget\packages\xamarin.androidx.constraintlayout.core\1.1.1.1\buildTransitive\net8.0-and
java_class_path (initial): C:\Program Files\dotnet\packs\Microsoft.Android.Sdk.Windows\35.0.78\tools\r8.jar
Launcher Type: SUN_STANDARD

[Global flags]
     intx CICompilerCount                          = 3                                         {product} {ergonomic}
     uint ConcGCThreads                            = 1                                         {product} {ergonomic}
     uint G1ConcRefinementThreads                  = 4                                         {product} {ergonomic}
   size_t G1HeapRegionSize                         = 1048576                                   {product} {ergonomic}
    uintx GCDrainStackTargetSize                   = 64                                        {product} {ergonomic}
   size_t InitialHeapSize                          = 65011712                                  {product} {ergonomic}
   size_t MarkStackSize                            = 4194304                                   {product} {ergonomic}
   size_t MaxHeapSize                              = 1073741824                                {product} {command line}
   size_t MaxNewSize                               = 643825664                                 {product} {ergonomic}
   size_t MinHeapDeltaBytes                        = 1048576                                   {product} {ergonomic}
   size_t MinHeapSize                              = 8388608                                   {product} {ergonomic}
    uintx NonNMethodCodeHeapSize                   = 5832780                                {pd product} {ergonomic}
    uintx NonProfiledCodeHeapSize                  = 122912730                              {pd product} {ergonomic}
    uintx ProfiledCodeHeapSize                     = 122912730                              {pd product} {ergonomic}
    uintx ReservedCodeCacheSize                    = 251658240                              {pd product} {ergonomic}
     bool SegmentedCodeCache                       = true                                      {product} {ergonomic}
   size_t SoftMaxHeapSize                          = 1073741824                             {manageable} {ergonomic}
     bool UseCompressedClassPointers               = true                           {product lp64_product} {ergonomic}
     bool UseCompressedOops                        = true                           {product lp64_product} {ergonomic}
     bool UseG1GC                                  = true                                      {product} {ergonomic}
     bool UseLargePagesIndividualAllocation        = false                                  {pd product} {ergonomic}

Logging:
Log output configuration:
 #0: stdout all=warning uptime,level,tags
 #1: stderr all=off uptime,level,tags

Environment Variables:
PATH=C:\Program Files (x86)\Android\openjdk\jdk-17.0.14\bin;C:\Program Files (x86)\Common Files\Intel\Shared Libraries\redist\intel64\compiler;C:\Windows\system32;C:\Windows;C:\Windows\System32\Wbem;C:\Windows\System32\WindowsPowerShell\v1.0\;C:\Windows\System32\OpenSSH\;C:\Program Files\dotnet\;C:\Program Files\Microsoft SQL Server\150\Tools\Binn\;C:\Program Files\Microsoft SQL Server\Client SDK\ODBC\170\Tools\Binn\;C:\Program Files (x86)\Windows Kits\10\Windows Performance Toolkit\;C:\Program Files\Git\cmd;C:\Users\Mohammed\AppData\Local\Microsoft\WindowsApps;;C:\Users\Mohammed\.dotnet\tools;C:\Users\Mohammed\AppData\Local\Programs\Microsoft VS Code\bin
USERNAME=Mohammed
OS=Windows_NT
PROCESSOR_IDENTIFIER=Intel64 Family 6 Model 37 Stepping 5, GenuineIntel
TMP=C:\Users\Mohammed\AppData\Local\Temp
TEMP=C:\Users\Mohammed\AppData\Local\Temp



Periodic native trim disabled


---------------  S Y S T E M  ---------------

OS:
 Windows 10 , 64 bit Build 19041 (10.0.19041.5198)
OS uptime: 0 days 0:17 hours

CPU: total 4 (initial active 4) (2 cores per cpu, 2 threads per core) family 6 model 37 stepping 5 microcode 0x7, cx8, cmov, fxsr, ht, mmx, sse, sse2, sse3, ssse3, sse4.1, sse4.2, popcnt, tsc, tscinvbit, clflush
Processor Information for the first 4 processors :
  Max Mhz: 2534, Current Mhz: 2133, Mhz Limit: 2534

Memory: 4k page, system-wide physical 3886M (209M free)
TotalPageFile size 9006M (AvailPageFile size 1934M)
current process WorkingSet (physical memory assigned to process): 515M, peak: 1012M
current process commit charge ("private bytes"): 1309M, peak: 1340M

vm_info: OpenJDK 64-Bit Server VM (17.0.14+7-LTS) for windows-amd64 JRE (17.0.14+7-LTS), built on Jan  8 2025 23:39:28 by "MicrosoftCorporation" with unknown MS VC++:1939

END.
