JvmtiExport can_access_local_variables 0
JvmtiExport can_hotswap_or_post_breakpoint 0
JvmtiExport can_post_on_exceptions 0
# 639 ciObject found
instanceKlass com/android/tools/r8/internal/Wm
ciInstanceKlass java/lang/Cloneable 1 0 7 100 1 100 1 1 1
instanceKlass com/android/tools/r8/internal/nl
instanceKlass com/android/tools/r8/internal/nJ
instanceKlass com/android/tools/r8/internal/La
instanceKlass com/android/tools/r8/internal/pl
instanceKlass com/android/tools/r8/internal/js
instanceKlass com/android/tools/r8/internal/u10
instanceKlass com/android/tools/r8/internal/Nm
instanceKlass com/android/tools/r8/internal/Dn
instanceKlass com/android/tools/r8/graph/a1
instanceKlass com/android/tools/r8/graph/V0
instanceKlass com/android/tools/r8/internal/En
instanceKlass com/android/tools/r8/internal/rH
instanceKlass com/android/tools/r8/internal/S00
instanceKlass com/android/tools/r8/internal/e10
instanceKlass com/android/tools/r8/internal/CP
instanceKlass com/android/tools/r8/internal/ue
instanceKlass com/android/tools/r8/internal/SD
instanceKlass com/android/tools/r8/internal/MD
instanceKlass com/android/tools/r8/internal/UD
instanceKlass com/android/tools/r8/internal/VR
instanceKlass com/android/tools/r8/internal/JP
instanceKlass com/android/tools/r8/internal/Oc
instanceKlass com/android/tools/r8/internal/AP
instanceKlass com/android/tools/r8/internal/BP
instanceKlass com/android/tools/r8/internal/GP
instanceKlass com/android/tools/r8/internal/Fr0
instanceKlass java/util/stream/MatchOps$BooleanTerminalSink
instanceKlass java/util/stream/MatchOps$MatchOp
instanceKlass java/util/stream/MatchOps
instanceKlass com/android/tools/r8/synthesis/L
instanceKlass com/android/tools/r8/internal/Mi
instanceKlass com/android/tools/r8/internal/E
instanceKlass com/android/tools/r8/internal/D
instanceKlass com/android/tools/r8/internal/jz
instanceKlass com/android/tools/r8/internal/kz
instanceKlass com/android/tools/r8/internal/hz
instanceKlass com/android/tools/r8/FeatureSplit
instanceKlass com/android/tools/r8/synthesis/M
instanceKlass com/android/tools/r8/internal/yA
instanceKlass com/android/tools/r8/internal/TR
instanceKlass com/android/tools/r8/internal/Vm
instanceKlass com/android/tools/r8/internal/sX
instanceKlass com/android/tools/r8/internal/s7
instanceKlass com/android/tools/r8/internal/DS
instanceKlass sun/reflect/generics/reflectiveObjects/LazyReflectiveObjectGenerator
instanceKlass sun/reflect/generics/reflectiveObjects/ParameterizedTypeImpl
instanceKlass java/lang/reflect/ParameterizedType
instanceKlass sun/reflect/generics/visitor/Reifier
instanceKlass sun/reflect/generics/visitor/TypeTreeVisitor
instanceKlass sun/reflect/generics/tree/ClassSignature
instanceKlass sun/reflect/generics/tree/Signature
instanceKlass sun/reflect/generics/tree/ClassTypeSignature
instanceKlass sun/reflect/generics/tree/SimpleClassTypeSignature
instanceKlass sun/reflect/generics/tree/FieldTypeSignature
instanceKlass sun/reflect/generics/tree/BaseType
instanceKlass sun/reflect/generics/tree/TypeSignature
instanceKlass sun/reflect/generics/tree/ReturnType
instanceKlass sun/reflect/generics/tree/TypeArgument
instanceKlass sun/reflect/generics/tree/FormalTypeParameter
instanceKlass sun/reflect/generics/tree/TypeTree
instanceKlass sun/reflect/generics/tree/Tree
instanceKlass sun/reflect/generics/parser/SignatureParser
instanceKlass java/lang/reflect/TypeVariable
instanceKlass sun/reflect/generics/repository/AbstractRepository
instanceKlass sun/reflect/generics/factory/CoreReflectionFactory
instanceKlass sun/reflect/generics/factory/GenericsFactory
instanceKlass sun/reflect/generics/scope/AbstractScope
instanceKlass com/android/tools/r8/references/ArrayReference
instanceKlass sun/reflect/generics/scope/Scope
instanceKlass com/android/tools/r8/internal/OI
instanceKlass com/android/tools/r8/internal/bw
instanceKlass com/android/tools/r8/internal/cw
instanceKlass com/android/tools/r8/graph/M2
instanceKlass com/android/tools/r8/internal/Lt0
instanceKlass com/android/tools/r8/internal/is
instanceKlass com/android/tools/r8/internal/ks
instanceKlass com/android/tools/r8/internal/Mt0
instanceKlass com/android/tools/r8/internal/i9
instanceKlass com/android/tools/r8/internal/JY
instanceKlass com/android/tools/r8/internal/il
instanceKlass com/android/tools/r8/internal/k5
instanceKlass com/android/tools/r8/internal/jS
instanceKlass com/android/tools/r8/internal/ix
instanceKlass com/android/tools/r8/internal/jl
instanceKlass com/android/tools/r8/utils/a
instanceKlass com/android/tools/r8/internal/eZ
instanceKlass com/android/tools/r8/internal/Rd
instanceKlass com/android/tools/r8/internal/E3
instanceKlass com/android/tools/r8/internal/nS
instanceKlass com/android/tools/r8/internal/wZ
instanceKlass com/android/tools/r8/internal/Um
instanceKlass com/android/tools/r8/internal/hq0
instanceKlass com/android/tools/r8/graph/j3
instanceKlass com/android/tools/r8/internal/F5
instanceKlass com/android/tools/r8/internal/E8
instanceKlass com/android/tools/r8/internal/cF
instanceKlass com/android/tools/r8/internal/Lm
instanceKlass java/util/AbstractList$SubList$1
instanceKlass com/android/tools/r8/internal/aX
instanceKlass com/android/tools/r8/internal/C0
instanceKlass com/android/tools/r8/internal/ZW
instanceKlass com/android/tools/r8/internal/nn
instanceKlass com/android/tools/r8/internal/Lh
instanceKlass com/android/tools/r8/internal/jc0
instanceKlass com/android/tools/r8/internal/kc0
instanceKlass com/android/tools/r8/internal/Tk0
instanceKlass com/android/tools/r8/internal/EQ
instanceKlass com/android/tools/r8/internal/b8
instanceKlass com/android/tools/r8/internal/v2
instanceKlass com/android/tools/r8/internal/w2
instanceKlass com/android/tools/r8/androidapi/h
instanceKlass com/android/tools/r8/internal/eJ
instanceKlass com/android/tools/r8/internal/QZ
instanceKlass com/android/tools/r8/internal/J00
instanceKlass com/android/tools/r8/internal/L00
instanceKlass java/util/stream/StreamSpliterators
instanceKlass java/util/stream/AbstractSpinedBuffer
instanceKlass com/android/tools/r8/internal/HA
instanceKlass java/util/stream/StreamSpliterators$AbstractWrappingSpliterator
instanceKlass java/util/stream/SliceOps
instanceKlass com/android/tools/r8/internal/LT
instanceKlass java/util/logging/Logger$SystemLoggerHelper$1
instanceKlass java/util/logging/Logger$SystemLoggerHelper
instanceKlass com/android/tools/r8/internal/O00
instanceKlass java/util/logging/LogManager$4
instanceKlass jdk/internal/logger/BootstrapLogger$BootstrapExecutors
instanceKlass java/io/FilePermission$1
instanceKlass jdk/internal/access/JavaIOFilePermissionAccess
instanceKlass jdk/internal/logger/LoggerFinderLoader
instanceKlass java/util/stream/Streams
instanceKlass java/util/stream/Stream$Builder
instanceKlass java/util/stream/Streams$AbstractStreamBuilderImpl
instanceKlass com/android/tools/r8/internal/Bt0
instanceKlass java/util/stream/FindOps$FindOp
instanceKlass java/util/stream/FindOps$FindSink
instanceKlass java/util/stream/FindOps
instanceKlass java/util/Hashtable$Enumerator
instanceKlass java/util/Collections$3
instanceKlass java/util/logging/LogManager$LoggerContext$1
instanceKlass java/util/logging/LogManager$VisitedLoggers
instanceKlass java/util/logging/LogManager$2
instanceKlass sun/security/util/SecurityProperties
instanceKlass sun/security/util/FilePermCompat
instanceKlass java/util/logging/LogManager$LoggingProviderAccess
instanceKlass java/lang/Shutdown$Lock
instanceKlass java/lang/Shutdown
instanceKlass java/lang/ApplicationShutdownHooks$1
instanceKlass java/lang/ApplicationShutdownHooks
instanceKlass java/util/logging/LogManager$LogNode
instanceKlass java/util/logging/LogManager$LoggerContext
instanceKlass java/util/logging/LogManager$1
instanceKlass java/util/logging/LogManager
instanceKlass java/util/logging/Logger$ConfigurationData
instanceKlass java/util/logging/Logger$LoggerBundle
instanceKlass java/util/logging/Level
instanceKlass java/util/logging/Handler
instanceKlass java/util/logging/Logger
instanceKlass com/android/tools/r8/internal/m40
instanceKlass com/android/tools/r8/internal/Fi
instanceKlass com/android/tools/r8/internal/m
instanceKlass com/android/tools/r8/internal/Tz
instanceKlass com/android/tools/r8/internal/t9
instanceKlass com/android/tools/r8/internal/rr0
instanceKlass com/android/tools/r8/internal/B50
instanceKlass com/android/tools/r8/internal/bk0
instanceKlass com/android/tools/r8/internal/Bu0
instanceKlass com/android/tools/r8/internal/Qa
instanceKlass com/android/tools/r8/graph/proto/b
instanceKlass com/android/tools/r8/internal/KF
instanceKlass com/android/tools/r8/internal/TZ
instanceKlass com/android/tools/r8/internal/b1
instanceKlass com/android/tools/r8/internal/F10
instanceKlass com/android/tools/r8/graph/N4
instanceKlass com/android/tools/r8/internal/P10
instanceKlass com/android/tools/r8/graph/i1
instanceKlass com/android/tools/r8/ir/optimize/W
instanceKlass com/android/tools/r8/ir/optimize/O
instanceKlass com/android/tools/r8/graph/Z0
instanceKlass com/android/tools/r8/graph/Z2
instanceKlass com/android/tools/r8/graph/U0
instanceKlass com/android/tools/r8/internal/j8
instanceKlass com/android/tools/r8/internal/Km
instanceKlass com/android/tools/r8/internal/g8
instanceKlass com/android/tools/r8/internal/Xz
instanceKlass com/android/tools/r8/internal/Wm
instanceKlass com/android/tools/r8/ir/optimize/a0
instanceKlass com/android/tools/r8/ir/optimize/e0
instanceKlass com/android/tools/r8/internal/BQ
instanceKlass com/android/tools/r8/internal/Uk0
instanceKlass com/android/tools/r8/internal/ZR
instanceKlass com/android/tools/r8/internal/Zz
instanceKlass com/android/tools/r8/internal/bS
instanceKlass com/android/tools/r8/internal/YR
instanceKlass com/android/tools/r8/internal/M5
instanceKlass com/android/tools/r8/internal/mc0
instanceKlass com/android/tools/r8/internal/YW
instanceKlass com/android/tools/r8/internal/CQ
instanceKlass com/android/tools/r8/ir/optimize/t0
instanceKlass com/android/tools/r8/graph/b3
instanceKlass com/android/tools/r8/internal/ic0
instanceKlass com/android/tools/r8/internal/i8$a
instanceKlass com/android/tools/r8/internal/i8
instanceKlass com/android/tools/r8/internal/W5
instanceKlass com/android/tools/r8/ir/optimize/L
instanceKlass com/android/tools/r8/synthesis/H
instanceKlass com/android/tools/r8/internal/ns
instanceKlass com/android/tools/r8/internal/H5
instanceKlass com/android/tools/r8/ir/optimize/y
instanceKlass com/android/tools/r8/internal/Z0
instanceKlass com/android/tools/r8/ir/optimize/z
instanceKlass com/android/tools/r8/internal/Pn0
instanceKlass com/android/tools/r8/internal/L5
instanceKlass com/android/tools/r8/internal/K1
instanceKlass com/android/tools/r8/internal/Dt0
instanceKlass com/android/tools/r8/ir/optimize/u
instanceKlass com/android/tools/r8/internal/o30
instanceKlass com/android/tools/r8/internal/t7
instanceKlass com/android/tools/r8/internal/Ls
instanceKlass java/util/TimSort
instanceKlass java/util/Arrays$LegacyMergeSort
instanceKlass java/util/AbstractMap$SimpleImmutableEntry
instanceKlass java/util/stream/ForEachOps$ForEachOp
instanceKlass java/util/stream/ForEachOps
instanceKlass java/util/stream/SortedOps
instanceKlass java/util/IdentityHashMap$IdentityHashMapSpliterator
instanceKlass java/util/BitSet
instanceKlass com/android/tools/r8/internal/Qk0
instanceKlass com/android/tools/r8/ir/optimize/b
instanceKlass com/android/tools/r8/internal/Zx
instanceKlass com/android/tools/r8/internal/Lx
instanceKlass com/android/tools/r8/ir/optimize/t
instanceKlass com/android/tools/r8/internal/cA
instanceKlass com/android/tools/r8/internal/VI
instanceKlass com/android/tools/r8/internal/bA
instanceKlass com/android/tools/r8/internal/qq0
instanceKlass com/android/tools/r8/internal/Wd
instanceKlass com/android/tools/r8/internal/Ca0
instanceKlass com/android/tools/r8/internal/Yz
instanceKlass com/android/tools/r8/ir/optimize/r
instanceKlass com/android/tools/r8/internal/Vu0
instanceKlass com/android/tools/r8/internal/or0
instanceKlass com/android/tools/r8/internal/O5
instanceKlass com/android/tools/r8/internal/jj
instanceKlass com/android/tools/r8/ir/optimize/a
instanceKlass com/android/tools/r8/internal/aA
instanceKlass com/android/tools/r8/internal/eA
instanceKlass com/android/tools/r8/internal/Ih
instanceKlass com/android/tools/r8/internal/tD
instanceKlass com/android/tools/r8/internal/N5
instanceKlass java/util/LinkedList$ListItr
instanceKlass java/util/Collections$1
instanceKlass com/android/tools/r8/internal/oG
instanceKlass com/android/tools/r8/internal/Jf
instanceKlass com/android/tools/r8/internal/V10
instanceKlass com/android/tools/r8/internal/Jt0
instanceKlass com/android/tools/r8/internal/Uz
instanceKlass com/android/tools/r8/internal/Yo
instanceKlass com/android/tools/r8/internal/PF
instanceKlass com/android/tools/r8/internal/HE
instanceKlass com/android/tools/r8/internal/Rm
instanceKlass com/android/tools/r8/ir/optimize/E
instanceKlass com/android/tools/r8/internal/tt0
instanceKlass com/android/tools/r8/internal/ja0
instanceKlass com/android/tools/r8/internal/fH
instanceKlass com/android/tools/r8/internal/rZ
instanceKlass com/android/tools/r8/internal/Va
instanceKlass com/android/tools/r8/internal/Ma
instanceKlass com/android/tools/r8/internal/Na
instanceKlass com/android/tools/r8/internal/sb0
instanceKlass java/util/LinkedList$Node
instanceKlass com/android/tools/r8/internal/wG
instanceKlass com/android/tools/r8/internal/z8
instanceKlass com/android/tools/r8/internal/K5
instanceKlass com/android/tools/r8/internal/Qz
instanceKlass com/android/tools/r8/internal/hA
instanceKlass com/android/tools/r8/internal/AZ
instanceKlass com/android/tools/r8/internal/J
instanceKlass com/android/tools/r8/internal/ND
instanceKlass com/android/tools/r8/internal/CD
instanceKlass com/android/tools/r8/graph/proto/d
instanceKlass com/android/tools/r8/graph/proto/c
instanceKlass com/android/tools/r8/internal/WE
instanceKlass com/android/tools/r8/graph/proto/j
instanceKlass com/android/tools/r8/internal/Q
instanceKlass com/android/tools/r8/internal/HF
instanceKlass com/android/tools/r8/internal/rF
instanceKlass com/android/tools/r8/internal/Vz
instanceKlass com/android/tools/r8/internal/v8
instanceKlass com/android/tools/r8/internal/bb
instanceKlass com/android/tools/r8/internal/mG
instanceKlass com/android/tools/r8/internal/Ix
instanceKlass com/android/tools/r8/internal/Ht0
instanceKlass com/android/tools/r8/internal/Oa
instanceKlass com/android/tools/r8/internal/YD
instanceKlass com/android/tools/r8/internal/K8
instanceKlass com/android/tools/r8/internal/N8
instanceKlass com/android/tools/r8/internal/v9
instanceKlass com/android/tools/r8/internal/u9
instanceKlass com/android/tools/r8/graph/F
instanceKlass com/android/tools/r8/internal/TI
instanceKlass com/android/tools/r8/references/ClassReference
instanceKlass com/android/tools/r8/references/PrimitiveReference
instanceKlass com/android/tools/r8/references/Reference
instanceKlass com/android/tools/r8/position/MethodPosition
instanceKlass com/android/tools/r8/K
instanceKlass com/android/tools/r8/internal/Zl
instanceKlass com/android/tools/r8/internal/op0
instanceKlass com/android/tools/r8/internal/pp0
instanceKlass com/android/tools/r8/internal/np0
instanceKlass com/android/tools/r8/internal/mp0
instanceKlass com/android/tools/r8/ProgramResource$ByteResource
instanceKlass com/android/tools/r8/graph/e
instanceKlass com/android/tools/r8/graph/D4
instanceKlass com/android/tools/r8/graph/S4
instanceKlass com/android/tools/r8/graph/P4
instanceKlass com/android/tools/r8/graph/Q4
instanceKlass com/android/tools/r8/internal/x5
instanceKlass java/lang/Character$CharacterCache
instanceKlass java/io/Bits
instanceKlass java/io/ObjectOutputStream$ReplaceTable
instanceKlass java/io/ObjectOutputStream$HandleTable
instanceKlass java/io/ObjectStreamConstants
instanceKlass java/io/ObjectOutput
instanceKlass com/android/tools/r8/graph/C0
instanceKlass com/android/tools/r8/internal/B5
instanceKlass com/android/tools/r8/internal/DP
instanceKlass com/android/tools/r8/shaking/h2
instanceKlass com/android/tools/r8/internal/zd
instanceKlass com/android/tools/r8/internal/V90
instanceKlass java/util/Collections$UnmodifiableCollection$1
instanceKlass com/android/tools/r8/internal/Y50
instanceKlass com/android/tools/r8/internal/E90
instanceKlass com/android/tools/r8/internal/ua
instanceKlass com/android/tools/r8/internal/T8
instanceKlass com/android/tools/r8/internal/W8
instanceKlass com/android/tools/r8/internal/lc
instanceKlass com/android/tools/r8/internal/Zw
instanceKlass com/android/tools/r8/internal/M9
instanceKlass com/android/tools/r8/internal/ql
instanceKlass com/android/tools/r8/internal/O2
instanceKlass com/android/tools/r8/internal/Ql
instanceKlass com/android/tools/r8/internal/vq0
instanceKlass com/android/tools/r8/internal/Y8
instanceKlass com/android/tools/r8/internal/Ot0
instanceKlass com/android/tools/r8/internal/I90
instanceKlass com/android/tools/r8/internal/Hl
instanceKlass com/android/tools/r8/internal/Sl
instanceKlass com/android/tools/r8/internal/ot
instanceKlass com/android/tools/r8/internal/hX
instanceKlass com/android/tools/r8/internal/a6
instanceKlass com/android/tools/r8/internal/gX
instanceKlass com/android/tools/r8/internal/Cy
instanceKlass com/android/tools/r8/internal/sH
instanceKlass com/android/tools/r8/internal/uV
instanceKlass com/android/tools/r8/internal/fD
instanceKlass com/android/tools/r8/internal/Pt
instanceKlass com/android/tools/r8/ir/optimize/c
instanceKlass com/android/tools/r8/internal/L50
instanceKlass com/android/tools/r8/internal/EP
instanceKlass com/android/tools/r8/ir/optimize/s0
instanceKlass com/android/tools/r8/errors/UnsupportedFeatureDiagnostic
instanceKlass com/android/tools/r8/internal/Ss0
instanceKlass com/android/tools/r8/internal/Vs0
instanceKlass com/android/tools/r8/internal/H7
instanceKlass com/android/tools/r8/internal/DI
instanceKlass com/android/tools/r8/internal/CI
instanceKlass com/android/tools/r8/internal/ah
instanceKlass com/android/tools/r8/ir/optimize/K0
instanceKlass com/android/tools/r8/internal/bh
instanceKlass com/android/tools/r8/internal/nH
instanceKlass com/android/tools/r8/internal/nt
instanceKlass com/android/tools/r8/internal/lH
instanceKlass com/android/tools/r8/internal/jH
instanceKlass com/android/tools/r8/graph/f
instanceKlass com/android/tools/r8/internal/hH
instanceKlass com/android/tools/r8/internal/FP
instanceKlass com/android/tools/r8/internal/HP
instanceKlass com/android/tools/r8/internal/pn0
instanceKlass com/android/tools/r8/c
instanceKlass com/android/tools/r8/internal/Er0
instanceKlass com/android/tools/r8/internal/Dr0
instanceKlass com/android/tools/r8/utils/v
instanceKlass com/android/tools/r8/graph/Z
instanceKlass com/android/tools/r8/internal/Lc
instanceKlass com/android/tools/r8/graph/W
instanceKlass com/android/tools/r8/internal/Qr0
instanceKlass com/android/tools/r8/internal/Pk0
instanceKlass com/android/tools/r8/internal/ve
instanceKlass com/android/tools/r8/internal/WT
instanceKlass com/android/tools/r8/internal/VT
instanceKlass com/android/tools/r8/internal/us
instanceKlass com/android/tools/r8/internal/V6
instanceKlass com/android/tools/r8/internal/Gw
instanceKlass com/android/tools/r8/internal/w5
instanceKlass com/android/tools/r8/internal/t5
instanceKlass com/android/tools/r8/internal/j5
instanceKlass com/android/tools/r8/internal/SZ
instanceKlass com/android/tools/r8/internal/l5
instanceKlass com/android/tools/r8/internal/o5
instanceKlass com/android/tools/r8/internal/p5
instanceKlass com/android/tools/r8/internal/q5
instanceKlass com/android/tools/r8/internal/v5
instanceKlass com/android/tools/r8/internal/yX
instanceKlass com/android/tools/r8/internal/n9
instanceKlass com/android/tools/r8/internal/wX
instanceKlass java/util/Collections$2
instanceKlass com/android/tools/r8/internal/Oy
instanceKlass com/android/tools/r8/ir/optimize/M
instanceKlass java/util/ArrayList$ArrayListSpliterator
instanceKlass com/android/tools/r8/ir/optimize/d
instanceKlass com/android/tools/r8/ir/optimize/e
instanceKlass com/android/tools/r8/ir/optimize/F
instanceKlass com/android/tools/r8/ir/optimize/w
instanceKlass com/android/tools/r8/internal/Vd
instanceKlass com/android/tools/r8/ir/optimize/x0
instanceKlass com/android/tools/r8/internal/v7
instanceKlass com/android/tools/r8/internal/qD
instanceKlass com/android/tools/r8/internal/jn0
instanceKlass com/android/tools/r8/internal/kn0
instanceKlass com/android/tools/r8/internal/gj
instanceKlass com/android/tools/r8/internal/cI
instanceKlass com/android/tools/r8/internal/vt0
instanceKlass com/android/tools/r8/internal/Xd
instanceKlass com/android/tools/r8/internal/RF
instanceKlass com/android/tools/r8/ir/optimize/x
instanceKlass com/android/tools/r8/graph/K5
instanceKlass com/android/tools/r8/graph/I5
instanceKlass com/android/tools/r8/graph/d
instanceKlass com/android/tools/r8/shaking/j
instanceKlass com/android/tools/r8/graph/e3
instanceKlass com/android/tools/r8/internal/Wp0
instanceKlass com/android/tools/r8/shaking/p1
instanceKlass com/android/tools/r8/graph/p5
instanceKlass com/android/tools/r8/graph/m5
instanceKlass com/android/tools/r8/internal/kc
instanceKlass com/android/tools/r8/internal/Oh
instanceKlass com/android/tools/r8/internal/Aa
instanceKlass com/android/tools/r8/internal/Pl
instanceKlass com/android/tools/r8/internal/Rl
instanceKlass com/android/tools/r8/internal/Tl
instanceKlass com/android/tools/r8/internal/oH
instanceKlass com/android/tools/r8/internal/Il
instanceKlass com/android/tools/r8/internal/Gl
instanceKlass com/android/tools/r8/internal/UU
instanceKlass com/android/tools/r8/internal/KR
instanceKlass com/android/tools/r8/internal/gA
instanceKlass com/android/tools/r8/internal/QC
instanceKlass com/android/tools/r8/internal/d2
instanceKlass com/android/tools/r8/internal/Uv
instanceKlass com/android/tools/r8/internal/gm0
instanceKlass com/android/tools/r8/internal/wu
instanceKlass com/android/tools/r8/internal/bn
instanceKlass com/android/tools/r8/internal/NV
instanceKlass com/android/tools/r8/internal/TB
instanceKlass com/android/tools/r8/internal/Ud
instanceKlass com/android/tools/r8/internal/sV
instanceKlass com/android/tools/r8/internal/pU
instanceKlass com/android/tools/r8/internal/FZ
instanceKlass com/android/tools/r8/internal/Kt
instanceKlass com/android/tools/r8/internal/U20
instanceKlass com/android/tools/r8/internal/J9
instanceKlass com/android/tools/r8/internal/fA
instanceKlass com/android/tools/r8/internal/Jx
instanceKlass com/android/tools/r8/internal/t30
instanceKlass com/android/tools/r8/internal/e2
instanceKlass com/android/tools/r8/internal/Gt0
instanceKlass com/android/tools/r8/internal/os0
instanceKlass com/android/tools/r8/internal/My
instanceKlass com/android/tools/r8/internal/kb
instanceKlass com/android/tools/r8/internal/Cu0
instanceKlass com/android/tools/r8/internal/s9
instanceKlass com/android/tools/r8/internal/nE
instanceKlass com/android/tools/r8/internal/L
instanceKlass com/android/tools/r8/internal/uE
instanceKlass com/android/tools/r8/internal/Q40
instanceKlass com/android/tools/r8/internal/gx
instanceKlass com/android/tools/r8/internal/y50
instanceKlass com/android/tools/r8/internal/zC
instanceKlass com/android/tools/r8/internal/vC
instanceKlass com/android/tools/r8/internal/ZG
instanceKlass com/android/tools/r8/internal/bF
instanceKlass com/android/tools/r8/internal/q9$a
instanceKlass com/android/tools/r8/internal/K
instanceKlass com/android/tools/r8/internal/fk0
instanceKlass com/android/tools/r8/internal/C5
instanceKlass com/android/tools/r8/internal/ZE
instanceKlass com/android/tools/r8/internal/vE
instanceKlass com/android/tools/r8/internal/tE
instanceKlass com/android/tools/r8/internal/Za
instanceKlass com/android/tools/r8/position/TextRange
instanceKlass com/android/tools/r8/graph/G$a
instanceKlass com/android/tools/r8/graph/j0
instanceKlass com/android/tools/r8/internal/C1
instanceKlass com/android/tools/r8/internal/Vp0
instanceKlass com/android/tools/r8/internal/h8
instanceKlass com/android/tools/r8/position/TextPosition
instanceKlass com/android/tools/r8/internal/Nk0
instanceKlass com/android/tools/r8/internal/A8
instanceKlass com/android/tools/r8/internal/w9
instanceKlass com/android/tools/r8/graph/b6
instanceKlass com/android/tools/r8/internal/eo0
instanceKlass com/android/tools/r8/internal/W
instanceKlass com/android/tools/r8/internal/Ya
instanceKlass com/android/tools/r8/internal/sa
instanceKlass com/android/tools/r8/internal/qa
instanceKlass com/android/tools/r8/internal/JG
instanceKlass com/android/tools/r8/internal/xG
instanceKlass com/android/tools/r8/internal/R40
instanceKlass com/android/tools/r8/internal/IG
instanceKlass com/android/tools/r8/internal/lb
instanceKlass com/android/tools/r8/graph/n4
instanceKlass com/android/tools/r8/graph/m4
instanceKlass com/android/tools/r8/graph/c3
instanceKlass com/android/tools/r8/internal/UI
instanceKlass com/android/tools/r8/internal/yG
instanceKlass com/android/tools/r8/internal/OG
instanceKlass com/android/tools/r8/internal/vp0
instanceKlass com/android/tools/r8/internal/up0
instanceKlass com/android/tools/r8/internal/Yw
instanceKlass com/android/tools/r8/internal/QR$a
instanceKlass com/android/tools/r8/references/MethodReference
instanceKlass com/android/tools/r8/internal/l20
instanceKlass com/android/tools/r8/internal/hV
instanceKlass com/android/tools/r8/internal/xv
instanceKlass com/android/tools/r8/internal/H9
instanceKlass com/android/tools/r8/internal/ra
instanceKlass com/android/tools/r8/internal/qt
instanceKlass com/android/tools/r8/internal/tt
instanceKlass com/android/tools/r8/internal/t1
instanceKlass com/android/tools/r8/internal/zv
instanceKlass com/android/tools/r8/ir/optimize/f
instanceKlass com/android/tools/r8/synthesis/k
instanceKlass com/android/tools/r8/synthesis/b
instanceKlass com/android/tools/r8/internal/tl
instanceKlass com/android/tools/r8/internal/D4
instanceKlass java/lang/invoke/MethodHandle$1
instanceKlass com/android/tools/r8/internal/D2
instanceKlass com/android/tools/r8/internal/C2
instanceKlass com/android/tools/r8/internal/y2
instanceKlass com/android/tools/r8/internal/B2
instanceKlass com/android/tools/r8/androidapi/c
instanceKlass com/android/tools/r8/androidapi/f$a
instanceKlass com/android/tools/r8/androidapi/a
instanceKlass com/android/tools/r8/internal/P80
instanceKlass com/android/tools/r8/internal/pv
instanceKlass com/android/tools/r8/internal/pQ
instanceKlass com/android/tools/r8/internal/Nm0
instanceKlass com/android/tools/r8/internal/kD
instanceKlass com/android/tools/r8/internal/xt0
instanceKlass com/android/tools/r8/internal/L1
instanceKlass com/android/tools/r8/internal/Zl0
instanceKlass com/android/tools/r8/internal/uD
instanceKlass com/android/tools/r8/internal/r50
instanceKlass com/android/tools/r8/internal/sD
instanceKlass com/android/tools/r8/internal/JX
instanceKlass com/android/tools/r8/internal/aD
instanceKlass com/android/tools/r8/internal/OC
instanceKlass com/android/tools/r8/internal/fP
instanceKlass com/android/tools/r8/internal/q
instanceKlass com/android/tools/r8/internal/qQ
instanceKlass com/android/tools/r8/internal/oQ
instanceKlass com/android/tools/r8/internal/sQ
instanceKlass com/android/tools/r8/internal/pC
instanceKlass com/android/tools/r8/internal/os
instanceKlass com/android/tools/r8/internal/J1
instanceKlass com/android/tools/r8/internal/F1
instanceKlass com/android/tools/r8/internal/if
instanceKlass com/android/tools/r8/internal/ga0
instanceKlass com/android/tools/r8/internal/ea0
instanceKlass com/android/tools/r8/internal/Qs
instanceKlass com/android/tools/r8/internal/h6
instanceKlass com/android/tools/r8/internal/xz
instanceKlass com/android/tools/r8/internal/sU
instanceKlass com/android/tools/r8/internal/qZ
instanceKlass com/android/tools/r8/internal/rD
instanceKlass com/android/tools/r8/internal/UT
instanceKlass com/android/tools/r8/internal/vD
instanceKlass com/android/tools/r8/internal/H
instanceKlass com/android/tools/r8/internal/Bj0
instanceKlass com/android/tools/r8/internal/PC
instanceKlass com/android/tools/r8/internal/GV
instanceKlass com/android/tools/r8/naming/r0
instanceKlass com/android/tools/r8/internal/hn
instanceKlass com/android/tools/r8/internal/YT
instanceKlass com/android/tools/r8/internal/C4
instanceKlass com/android/tools/r8/internal/lT
instanceKlass com/android/tools/r8/internal/T5
instanceKlass com/android/tools/r8/internal/R10
instanceKlass com/android/tools/r8/shaking/l
instanceKlass com/android/tools/r8/shaking/k
instanceKlass com/android/tools/r8/internal/k1
instanceKlass com/android/tools/r8/startup/StartupProfileBuilder
instanceKlass com/android/tools/r8/internal/Ml0
instanceKlass com/android/tools/r8/internal/l1
instanceKlass com/android/tools/r8/internal/c7
instanceKlass com/android/tools/r8/profile/art/ArtProfileBuilder
instanceKlass com/android/tools/r8/internal/i4
instanceKlass com/android/tools/r8/internal/cf
instanceKlass com/android/tools/r8/internal/Fy
instanceKlass com/android/tools/r8/internal/j20
instanceKlass com/android/tools/r8/internal/d6
instanceKlass com/android/tools/r8/internal/Z5
instanceKlass com/android/tools/r8/internal/b6
instanceKlass com/android/tools/r8/internal/Y5
instanceKlass com/android/tools/r8/internal/I6
instanceKlass com/android/tools/r8/synthesis/E
instanceKlass com/android/tools/r8/synthesis/c
instanceKlass com/android/tools/r8/synthesis/a
instanceKlass com/android/tools/r8/SyntheticInfoConsumerData
instanceKlass com/android/tools/r8/synthesis/Y
instanceKlass com/android/tools/r8/synthesis/r
instanceKlass com/android/tools/r8/synthesis/s
instanceKlass com/android/tools/r8/synthesis/l
instanceKlass com/android/tools/r8/synthesis/j
instanceKlass com/android/tools/r8/synthesis/Z
instanceKlass com/android/tools/r8/internal/Vw
instanceKlass com/android/tools/r8/graph/V5
instanceKlass com/android/tools/r8/graph/F4
instanceKlass com/android/tools/r8/shaking/Z1
instanceKlass com/android/tools/r8/shaking/b2
instanceKlass com/android/tools/r8/synthesis/I
instanceKlass com/android/tools/r8/synthesis/B
instanceKlass com/android/tools/r8/synthesis/z
instanceKlass com/android/tools/r8/synthesis/D
instanceKlass com/android/tools/r8/internal/xp0
instanceKlass java/util/concurrent/ConcurrentLinkedQueue$Itr
instanceKlass com/android/tools/r8/graph/z0
instanceKlass com/android/tools/r8/dex/W
instanceKlass com/android/tools/r8/internal/wr0
instanceKlass com/android/tools/r8/graph/F3
instanceKlass com/android/tools/r8/internal/Mh
instanceKlass com/android/tools/r8/graph/D3$f
instanceKlass com/android/tools/r8/dex/t
instanceKlass com/android/tools/r8/graph/G3
instanceKlass com/android/tools/r8/internal/qu
instanceKlass com/android/tools/r8/graph/m1
instanceKlass com/android/tools/r8/internal/MC
instanceKlass com/android/tools/r8/internal/U3
instanceKlass com/android/tools/r8/internal/l10
instanceKlass com/android/tools/r8/internal/n10
instanceKlass com/android/tools/r8/internal/H10
instanceKlass com/android/tools/r8/internal/w10
instanceKlass com/android/tools/r8/internal/B10
instanceKlass com/android/tools/r8/internal/N10
instanceKlass com/android/tools/r8/internal/p10
instanceKlass com/android/tools/r8/graph/o3
instanceKlass com/android/tools/r8/graph/n3
instanceKlass com/android/tools/r8/graph/J4
instanceKlass com/android/tools/r8/graph/K4
instanceKlass com/android/tools/r8/graph/J4$a
instanceKlass com/android/tools/r8/internal/gq0
instanceKlass com/android/tools/r8/graph/j1$a
instanceKlass com/android/tools/r8/internal/wj0
instanceKlass com/android/tools/r8/internal/r8
instanceKlass com/android/tools/r8/internal/Nt
instanceKlass com/android/tools/r8/internal/ZC
instanceKlass com/android/tools/r8/internal/Cc
instanceKlass com/android/tools/r8/internal/r
instanceKlass com/android/tools/r8/internal/UB
instanceKlass com/android/tools/r8/graph/C2
instanceKlass com/android/tools/r8/naming/V$c
instanceKlass com/android/tools/r8/internal/B40
instanceKlass com/android/tools/r8/internal/B40$a
instanceKlass com/android/tools/r8/internal/iV
instanceKlass com/android/tools/r8/graph/D3$h
instanceKlass com/android/tools/r8/graph/D3$g
instanceKlass com/android/tools/r8/androidapi/g
instanceKlass com/android/tools/r8/androidapi/e
instanceKlass com/android/tools/r8/kotlin/a0
instanceKlass com/android/tools/r8/kotlin/d0
instanceKlass com/android/tools/r8/kotlin/p
instanceKlass com/android/tools/r8/internal/bt
instanceKlass com/android/tools/r8/internal/fI
instanceKlass com/android/tools/r8/internal/h0
instanceKlass com/android/tools/r8/internal/i6
instanceKlass com/android/tools/r8/internal/iK
instanceKlass com/android/tools/r8/shaking/S2
instanceKlass com/android/tools/r8/kotlin/b0
instanceKlass com/android/tools/r8/internal/Gs
instanceKlass com/android/tools/r8/graph/g1$a
instanceKlass com/android/tools/r8/kotlin/G
instanceKlass com/android/tools/r8/kotlin/Q
instanceKlass com/android/tools/r8/shaking/b0
instanceKlass com/android/tools/r8/internal/yv
instanceKlass com/android/tools/r8/internal/aU
instanceKlass com/android/tools/r8/androidapi/f
instanceKlass com/android/tools/r8/internal/su
instanceKlass com/android/tools/r8/internal/hx
instanceKlass com/android/tools/r8/graph/P
instanceKlass com/android/tools/r8/internal/Ho0
instanceKlass com/android/tools/r8/internal/ol
instanceKlass com/android/tools/r8/internal/nX
instanceKlass com/android/tools/r8/internal/J90
instanceKlass com/android/tools/r8/internal/K90
instanceKlass com/android/tools/r8/internal/S90
instanceKlass com/android/tools/r8/internal/I9
instanceKlass com/android/tools/r8/internal/tu
instanceKlass com/android/tools/r8/graph/a4
instanceKlass com/android/tools/r8/internal/ac0
instanceKlass com/android/tools/r8/internal/xq0
instanceKlass com/android/tools/r8/internal/y4
instanceKlass java/util/function/ToIntFunction
instanceKlass com/android/tools/r8/internal/go0
instanceKlass com/android/tools/r8/internal/io0
instanceKlass com/android/tools/r8/internal/cd0
instanceKlass com/android/tools/r8/internal/Hi
instanceKlass com/android/tools/r8/internal/fo0
instanceKlass com/android/tools/r8/internal/Eh
instanceKlass com/android/tools/r8/graph/D3$i
instanceKlass com/android/tools/r8/graph/D3
instanceKlass com/android/tools/r8/graph/j4
instanceKlass com/android/tools/r8/internal/SV
instanceKlass com/android/tools/r8/internal/K2
instanceKlass com/android/tools/r8/internal/I30
instanceKlass com/android/tools/r8/internal/G90
instanceKlass com/android/tools/r8/internal/Xv
instanceKlass com/android/tools/r8/internal/GC
instanceKlass com/android/tools/r8/internal/iW
instanceKlass com/android/tools/r8/internal/Yg
instanceKlass com/android/tools/r8/internal/qP
instanceKlass com/android/tools/r8/internal/I4
instanceKlass com/android/tools/r8/internal/vd
instanceKlass java/util/concurrent/ForkJoinPool$DefaultForkJoinWorkerThreadFactory$1
instanceKlass jdk/internal/util/random/RandomSupport
instanceKlass java/util/Random
instanceKlass java/util/random/RandomGenerator
instanceKlass java/util/concurrent/ForkJoinTask$Aux
instanceKlass java/util/concurrent/ForkJoinTask
instanceKlass java/util/concurrent/RunnableFuture
instanceKlass java/util/concurrent/Future
instanceKlass java/util/concurrent/Callable
instanceKlass com/android/tools/r8/internal/lp0
instanceKlass com/android/tools/r8/synthesis/K
instanceKlass com/android/tools/r8/graph/E2$a
instanceKlass com/android/tools/r8/graph/D3$b
instanceKlass com/android/tools/r8/graph/D3$d
instanceKlass com/android/tools/r8/graph/f3
instanceKlass com/android/tools/r8/graph/k5
instanceKlass com/android/tools/r8/graph/U
instanceKlass com/android/tools/r8/graph/V
instanceKlass com/android/tools/r8/graph/k4
instanceKlass java/io/RandomAccessFile$1
instanceKlass com/android/tools/r8/internal/b20
instanceKlass com/android/tools/r8/ProgramResource
instanceKlass com/android/tools/r8/internal/gI
instanceKlass com/android/tools/r8/internal/P7
instanceKlass com/android/tools/r8/graph/B
instanceKlass com/android/tools/r8/graph/d4
instanceKlass com/android/tools/r8/graph/y0
instanceKlass java/util/concurrent/ConcurrentLinkedQueue$Node
instanceKlass com/android/tools/r8/internal/ud
instanceKlass com/android/tools/r8/internal/R0
instanceKlass com/android/tools/r8/internal/PR
instanceKlass com/android/tools/r8/internal/SW
instanceKlass com/android/tools/r8/dex/m
instanceKlass com/android/tools/r8/dex/a
instanceKlass com/android/tools/r8/internal/Ro0
instanceKlass java/util/concurrent/atomic/AtomicReference
instanceKlass com/android/tools/r8/graph/c0
instanceKlass com/android/tools/r8/graph/c1
instanceKlass com/android/tools/r8/dex/c
instanceKlass com/android/tools/r8/internal/Bp0
instanceKlass com/android/tools/r8/internal/Ep0
instanceKlass com/android/tools/r8/internal/Gp0
instanceKlass java/util/concurrent/ForkJoinPool$WorkQueue
instanceKlass java/util/concurrent/ForkJoinPool$DefaultCommonPoolForkJoinWorkerThreadFactory
instanceKlass java/util/concurrent/ForkJoinPool$1
instanceKlass java/util/concurrent/ForkJoinPool$DefaultForkJoinWorkerThreadFactory
instanceKlass java/util/concurrent/ForkJoinPool$ForkJoinWorkerThreadFactory
instanceKlass java/util/concurrent/AbstractExecutorService
instanceKlass java/util/concurrent/Executors
instanceKlass com/android/tools/r8/internal/fp0
instanceKlass com/android/tools/r8/threading/ThreadingModule
instanceKlass com/android/tools/r8/threading/providers/blocking/ThreadingModuleBlockingProvider
instanceKlass com/android/tools/r8/threading/ThreadingModuleProvider
instanceKlass com/android/tools/r8/threading/a
instanceKlass com/android/tools/r8/internal/ep0
instanceKlass com/android/tools/r8/internal/EG
instanceKlass com/android/tools/r8/internal/QR
instanceKlass com/android/tools/r8/internal/n4
instanceKlass com/android/tools/r8/internal/b60
instanceKlass java/util/Collections$SynchronizedCollection
instanceKlass java/util/Properties$EntrySet
instanceKlass com/android/tools/r8/internal/As$a
instanceKlass com/android/tools/r8/internal/As
instanceKlass com/android/tools/r8/dex/b
instanceKlass com/android/tools/r8/ClassConflictResolver
instanceKlass com/android/tools/r8/internal/Mc
instanceKlass com/android/tools/r8/internal/KC
instanceKlass com/android/tools/r8/inspector/Inspector
instanceKlass com/android/tools/r8/AssertionsConfiguration$Builder
instanceKlass com/android/tools/r8/AssertionsConfiguration
instanceKlass com/android/tools/r8/internal/z4
instanceKlass com/android/tools/r8/internal/eT
instanceKlass com/android/tools/r8/retrace/ProguardMapProducer
instanceKlass com/android/tools/r8/Y
instanceKlass com/android/tools/r8/internal/bl0
instanceKlass com/android/tools/r8/internal/wD
instanceKlass com/android/tools/r8/internal/Yi0
instanceKlass java/util/IdentityHashMap$IdentityHashMapIterator
instanceKlass com/android/tools/r8/internal/US
instanceKlass com/android/tools/r8/internal/VS
instanceKlass com/android/tools/r8/internal/XS
instanceKlass com/android/tools/r8/utils/w$q$b
instanceKlass com/android/tools/r8/utils/w$q$a
instanceKlass com/android/tools/r8/internal/kq0
instanceKlass com/android/tools/r8/internal/Ch
instanceKlass com/android/tools/r8/graph/y
instanceKlass com/android/tools/r8/shaking/V1
instanceKlass com/android/tools/r8/shaking/n1
instanceKlass com/android/tools/r8/internal/Ic0
instanceKlass com/android/tools/r8/internal/Jc0
instanceKlass com/android/tools/r8/dex/t0
instanceKlass com/android/tools/r8/dex/Y
instanceKlass com/android/tools/r8/internal/iA
instanceKlass com/android/tools/r8/internal/n3
instanceKlass com/android/tools/r8/internal/kA
instanceKlass com/android/tools/r8/internal/p3
instanceKlass com/android/tools/r8/utils/w$q
instanceKlass com/android/tools/r8/internal/U40
instanceKlass com/android/tools/r8/internal/Ll0
instanceKlass com/android/tools/r8/internal/q4
instanceKlass com/android/tools/r8/utils/w$k
instanceKlass com/android/tools/r8/utils/w$f
instanceKlass com/android/tools/r8/utils/w$a
instanceKlass com/android/tools/r8/utils/y
instanceKlass com/android/tools/r8/internal/Z90
instanceKlass com/android/tools/r8/utils/w$o
instanceKlass com/android/tools/r8/utils/w$l
instanceKlass com/android/tools/r8/internal/au0
instanceKlass com/android/tools/r8/utils/w$h
instanceKlass com/android/tools/r8/internal/wJ
instanceKlass com/android/tools/r8/internal/Wj0
instanceKlass java/util/function/BooleanSupplier
instanceKlass sun/util/logging/PlatformLogger
instanceKlass sun/util/logging/PlatformLogger$ConfigurableBridge$LoggerConfiguration
instanceKlass jdk/internal/logger/BootstrapLogger$RedirectedLoggers
instanceKlass jdk/internal/logger/LazyLoggers$LazyLoggerAccessor
instanceKlass jdk/internal/logger/LazyLoggers$LoggerAccessor
instanceKlass jdk/internal/logger/AbstractLoggerWrapper
instanceKlass java/util/ServiceLoader$ProviderImpl
instanceKlass java/util/ServiceLoader$Provider
instanceKlass java/util/ServiceLoader$1
instanceKlass sun/util/logging/internal/LoggingProviderImpl$LogManagerAccess
instanceKlass java/util/concurrent/CopyOnWriteArrayList$COWIterator
instanceKlass jdk/internal/loader/URLClassPath$1
instanceKlass java/lang/CompoundEnumeration
instanceKlass jdk/internal/loader/BuiltinClassLoader$1
instanceKlass java/util/Collections$EmptyEnumeration
instanceKlass java/util/ServiceLoader$3
instanceKlass java/util/ServiceLoader$2
instanceKlass java/util/ServiceLoader$LazyClassPathLookupIterator
instanceKlass java/util/Spliterators$1Adapter
instanceKlass java/util/Spliterators$ArraySpliterator
instanceKlass java/util/ServiceLoader$ModuleServicesLookupIterator
instanceKlass java/util/ServiceLoader
instanceKlass jdk/internal/logger/BootstrapLogger$DetectBackend$1
instanceKlass jdk/internal/logger/BootstrapLogger$DetectBackend
instanceKlass jdk/internal/logger/BootstrapLogger
instanceKlass sun/util/logging/PlatformLogger$ConfigurableBridge
instanceKlass sun/util/logging/PlatformLogger$Bridge
instanceKlass jdk/internal/logger/DefaultLoggerFinder$1
instanceKlass java/lang/System$LoggerFinder
instanceKlass jdk/internal/logger/LazyLoggers$LazyLoggerFactories
instanceKlass jdk/internal/logger/LazyLoggers$1
instanceKlass jdk/internal/logger/LazyLoggers
instanceKlass jdk/internal/misc/ThreadTracker
instanceKlass jdk/internal/event/EventHelper$ThreadTrackHolder
instanceKlass sun/net/www/MessageHeader
instanceKlass sun/net/www/protocol/jar/JarFileFactory
instanceKlass sun/net/www/protocol/jar/URLJarFile$URLJarFileCloseController
instanceKlass java/net/URLConnection
instanceKlass jdk/internal/loader/BuiltinClassLoader$2
instanceKlass com/android/tools/r8/internal/Tt0
instanceKlass com/android/tools/r8/Version
instanceKlass com/android/tools/r8/internal/Oo0
instanceKlass com/android/tools/r8/utils/w$i
instanceKlass com/android/tools/r8/utils/w$e
instanceKlass com/android/tools/r8/utils/w$d
instanceKlass com/android/tools/r8/utils/w$c
instanceKlass com/android/tools/r8/utils/w$p
instanceKlass com/android/tools/r8/internal/T1
instanceKlass com/android/tools/r8/utils/w$m
instanceKlass com/android/tools/r8/utils/z
instanceKlass java/lang/ProcessEnvironment$CheckedEntry
instanceKlass java/lang/ProcessEnvironment$CheckedEntrySet$1
instanceKlass java/lang/ProcessEnvironment$EntryComparator
instanceKlass java/lang/ProcessEnvironment$NameComparator
instanceKlass com/android/tools/r8/ResourceShrinkerConfiguration
instanceKlass java/util/concurrent/atomic/AtomicBoolean
instanceKlass com/android/tools/r8/internal/Vr
instanceKlass com/android/tools/r8/internal/pb
instanceKlass com/android/tools/r8/internal/BJ
instanceKlass com/android/tools/r8/internal/Cr0
instanceKlass com/android/tools/r8/graph/t4
instanceKlass com/android/tools/r8/graph/f0
instanceKlass com/android/tools/r8/graph/u4
instanceKlass com/android/tools/r8/graph/h0
instanceKlass com/android/tools/r8/graph/b4
instanceKlass com/android/tools/r8/graph/h
instanceKlass com/android/tools/r8/internal/QS
instanceKlass com/android/tools/r8/utils/w
instanceKlass com/android/tools/r8/shaking/L0
instanceKlass com/android/tools/r8/GlobalSyntheticsConsumer
instanceKlass com/android/tools/r8/synthesis/i
instanceKlass com/android/tools/r8/InputDependencyGraphConsumer
instanceKlass com/android/tools/r8/shaking/d3
instanceKlass com/android/tools/r8/internal/Dz
instanceKlass com/android/tools/r8/internal/Nz
instanceKlass com/android/tools/r8/internal/yz
instanceKlass com/android/tools/r8/kotlin/f
instanceKlass com/android/tools/r8/kotlin/e
instanceKlass com/android/tools/r8/kotlin/d
instanceKlass java/util/stream/Sink$ChainedInt
instanceKlass java/util/stream/Sink$OfInt
instanceKlass java/util/function/IntConsumer
instanceKlass java/util/function/IntFunction
instanceKlass java/util/stream/Streams$RangeIntSpliterator
instanceKlass java/util/stream/IntStream
instanceKlass com/android/tools/r8/internal/X0
instanceKlass com/android/tools/r8/kotlin/c
instanceKlass com/android/tools/r8/kotlin/g
instanceKlass java/util/stream/Sink$ChainedReference
instanceKlass java/util/stream/ReduceOps$AccumulatingSink
instanceKlass java/util/stream/TerminalSink
instanceKlass java/util/stream/Sink
instanceKlass java/util/stream/ReduceOps$Box
instanceKlass java/util/stream/ReduceOps$ReduceOp
instanceKlass java/util/stream/TerminalOp
instanceKlass java/util/stream/ReduceOps
instanceKlass java/util/function/BinaryOperator
instanceKlass java/util/function/BiConsumer
instanceKlass java/util/stream/Collectors$CollectorImpl
instanceKlass java/util/stream/Collector
instanceKlass java/util/stream/Collectors
instanceKlass sun/reflect/annotation/AnnotationParser
instanceKlass java/lang/Class$3
instanceKlass java/util/EnumMap$1
instanceKlass java/util/stream/StreamOpFlag$MaskBuilder
instanceKlass java/util/stream/Stream
instanceKlass java/util/stream/BaseStream
instanceKlass java/util/stream/PipelineHelper
instanceKlass java/util/stream/StreamSupport
instanceKlass java/util/Spliterators$IteratorSpliterator
instanceKlass java/util/Spliterator$OfDouble
instanceKlass java/util/Spliterator$OfLong
instanceKlass java/util/Spliterator$OfInt
instanceKlass java/util/Spliterator$OfPrimitive
instanceKlass java/util/Spliterators$EmptySpliterator
instanceKlass java/util/Spliterators
instanceKlass com/android/tools/r8/internal/Xy
instanceKlass com/android/tools/r8/internal/W10
instanceKlass com/android/tools/r8/internal/gz
instanceKlass com/android/tools/r8/synthesis/P
instanceKlass com/android/tools/r8/internal/cz
instanceKlass com/android/tools/r8/references/TypeReference
instanceKlass com/android/tools/r8/synthesis/Q$b
instanceKlass com/android/tools/r8/synthesis/Q
instanceKlass com/android/tools/r8/graph/o2
instanceKlass com/android/tools/r8/graph/P1
instanceKlass com/android/tools/r8/graph/l2
instanceKlass com/android/tools/r8/graph/f2
instanceKlass com/android/tools/r8/graph/W1
instanceKlass com/android/tools/r8/graph/j2
instanceKlass com/android/tools/r8/graph/h2
instanceKlass com/android/tools/r8/graph/A1
instanceKlass com/android/tools/r8/graph/i2
instanceKlass com/android/tools/r8/graph/N1
instanceKlass com/android/tools/r8/graph/e2
instanceKlass com/android/tools/r8/graph/T1
instanceKlass com/android/tools/r8/graph/R1
instanceKlass com/android/tools/r8/graph/S1
instanceKlass com/android/tools/r8/graph/g
instanceKlass com/android/tools/r8/graph/C5
instanceKlass com/android/tools/r8/graph/K1
instanceKlass com/android/tools/r8/graph/d2
instanceKlass com/android/tools/r8/graph/I1
instanceKlass com/android/tools/r8/graph/H1
instanceKlass com/android/tools/r8/graph/z1
instanceKlass com/android/tools/r8/graph/B1$d
instanceKlass com/android/tools/r8/graph/k2
instanceKlass com/android/tools/r8/graph/E1
instanceKlass com/android/tools/r8/graph/B1$b
instanceKlass com/android/tools/r8/graph/g2
instanceKlass com/android/tools/r8/graph/n2
instanceKlass com/android/tools/r8/internal/uA
instanceKlass com/android/tools/r8/graph/z4
instanceKlass com/android/tools/r8/graph/E4
instanceKlass com/android/tools/r8/graph/G0
instanceKlass java/lang/invoke/LambdaFormEditor$1
instanceKlass java/lang/StrictMath
instanceKlass com/android/tools/r8/internal/ez
instanceKlass com/android/tools/r8/internal/WG
instanceKlass com/android/tools/r8/internal/zG
instanceKlass com/android/tools/r8/internal/J10
instanceKlass com/android/tools/r8/internal/x10
instanceKlass com/android/tools/r8/internal/mb0
instanceKlass com/android/tools/r8/internal/kj0
instanceKlass com/android/tools/r8/internal/hJ
instanceKlass com/android/tools/r8/internal/v10
instanceKlass com/android/tools/r8/internal/w1
instanceKlass com/android/tools/r8/internal/Qe
instanceKlass com/android/tools/r8/internal/ko0
instanceKlass com/android/tools/r8/internal/mz
instanceKlass com/android/tools/r8/internal/iz
instanceKlass com/android/tools/r8/internal/T6
instanceKlass com/android/tools/r8/internal/sr0
instanceKlass com/android/tools/r8/internal/IF
instanceKlass com/android/tools/r8/internal/P
instanceKlass com/android/tools/r8/internal/xF
instanceKlass com/android/tools/r8/internal/vx
instanceKlass com/android/tools/r8/graph/b2
instanceKlass com/android/tools/r8/graph/B1
instanceKlass com/android/tools/r8/internal/D20
instanceKlass com/android/tools/r8/internal/yu$a
instanceKlass com/android/tools/r8/internal/r7
instanceKlass com/android/tools/r8/internal/es
instanceKlass com/android/tools/r8/internal/i30
instanceKlass com/android/tools/r8/internal/ad0
instanceKlass com/android/tools/r8/internal/w40
instanceKlass com/android/tools/r8/position/Position
instanceKlass com/android/tools/r8/shaking/K0
instanceKlass com/android/tools/r8/utils/ArchiveResourceProvider
instanceKlass com/android/tools/r8/DataResourceProvider
instanceKlass java/lang/invoke/MethodHandles$1
instanceKlass java/lang/Long$LongCache
instanceKlass com/android/tools/r8/a
instanceKlass com/android/tools/r8/internal/T40
instanceKlass com/android/tools/r8/internal/me
instanceKlass com/android/tools/r8/internal/F0
instanceKlass com/android/tools/r8/internal/Hx
instanceKlass com/android/tools/r8/internal/F20
instanceKlass com/android/tools/r8/internal/fB
instanceKlass com/android/tools/r8/internal/U5
instanceKlass com/android/tools/r8/internal/Nk
instanceKlass com/android/tools/r8/utils/E
instanceKlass java/util/zip/ZipFile$ZipEntryIterator
instanceKlass java/util/function/Predicate
instanceKlass com/android/tools/r8/internal/IH
instanceKlass com/android/tools/r8/internal/Zv
instanceKlass sun/nio/fs/WindowsPath$1
instanceKlass com/android/tools/r8/internal/Sn0
instanceKlass com/android/tools/r8/internal/vw
instanceKlass java/util/function/Consumer
instanceKlass com/android/tools/r8/internal/RA
instanceKlass java/util/Spliterator
instanceKlass com/android/tools/r8/p$a
instanceKlass com/android/tools/r8/p
instanceKlass java/util/function/BiPredicate
instanceKlass com/android/tools/r8/utils/j$a
instanceKlass com/android/tools/r8/DataResource
instanceKlass com/android/tools/r8/DataResourceProvider$Visitor
instanceKlass com/android/tools/r8/internal/Gd
instanceKlass com/android/tools/r8/utils/j
instanceKlass com/android/tools/r8/internal/bd0
instanceKlass com/android/tools/r8/o
instanceKlass com/android/tools/r8/ClassFileConsumer$ForwardingConsumer
instanceKlass com/android/tools/r8/ClassFileConsumer
instanceKlass com/android/tools/r8/DexFilePerClassFileConsumer$ForwardingConsumer
instanceKlass com/android/tools/r8/DexFilePerClassFileConsumer
instanceKlass com/android/tools/r8/U
instanceKlass com/android/tools/r8/DataResourceConsumer
instanceKlass com/android/tools/r8/DexIndexedConsumer$ForwardingConsumer
instanceKlass com/android/tools/r8/DexIndexedConsumer
instanceKlass com/android/tools/r8/ByteBufferProvider
instanceKlass com/android/tools/r8/PartitionMapConsumer
instanceKlass com/android/tools/r8/ProgramConsumer
instanceKlass com/android/tools/r8/internal/Kl
instanceKlass com/android/tools/r8/internal/iB
instanceKlass com/android/tools/r8/internal/Gs0
instanceKlass com/android/tools/r8/internal/lz
instanceKlass com/android/tools/r8/internal/MG
instanceKlass com/android/tools/r8/internal/NG
instanceKlass com/android/tools/r8/internal/KB
instanceKlass com/android/tools/r8/profile/art/ArtProfileProvider
instanceKlass com/android/tools/r8/profile/art/ArtProfileConsumer
instanceKlass com/android/tools/r8/StringConsumer
instanceKlass com/android/tools/r8/t0
instanceKlass com/android/tools/r8/Resource
instanceKlass com/android/tools/r8/ClassFileResourceProvider
instanceKlass com/android/tools/r8/m
instanceKlass com/android/tools/r8/naming/Q
instanceKlass com/android/tools/r8/I
instanceKlass com/android/tools/r8/internal/zs
instanceKlass com/android/tools/r8/DiagnosticsHandler
instanceKlass com/android/tools/r8/internal/yu
instanceKlass com/android/tools/r8/internal/zu
instanceKlass java/lang/PublicMethods$Key
instanceKlass java/lang/PublicMethods$MethodList
instanceKlass java/util/concurrent/ExecutorService
instanceKlass java/util/concurrent/Executor
instanceKlass com/android/tools/r8/internal/dh
instanceKlass com/android/tools/r8/internal/E1
instanceKlass com/android/tools/r8/internal/zf
instanceKlass com/android/tools/r8/internal/pR
instanceKlass com/android/tools/r8/graph/j5
instanceKlass com/android/tools/r8/graph/w0
instanceKlass com/android/tools/r8/ProgramResourceProvider
instanceKlass com/android/tools/r8/dex/k
instanceKlass com/android/tools/r8/Diagnostic
instanceKlass com/android/tools/r8/graph/x0
instanceKlass com/android/tools/r8/graph/d1
instanceKlass com/android/tools/r8/internal/ho0
instanceKlass com/android/tools/r8/internal/E20
instanceKlass com/android/tools/r8/internal/ru
instanceKlass com/android/tools/r8/graph/E5
instanceKlass com/android/tools/r8/graph/z5
instanceKlass com/android/tools/r8/graph/F5
instanceKlass com/android/tools/r8/graph/A5
instanceKlass com/android/tools/r8/graph/n1
instanceKlass com/android/tools/r8/graph/b0
instanceKlass com/android/tools/r8/graph/S
instanceKlass com/android/tools/r8/graph/o0
instanceKlass jdk/internal/reflect/ClassDefiner$1
instanceKlass jdk/internal/reflect/ClassDefiner
instanceKlass jdk/internal/reflect/MethodAccessorGenerator$1
instanceKlass jdk/internal/reflect/Label$PatchInfo
instanceKlass jdk/internal/reflect/Label
instanceKlass jdk/internal/reflect/UTF8
instanceKlass jdk/internal/reflect/ClassFileAssembler
instanceKlass jdk/internal/reflect/ByteVectorImpl
instanceKlass jdk/internal/reflect/ByteVector
instanceKlass jdk/internal/reflect/ByteVectorFactory
instanceKlass jdk/internal/reflect/AccessorGenerator
instanceKlass jdk/internal/reflect/ClassFileConstants
instanceKlass com/android/tools/r8/BaseCommand$Builder
instanceKlass com/android/tools/r8/origin/Origin
instanceKlass com/android/tools/r8/BaseCommand
instanceKlass com/android/tools/r8/D8
instanceKlass java/security/SecureClassLoader$DebugHolder
instanceKlass java/security/PermissionCollection
instanceKlass java/security/SecureClassLoader$1
instanceKlass java/security/SecureClassLoader$CodeSourceKey
instanceKlass java/util/zip/Checksum$1
instanceKlass java/util/zip/CRC32
instanceKlass java/util/zip/Checksum
instanceKlass sun/nio/ByteBuffered
instanceKlass sun/security/util/ManifestEntryVerifier$SunProviderHolder
instanceKlass java/lang/Package$VersionInfo
instanceKlass java/lang/NamedPackage
instanceKlass java/util/Base64$Encoder
instanceKlass java/util/Base64$Decoder
instanceKlass java/util/Base64
instanceKlass javax/crypto/SecretKey
instanceKlass sun/security/util/Length
instanceKlass sun/security/util/KeyUtil
instanceKlass java/security/interfaces/XECKey
instanceKlass java/security/interfaces/ECKey
instanceKlass sun/security/util/JarConstraintsParameters
instanceKlass sun/security/util/ConstraintsParameters
instanceKlass java/security/Timestamp
instanceKlass sun/security/timestamp/TimestampToken
instanceKlass java/security/cert/CertPath
instanceKlass java/math/MutableBigInteger
instanceKlass sun/security/rsa/RSAPadding
instanceKlass sun/security/rsa/RSACore
instanceKlass java/security/interfaces/RSAPrivateCrtKey
instanceKlass sun/security/pkcs/PKCS8Key
instanceKlass java/security/interfaces/RSAPrivateKey
instanceKlass java/security/PrivateKey
instanceKlass javax/security/auth/Destroyable
instanceKlass sun/security/jca/ServiceId
instanceKlass java/security/Signature$1
instanceKlass jdk/internal/access/JavaSecuritySignatureAccess
instanceKlass java/security/SignatureSpi
instanceKlass jdk/internal/icu/util/CodePointTrie$Data
instanceKlass jdk/internal/icu/util/CodePointTrie$1
instanceKlass jdk/internal/icu/util/CodePointMap
instanceKlass jdk/internal/icu/util/VersionInfo
instanceKlass jdk/internal/jimage/ImageLocation
instanceKlass jdk/internal/jimage/decompressor/Decompressor
instanceKlass jdk/internal/jimage/ImageStringsReader
instanceKlass jdk/internal/jimage/ImageStrings
instanceKlass jdk/internal/jimage/ImageHeader
instanceKlass jdk/internal/jimage/NativeImageBuffer$1
instanceKlass jdk/internal/jimage/NativeImageBuffer
instanceKlass jdk/internal/jimage/BasicImageReader$1
instanceKlass jdk/internal/jimage/BasicImageReader
instanceKlass jdk/internal/jimage/ImageReader
instanceKlass jdk/internal/jimage/ImageReaderFactory$1
instanceKlass java/nio/file/FileSystems$DefaultFileSystemHolder$1
instanceKlass java/nio/file/FileSystems$DefaultFileSystemHolder
instanceKlass java/nio/file/FileSystems
instanceKlass java/nio/file/Paths
instanceKlass jdk/internal/jimage/ImageReaderFactory
instanceKlass jdk/internal/module/SystemModuleFinders$SystemImage
instanceKlass jdk/internal/module/SystemModuleFinders$SystemModuleReader
instanceKlass java/lang/module/ModuleReader
instanceKlass jdk/internal/loader/BuiltinClassLoader$5
instanceKlass jdk/internal/module/Checks
instanceKlass jdk/internal/module/Resources
instanceKlass jdk/internal/icu/impl/ICUBinary$1
instanceKlass jdk/internal/icu/impl/ICUBinary
instanceKlass jdk/internal/icu/impl/NormalizerImpl$IsAcceptable
instanceKlass jdk/internal/icu/impl/ICUBinary$Authenticate
instanceKlass jdk/internal/icu/impl/NormalizerImpl
instanceKlass jdk/internal/icu/impl/Norm2AllModes$Norm2AllModesSingleton
instanceKlass jdk/internal/icu/impl/Norm2AllModes$NFKCSingleton
instanceKlass jdk/internal/icu/impl/Norm2AllModes
instanceKlass jdk/internal/icu/text/Normalizer2
instanceKlass jdk/internal/icu/text/NormalizerBase$ModeImpl
instanceKlass jdk/internal/icu/text/NormalizerBase$NFKDModeImpl
instanceKlass jdk/internal/icu/text/NormalizerBase$1
instanceKlass jdk/internal/icu/text/NormalizerBase$Mode
instanceKlass jdk/internal/icu/text/NormalizerBase
instanceKlass java/text/Normalizer
instanceKlass sun/security/x509/AVAKeyword
instanceKlass java/util/StringJoiner
instanceKlass sun/security/util/SignatureUtil
instanceKlass java/lang/constant/DynamicConstantDesc
instanceKlass java/lang/constant/DirectMethodHandleDesc$1
instanceKlass java/lang/constant/DirectMethodHandleDescImpl$1
instanceKlass java/lang/constant/DirectMethodHandleDescImpl
instanceKlass java/lang/constant/DirectMethodHandleDesc
instanceKlass java/lang/constant/MethodHandleDesc$1
instanceKlass java/lang/constant/MethodHandleDesc
instanceKlass java/lang/constant/MethodTypeDescImpl
instanceKlass java/lang/constant/MethodTypeDesc
instanceKlass java/lang/constant/ReferenceClassDescImpl
instanceKlass java/lang/constant/ConstantUtils
instanceKlass java/lang/constant/ClassDesc
instanceKlass java/lang/constant/ConstantDescs
instanceKlass java/lang/invoke/VarHandle$2
instanceKlass java/lang/invoke/VarHandle$TypesAndInvokers
instanceKlass java/lang/invoke/VarHandle$AccessDescriptor
instanceKlass java/lang/invoke/VarHandleByteArrayBase
instanceKlass sun/security/provider/ByteArrayAccess$BE
instanceKlass sun/security/provider/ByteArrayAccess
instanceKlass sun/security/util/MessageDigestSpi2
instanceKlass java/security/MessageDigestSpi
instanceKlass sun/security/pkcs/ESSCertId
instanceKlass sun/security/pkcs/SigningCertificateInfo
instanceKlass java/lang/Byte$ByteCache
instanceKlass sun/security/pkcs/PKCS9Attribute
instanceKlass sun/security/pkcs/PKCS9Attributes
instanceKlass java/time/Instant
instanceKlass java/time/zone/ZoneOffsetTransition
instanceKlass java/time/LocalTime
instanceKlass java/time/temporal/ValueRange
instanceKlass java/time/Duration
instanceKlass java/time/temporal/TemporalAmount
instanceKlass java/time/temporal/TemporalUnit
instanceKlass java/time/temporal/TemporalField
instanceKlass java/time/LocalDate
instanceKlass java/time/chrono/ChronoLocalDate
instanceKlass java/time/ZonedDateTime
instanceKlass java/time/chrono/ChronoZonedDateTime
instanceKlass java/time/LocalDateTime
instanceKlass java/time/chrono/ChronoLocalDateTime
instanceKlass java/time/temporal/Temporal
instanceKlass java/time/zone/ZoneOffsetTransitionRule
instanceKlass java/time/zone/ZoneRules
instanceKlass java/time/temporal/TemporalAdjuster
instanceKlass java/time/temporal/TemporalAccessor
instanceKlass java/time/ZoneId
instanceKlass java/util/regex/Pattern$BmpCharPredicate
instanceKlass java/util/regex/CharPredicates
instanceKlass sun/security/util/DisabledAlgorithmConstraints$Constraints$Holder
instanceKlass sun/security/util/DisabledAlgorithmConstraints$1
instanceKlass sun/security/util/DisabledAlgorithmConstraints$Constraint
instanceKlass java/util/StringTokenizer
instanceKlass java/security/spec/ECFieldF2m
instanceKlass java/security/spec/ECParameterSpec
instanceKlass java/security/spec/ECPoint
instanceKlass java/security/spec/EllipticCurve
instanceKlass java/security/spec/ECFieldFp
instanceKlass java/security/spec/ECField
instanceKlass sun/security/util/CurveDB
instanceKlass sun/security/util/DisabledAlgorithmConstraints$Constraints
instanceKlass java/util/regex/IntHashSet
instanceKlass java/util/regex/Matcher
instanceKlass java/util/regex/MatchResult
instanceKlass java/util/TreeMap$PrivateEntryIterator
instanceKlass java/util/NavigableSet
instanceKlass java/util/SortedSet
instanceKlass sun/security/util/AbstractAlgorithmConstraints$1
instanceKlass sun/security/util/AlgorithmDecomposer
instanceKlass sun/security/util/DisabledAlgorithmConstraints$JarHolder
instanceKlass java/util/regex/Pattern$TreeInfo
instanceKlass java/util/regex/Pattern$CharPredicate
instanceKlass java/util/regex/ASCII
instanceKlass java/util/regex/Pattern$Node
instanceKlass java/util/regex/Pattern
instanceKlass sun/security/util/AbstractAlgorithmConstraints
instanceKlass java/security/AlgorithmConstraints
instanceKlass sun/security/pkcs/SignerInfo
instanceKlass java/security/cert/PolicyQualifierInfo
instanceKlass sun/security/x509/CertificatePolicyId
instanceKlass sun/security/x509/PolicyInformation
instanceKlass sun/security/x509/DistributionPoint
instanceKlass sun/security/x509/DNSName
instanceKlass java/net/URI$Parser
instanceKlass sun/security/x509/URIName
instanceKlass sun/security/x509/GeneralName
instanceKlass sun/security/x509/AccessDescription
instanceKlass sun/security/x509/GeneralNames
instanceKlass java/lang/invoke/VarForm
instanceKlass java/lang/invoke/VarHandleGuards
instanceKlass jdk/internal/util/Preconditions$1
instanceKlass java/util/function/BiFunction
instanceKlass java/lang/invoke/VarHandle$1
instanceKlass java/lang/invoke/VarHandles
instanceKlass java/lang/System$Logger
instanceKlass jdk/internal/event/EventHelper
instanceKlass sun/security/jca/JCAUtil
instanceKlass sun/security/util/MemoryCache$CacheEntry
instanceKlass sun/security/x509/X509AttributeName
instanceKlass sun/security/x509/KeyIdentifier
instanceKlass java/util/TreeMap$Entry
instanceKlass sun/security/x509/OIDMap$OIDInfo
instanceKlass sun/security/x509/PKIXExtensions
instanceKlass sun/security/x509/OIDMap
instanceKlass sun/security/x509/Extension
instanceKlass java/security/cert/Extension
instanceKlass java/util/Collections$SynchronizedMap
instanceKlass java/util/NavigableMap
instanceKlass java/util/SortedMap
instanceKlass sun/security/x509/CertificateExtensions
instanceKlass sun/security/rsa/RSAUtil
instanceKlass sun/security/util/IOUtils
instanceKlass java/security/interfaces/RSAPublicKey
instanceKlass java/security/interfaces/RSAKey
instanceKlass java/security/spec/PSSParameterSpec
instanceKlass java/security/spec/AlgorithmParameterSpec
instanceKlass java/security/spec/RSAPrivateKeySpec
instanceKlass java/security/spec/RSAPublicKeySpec
instanceKlass java/security/KeyFactorySpi
instanceKlass sun/security/rsa/SunRsaSignEntries
instanceKlass sun/security/jca/ProviderList$ServiceList$1
instanceKlass java/security/KeyFactory
instanceKlass java/security/spec/EncodedKeySpec$1
instanceKlass jdk/internal/access/JavaSecuritySpecAccess
instanceKlass java/security/spec/EncodedKeySpec
instanceKlass java/security/spec/KeySpec
instanceKlass sun/security/util/BitArray
instanceKlass sun/security/x509/X509Key
instanceKlass java/security/PublicKey
instanceKlass java/security/Key
instanceKlass sun/security/x509/CertificateX509Key
instanceKlass java/util/Date
instanceKlass sun/util/calendar/CalendarUtils
instanceKlass sun/util/calendar/CalendarDate
instanceKlass sun/util/calendar/CalendarSystem$GregorianHolder
instanceKlass sun/util/calendar/CalendarSystem
instanceKlass sun/security/x509/CertificateValidity
instanceKlass sun/security/x509/AVA
instanceKlass sun/security/x509/RDN
instanceKlass javax/security/auth/x500/X500Principal
instanceKlass sun/security/x509/X500Name$1
instanceKlass sun/security/x509/X500Name
instanceKlass sun/security/x509/GeneralNameInterface
instanceKlass sun/security/x509/CertificateAlgorithmId
instanceKlass sun/security/x509/SerialNumber
instanceKlass sun/security/x509/CertificateSerialNumber
instanceKlass sun/security/x509/CertificateVersion
instanceKlass sun/security/x509/X509CertInfo
instanceKlass sun/security/x509/CertAttrSet
instanceKlass sun/security/util/Cache$EqualByteArray
instanceKlass java/security/cert/X509Extension
instanceKlass sun/security/jca/GetInstance$Instance
instanceKlass sun/security/util/Cache
instanceKlass jdk/internal/event/Event
instanceKlass sun/security/jca/GetInstance
instanceKlass java/security/cert/CertificateFactorySpi
instanceKlass java/security/cert/CertificateFactory
instanceKlass sun/security/x509/AlgorithmId
instanceKlass sun/security/util/ByteArrayTagOrder
instanceKlass sun/security/util/ByteArrayLexOrder
instanceKlass sun/security/util/DerEncoder
instanceKlass sun/security/util/DerValue
instanceKlass sun/security/util/ObjectIdentifier
instanceKlass sun/security/pkcs/ContentInfo
instanceKlass sun/security/util/DerInputStream
instanceKlass sun/security/pkcs/PKCS7
instanceKlass java/util/Collections$EmptyIterator
instanceKlass java/util/LinkedHashMap$LinkedHashIterator
instanceKlass sun/security/util/SecurityProviderConstants
instanceKlass java/security/Provider$UString
instanceKlass java/security/Provider$Service
instanceKlass sun/security/provider/NativePRNG$NonBlocking
instanceKlass sun/security/provider/NativePRNG$Blocking
instanceKlass sun/security/provider/NativePRNG
instanceKlass sun/security/provider/SunEntries$1
instanceKlass sun/security/provider/SunEntries
instanceKlass sun/security/util/SecurityConstants
instanceKlass java/security/Security$2
instanceKlass jdk/internal/access/JavaSecurityPropertiesAccess
instanceKlass java/util/concurrent/ConcurrentHashMap$MapEntry
instanceKlass java/io/FileInputStream$1
instanceKlass java/util/Properties$LineReader
instanceKlass java/security/Security$1
instanceKlass java/security/Security
instanceKlass sun/security/jca/ProviderList$2
instanceKlass jdk/internal/math/FloatingDecimal$ASCIIToBinaryBuffer
instanceKlass jdk/internal/math/FloatingDecimal$PreparedASCIIToBinaryBuffer
instanceKlass jdk/internal/math/FloatingDecimal$ASCIIToBinaryConverter
instanceKlass jdk/internal/math/FloatingDecimal$BinaryToASCIIBuffer
instanceKlass jdk/internal/math/FloatingDecimal$ExceptionalBinaryToASCIIBuffer
instanceKlass jdk/internal/math/FloatingDecimal$BinaryToASCIIConverter
instanceKlass jdk/internal/math/FloatingDecimal
instanceKlass javax/security/auth/login/Configuration$Parameters
instanceKlass java/security/Policy$Parameters
instanceKlass java/security/cert/CertStoreParameters
instanceKlass java/security/SecureRandomParameters
instanceKlass java/security/Provider$EngineDescription
instanceKlass java/security/Provider$ServiceKey
instanceKlass sun/security/jca/ProviderConfig
instanceKlass sun/security/jca/ProviderList
instanceKlass sun/security/jca/Providers
instanceKlass jdk/internal/org/objectweb/asm/FieldVisitor
instanceKlass java/lang/invoke/InvokerBytecodeGenerator$ClassData
instanceKlass jdk/internal/org/objectweb/asm/Frame
instanceKlass java/lang/invoke/LambdaFormBuffer
instanceKlass java/lang/invoke/LambdaFormEditor$TransformKey
instanceKlass java/lang/invoke/LambdaFormEditor
instanceKlass sun/invoke/util/Wrapper$1
instanceKlass java/lang/invoke/DelegatingMethodHandle$Holder
instanceKlass java/lang/invoke/DirectMethodHandle$2
instanceKlass sun/invoke/empty/Empty
instanceKlass sun/invoke/util/VerifyType
instanceKlass java/lang/invoke/ClassSpecializer$Factory
instanceKlass java/lang/invoke/ClassSpecializer$SpeciesData
instanceKlass java/lang/invoke/ClassSpecializer$1
instanceKlass java/lang/invoke/ClassSpecializer
instanceKlass java/lang/invoke/InnerClassLambdaMetafactory$1
instanceKlass java/lang/invoke/MethodHandles$Lookup$ClassDefiner
instanceKlass jdk/internal/org/objectweb/asm/ClassReader
instanceKlass java/lang/invoke/MethodHandles$Lookup$ClassFile
instanceKlass jdk/internal/org/objectweb/asm/AnnotationVisitor
instanceKlass jdk/internal/org/objectweb/asm/Attribute
instanceKlass jdk/internal/org/objectweb/asm/Handler
instanceKlass jdk/internal/org/objectweb/asm/Label
instanceKlass jdk/internal/org/objectweb/asm/MethodVisitor
instanceKlass java/lang/invoke/LambdaProxyClassArchive
instanceKlass jdk/internal/org/objectweb/asm/ByteVector
instanceKlass jdk/internal/org/objectweb/asm/Symbol
instanceKlass jdk/internal/org/objectweb/asm/SymbolTable
instanceKlass jdk/internal/org/objectweb/asm/ClassVisitor
instanceKlass java/lang/invoke/InfoFromMemberName
instanceKlass java/lang/invoke/MethodHandleInfo
instanceKlass jdk/internal/org/objectweb/asm/ConstantDynamic
instanceKlass sun/invoke/util/BytecodeDescriptor
instanceKlass jdk/internal/org/objectweb/asm/Handle
instanceKlass sun/security/action/GetBooleanAction
instanceKlass jdk/internal/org/objectweb/asm/Type
instanceKlass java/lang/invoke/AbstractValidatingLambdaMetafactory
instanceKlass java/lang/invoke/MethodHandleImpl$1
instanceKlass jdk/internal/access/JavaLangInvokeAccess
instanceKlass java/lang/invoke/Invokers$Holder
instanceKlass java/lang/invoke/BootstrapMethodInvoker
instanceKlass java/lang/invoke/InvokerBytecodeGenerator$2
instanceKlass java/lang/invoke/InvokerBytecodeGenerator
instanceKlass java/lang/invoke/LambdaForm$Holder
instanceKlass java/lang/invoke/LambdaForm$Name
instanceKlass java/lang/invoke/Invokers
instanceKlass java/lang/invoke/MethodHandleImpl
instanceKlass sun/invoke/util/ValueConversions
instanceKlass java/lang/invoke/DirectMethodHandle$Holder
instanceKlass java/lang/invoke/LambdaForm$NamedFunction
instanceKlass sun/invoke/util/Wrapper$Format
instanceKlass java/lang/invoke/MethodTypeForm
instanceKlass java/lang/Void
instanceKlass java/lang/invoke/MethodType$ConcurrentWeakInternSet
instanceKlass java/lang/invoke/LambdaMetafactory
instanceKlass sun/security/util/ManifestDigester$Section
instanceKlass sun/security/util/ManifestDigester$Entry
instanceKlass sun/security/util/ManifestDigester$Position
instanceKlass sun/security/util/ManifestDigester
instanceKlass sun/security/util/ManifestEntryVerifier
instanceKlass java/util/jar/Attributes$Name
instanceKlass java/util/jar/Attributes
instanceKlass java/security/CodeSigner
instanceKlass java/util/jar/JarVerifier
instanceKlass jdk/internal/loader/Resource
instanceKlass java/util/ArrayList$Itr
instanceKlass sun/security/action/GetIntegerAction
instanceKlass sun/security/util/Debug
instanceKlass sun/security/util/SignatureFileVerifier
instanceKlass java/util/zip/ZipFile$InflaterCleanupAction
instanceKlass java/util/zip/Inflater$InflaterZStreamRef
instanceKlass java/util/zip/Inflater
instanceKlass java/util/zip/ZipEntry
instanceKlass jdk/internal/util/jar/JarIndex
instanceKlass java/nio/Bits$1
instanceKlass jdk/internal/misc/VM$BufferPool
instanceKlass java/nio/Bits
instanceKlass sun/nio/ch/DirectBuffer
instanceKlass jdk/internal/perf/PerfCounter$CoreCounters
instanceKlass jdk/internal/perf/Perf
instanceKlass jdk/internal/perf/Perf$GetPerfAction
instanceKlass jdk/internal/perf/PerfCounter
instanceKlass java/nio/file/attribute/FileTime
instanceKlass java/util/zip/ZipUtils
instanceKlass java/util/zip/ZipFile$Source$End
instanceKlass java/io/RandomAccessFile$2
instanceKlass jdk/internal/access/JavaIORandomAccessFileAccess
instanceKlass java/io/RandomAccessFile
instanceKlass java/io/DataInput
instanceKlass java/io/DataOutput
instanceKlass sun/nio/fs/WindowsNativeDispatcher$CompletionStatus
instanceKlass sun/nio/fs/WindowsNativeDispatcher$AclInformation
instanceKlass sun/nio/fs/WindowsNativeDispatcher$Account
instanceKlass sun/nio/fs/WindowsNativeDispatcher$DiskFreeSpace
instanceKlass sun/nio/fs/WindowsNativeDispatcher$VolumeInformation
instanceKlass sun/nio/fs/WindowsNativeDispatcher$FirstStream
instanceKlass sun/nio/fs/WindowsNativeDispatcher$FirstFile
instanceKlass java/util/Enumeration
instanceKlass java/util/concurrent/ConcurrentHashMap$Traverser
instanceKlass java/util/concurrent/ConcurrentHashMap$CollectionView
instanceKlass jdk/internal/loader/NativeLibraries$NativeLibraryImpl
instanceKlass jdk/internal/loader/NativeLibrary
instanceKlass java/util/ArrayDeque$DeqIterator
instanceKlass jdk/internal/loader/NativeLibraries$1
instanceKlass jdk/internal/loader/NativeLibraries$LibraryPaths
instanceKlass sun/nio/fs/WindowsNativeDispatcher
instanceKlass sun/nio/fs/NativeBuffer$Deallocator
instanceKlass sun/nio/fs/NativeBuffer
instanceKlass java/lang/ThreadLocal$ThreadLocalMap
instanceKlass sun/nio/fs/NativeBuffers
instanceKlass sun/nio/fs/WindowsFileAttributes
instanceKlass java/nio/file/attribute/DosFileAttributes
instanceKlass sun/nio/fs/AbstractBasicFileAttributeView
instanceKlass sun/nio/fs/DynamicFileAttributeView
instanceKlass sun/nio/fs/WindowsFileAttributeViews
instanceKlass sun/nio/fs/Util
instanceKlass java/nio/file/attribute/BasicFileAttributeView
instanceKlass java/nio/file/attribute/FileAttributeView
instanceKlass java/nio/file/attribute/AttributeView
instanceKlass java/nio/file/Files
instanceKlass java/nio/file/CopyOption
instanceKlass java/nio/file/attribute/BasicFileAttributes
instanceKlass sun/nio/fs/WindowsPath
instanceKlass java/nio/file/Path
instanceKlass java/nio/file/Watchable
instanceKlass java/util/zip/ZipFile$Source$Key
instanceKlass sun/nio/fs/WindowsPathParser$Result
instanceKlass sun/nio/fs/WindowsPathParser
instanceKlass java/util/Collections$UnmodifiableCollection
instanceKlass java/util/Arrays$ArrayItr
instanceKlass java/nio/file/FileSystem
instanceKlass java/nio/file/OpenOption
instanceKlass java/nio/file/spi/FileSystemProvider
instanceKlass sun/nio/fs/DefaultFileSystemProvider
instanceKlass java/util/zip/ZipFile$Source
instanceKlass java/lang/ref/Cleaner$Cleanable
instanceKlass jdk/internal/ref/CleanerImpl
instanceKlass java/lang/ref/Cleaner$1
instanceKlass java/lang/ref/Cleaner
instanceKlass jdk/internal/ref/CleanerFactory$1
instanceKlass java/util/concurrent/ThreadFactory
instanceKlass jdk/internal/ref/CleanerFactory
instanceKlass java/util/zip/ZipCoder
instanceKlass java/util/zip/ZipFile$CleanableResource
instanceKlass java/lang/Runtime$Version
instanceKlass java/util/jar/JavaUtilJarAccessImpl
instanceKlass jdk/internal/access/JavaUtilJarAccess
instanceKlass java/nio/charset/CoderResult
instanceKlass java/lang/Readable
instanceKlass jdk/internal/loader/FileURLMapper
instanceKlass jdk/internal/loader/URLClassPath$JarLoader$1
instanceKlass java/util/zip/ZipFile$1
instanceKlass jdk/internal/access/JavaUtilZipFileAccess
instanceKlass java/util/zip/ZipFile
instanceKlass java/util/zip/ZipConstants
instanceKlass jdk/internal/loader/URLClassPath$Loader
instanceKlass jdk/internal/loader/URLClassPath$3
instanceKlass java/security/PrivilegedExceptionAction
instanceKlass sun/util/locale/LocaleUtils
instanceKlass sun/util/locale/BaseLocale
instanceKlass java/util/Locale
instanceKlass sun/net/util/URLUtil
instanceKlass sun/launcher/LauncherHelper
instanceKlass java/lang/reflect/Array
instanceKlass java/lang/invoke/StringConcatFactory$3
instanceKlass java/lang/invoke/StringConcatFactory$2
instanceKlass java/lang/invoke/StringConcatFactory$1
instanceKlass java/lang/invoke/StringConcatFactory
instanceKlass java/lang/ModuleLayer$Controller
instanceKlass java/util/concurrent/CopyOnWriteArrayList
instanceKlass jdk/internal/module/ServicesCatalog$ServiceProvider
instanceKlass jdk/internal/loader/AbstractClassLoaderValue$Memoizer
instanceKlass java/util/ImmutableCollections$ListItr
instanceKlass java/util/ListIterator
instanceKlass java/lang/ModuleLayer
instanceKlass jdk/internal/module/ModuleLoaderMap$Modules
instanceKlass jdk/internal/module/ModuleLoaderMap$Mapper
instanceKlass java/util/function/Function
instanceKlass jdk/internal/module/ModuleLoaderMap
instanceKlass java/util/AbstractMap$1$1
instanceKlass java/lang/module/ResolvedModule
instanceKlass java/lang/module/Configuration
instanceKlass jdk/internal/loader/BuiltinClassLoader$LoadedModule
instanceKlass jdk/internal/loader/AbstractClassLoaderValue
instanceKlass jdk/internal/module/ServicesCatalog
instanceKlass jdk/internal/util/Preconditions
instanceKlass sun/net/util/IPAddressUtil
instanceKlass java/net/URLStreamHandler
instanceKlass java/util/HexFormat
instanceKlass sun/net/www/ParseUtil
instanceKlass java/net/URL$3
instanceKlass jdk/internal/access/JavaNetURLAccess
instanceKlass java/net/URL$DefaultFactory
instanceKlass java/net/URLStreamHandlerFactory
instanceKlass jdk/internal/loader/URLClassPath
instanceKlass java/security/Principal
instanceKlass java/security/ProtectionDomain$Key
instanceKlass java/security/ProtectionDomain$JavaSecurityAccessImpl
instanceKlass jdk/internal/access/JavaSecurityAccess
instanceKlass java/lang/ClassLoader$ParallelLoaders
instanceKlass java/security/cert/Certificate
instanceKlass jdk/internal/loader/ArchivedClassLoaders
instanceKlass java/util/Deque
instanceKlass java/util/Queue
instanceKlass jdk/internal/loader/ClassLoaderHelper
instanceKlass jdk/internal/loader/NativeLibraries
instanceKlass jdk/internal/loader/BootLoader
instanceKlass java/util/Optional
instanceKlass jdk/internal/module/SystemModuleFinders$SystemModuleFinder
instanceKlass java/lang/module/ModuleFinder
instanceKlass jdk/internal/module/SystemModuleFinders$3
instanceKlass jdk/internal/module/ModuleHashes$HashSupplier
instanceKlass jdk/internal/module/SystemModuleFinders$2
instanceKlass java/util/function/Supplier
instanceKlass java/lang/module/ModuleReference
instanceKlass jdk/internal/module/ModuleResolution
instanceKlass java/util/Collections$UnmodifiableMap
instanceKlass jdk/internal/module/ModuleHashes$Builder
instanceKlass jdk/internal/module/ModuleHashes
instanceKlass jdk/internal/module/ModuleTarget
instanceKlass java/util/ImmutableCollections$Set12$1
instanceKlass java/lang/Enum
instanceKlass java/lang/module/ModuleDescriptor$Version
instanceKlass java/lang/module/ModuleDescriptor$Provides
instanceKlass java/lang/module/ModuleDescriptor$Opens
instanceKlass java/util/ImmutableCollections$SetN$SetNIterator
instanceKlass java/lang/module/ModuleDescriptor$Exports
instanceKlass java/lang/module/ModuleDescriptor$Requires
instanceKlass jdk/internal/module/Builder
instanceKlass jdk/internal/module/SystemModules$default
instanceKlass jdk/internal/module/SystemModules
instanceKlass jdk/internal/module/SystemModulesMap
instanceKlass java/net/URI$1
instanceKlass jdk/internal/access/JavaNetUriAccess
instanceKlass java/net/URI
instanceKlass jdk/internal/module/SystemModuleFinders
instanceKlass jdk/internal/module/ArchivedModuleGraph
instanceKlass jdk/internal/module/ArchivedBootLayer
instanceKlass jdk/internal/module/ModuleBootstrap$Counters
instanceKlass jdk/internal/module/ModulePatcher
instanceKlass java/io/FileSystem
instanceKlass java/io/DefaultFileSystem
instanceKlass java/io/File
instanceKlass java/lang/module/ModuleDescriptor$1
instanceKlass jdk/internal/access/JavaLangModuleAccess
instanceKlass sun/invoke/util/VerifyAccess
instanceKlass java/lang/module/ModuleDescriptor
instanceKlass jdk/internal/module/ModuleBootstrap
instanceKlass java/lang/invoke/MethodHandleStatics
instanceKlass java/util/Collections
instanceKlass sun/io/Win32ErrorMode
instanceKlass jdk/internal/misc/OSEnvironment
instanceKlass jdk/internal/misc/Signal$NativeHandler
instanceKlass java/util/Hashtable$Entry
instanceKlass jdk/internal/misc/Signal
instanceKlass java/lang/Terminator$1
instanceKlass jdk/internal/misc/Signal$Handler
instanceKlass java/lang/Terminator
instanceKlass java/nio/ByteOrder
instanceKlass java/nio/Buffer$1
instanceKlass jdk/internal/access/JavaNioAccess
instanceKlass jdk/internal/misc/ScopedMemoryAccess
instanceKlass sun/nio/cs/ArrayEncoder
instanceKlass java/nio/charset/CharsetEncoder
instanceKlass sun/security/action/GetPropertyAction
instanceKlass java/io/Writer
instanceKlass java/io/OutputStream
instanceKlass java/io/Flushable
instanceKlass java/io/FileDescriptor$1
instanceKlass jdk/internal/access/JavaIOFileDescriptorAccess
instanceKlass java/io/FileDescriptor
instanceKlass jdk/internal/util/StaticProperty
instanceKlass java/util/HashMap$HashIterator
instanceKlass java/lang/Integer$IntegerCache
instanceKlass java/lang/CharacterData
instanceKlass java/lang/VersionProps
instanceKlass java/lang/StringConcatHelper
instanceKlass java/lang/StringCoding
instanceKlass java/nio/charset/CodingErrorAction
instanceKlass sun/nio/cs/SingleByte
instanceKlass java/lang/StringUTF16
instanceKlass sun/nio/cs/MS1256$Holder
instanceKlass sun/nio/cs/ArrayDecoder
instanceKlass java/nio/charset/CharsetDecoder
instanceKlass java/lang/reflect/Modifier
instanceKlass java/lang/Class$1
instanceKlass java/lang/Class$Atomic
instanceKlass java/lang/Class$ReflectionData
instanceKlass jdk/internal/util/ArraysSupport
instanceKlass java/nio/charset/StandardCharsets
instanceKlass sun/nio/cs/HistoricallyNamedCharset
instanceKlass java/util/Arrays
instanceKlass java/lang/ThreadLocal
instanceKlass java/nio/charset/spi/CharsetProvider
instanceKlass java/nio/charset/Charset
instanceKlass jdk/internal/util/SystemProps$Raw
instanceKlass jdk/internal/misc/VM
instanceKlass jdk/internal/util/SystemProps
instanceKlass java/lang/System$2
instanceKlass jdk/internal/access/JavaLangAccess
instanceKlass java/lang/ref/Reference$1
instanceKlass jdk/internal/access/JavaLangRefAccess
instanceKlass java/lang/ref/ReferenceQueue$Lock
instanceKlass java/lang/ref/ReferenceQueue
instanceKlass jdk/internal/reflect/ReflectionFactory
instanceKlass jdk/internal/reflect/ReflectionFactory$GetReflectionFactoryAction
instanceKlass java/security/PrivilegedAction
instanceKlass java/util/concurrent/locks/LockSupport
instanceKlass java/util/concurrent/ConcurrentHashMap$Node
instanceKlass java/util/concurrent/ConcurrentHashMap$CounterCell
instanceKlass java/util/concurrent/locks/ReentrantLock
instanceKlass java/util/concurrent/locks/Lock
instanceKlass java/lang/Runtime
instanceKlass java/util/HashMap$Node
instanceKlass java/util/KeyValueHolder
instanceKlass java/util/Map$Entry
instanceKlass java/util/ImmutableCollections$MapN$MapNIterator
instanceKlass java/lang/Math
instanceKlass jdk/internal/reflect/Reflection
instanceKlass java/lang/invoke/MethodHandles$Lookup
instanceKlass java/lang/StringLatin1
instanceKlass java/security/Permission
instanceKlass java/security/Guard
instanceKlass java/lang/invoke/MemberName$Factory
instanceKlass java/lang/invoke/MethodHandles
instanceKlass jdk/internal/access/SharedSecrets
instanceKlass java/lang/reflect/ReflectAccess
instanceKlass jdk/internal/access/JavaLangReflectAccess
instanceKlass java/util/ImmutableCollections
instanceKlass java/util/Objects
instanceKlass java/util/Set
instanceKlass jdk/internal/misc/CDS
instanceKlass java/lang/Module$ArchivedData
instanceKlass java/lang/String$CaseInsensitiveComparator
instanceKlass java/util/Comparator
instanceKlass java/io/ObjectStreamField
instanceKlass jdk/internal/vm/vector/VectorSupport$VectorPayload
instanceKlass jdk/internal/vm/vector/VectorSupport
instanceKlass java/lang/reflect/RecordComponent
instanceKlass java/util/Iterator
instanceKlass java/lang/Number
instanceKlass java/lang/Character
instanceKlass java/lang/Boolean
instanceKlass java/util/concurrent/locks/AbstractOwnableSynchronizer
instanceKlass java/lang/LiveStackFrame
instanceKlass java/lang/StackFrameInfo
instanceKlass java/lang/StackWalker$StackFrame
instanceKlass java/lang/StackStreamFactory$AbstractStackWalker
instanceKlass java/lang/StackWalker
instanceKlass java/nio/Buffer
instanceKlass java/lang/StackTraceElement
instanceKlass java/util/RandomAccess
instanceKlass java/util/List
instanceKlass java/util/AbstractCollection
instanceKlass java/util/Collection
instanceKlass java/lang/Iterable
instanceKlass java/util/concurrent/ConcurrentMap
instanceKlass java/util/AbstractMap
instanceKlass java/security/CodeSource
instanceKlass jdk/internal/loader/ClassLoaders
instanceKlass java/util/jar/Manifest
instanceKlass java/net/URL
instanceKlass java/io/InputStream
instanceKlass java/io/Closeable
instanceKlass java/lang/AutoCloseable
instanceKlass jdk/internal/module/Modules
instanceKlass jdk/internal/misc/Unsafe
instanceKlass jdk/internal/misc/UnsafeConstants
instanceKlass java/lang/AbstractStringBuilder
instanceKlass java/lang/Appendable
instanceKlass java/lang/AssertionStatusDirectives
instanceKlass java/lang/invoke/MethodHandleNatives$CallSiteContext
instanceKlass jdk/internal/invoke/NativeEntryPoint
instanceKlass java/lang/invoke/CallSite
instanceKlass java/lang/invoke/MethodType
instanceKlass java/lang/invoke/TypeDescriptor$OfMethod
instanceKlass java/lang/invoke/LambdaForm
instanceKlass java/lang/invoke/MethodHandleNatives
instanceKlass java/lang/invoke/ResolvedMethodName
instanceKlass java/lang/invoke/MemberName
instanceKlass java/lang/invoke/VarHandle
instanceKlass java/lang/invoke/MethodHandle
instanceKlass jdk/internal/reflect/CallerSensitive
instanceKlass java/lang/annotation/Annotation
instanceKlass jdk/internal/reflect/FieldAccessor
instanceKlass jdk/internal/reflect/ConstantPool
instanceKlass jdk/internal/reflect/ConstructorAccessor
instanceKlass jdk/internal/reflect/MethodAccessor
instanceKlass jdk/internal/reflect/MagicAccessorImpl
instanceKlass java/lang/reflect/Parameter
instanceKlass java/lang/reflect/Member
instanceKlass java/lang/reflect/AccessibleObject
instanceKlass java/lang/Module
instanceKlass java/util/Map
instanceKlass java/util/Dictionary
instanceKlass java/lang/ThreadGroup
instanceKlass java/lang/Thread$UncaughtExceptionHandler
instanceKlass java/lang/Thread
instanceKlass java/lang/Runnable
instanceKlass java/lang/ref/Reference
instanceKlass java/lang/Record
instanceKlass java/security/AccessController
instanceKlass java/security/AccessControlContext
instanceKlass java/security/ProtectionDomain
instanceKlass java/lang/SecurityManager
instanceKlass java/lang/Throwable
instanceKlass java/lang/System
instanceKlass java/lang/ClassLoader
instanceKlass java/lang/Cloneable
instanceKlass java/lang/Class
instanceKlass java/lang/invoke/TypeDescriptor$OfField
instanceKlass java/lang/invoke/TypeDescriptor
instanceKlass java/lang/reflect/Type
instanceKlass java/lang/reflect/GenericDeclaration
instanceKlass java/lang/reflect/AnnotatedElement
instanceKlass java/lang/String
instanceKlass java/lang/constant/ConstantDesc
instanceKlass java/lang/constant/Constable
instanceKlass java/lang/CharSequence
instanceKlass java/lang/Comparable
instanceKlass java/io/Serializable
ciInstanceKlass java/lang/Object 1 1 92 100 1 10 12 1 1 10 7 12 1 1 1 10 100 12 1 1 1 10 12 1 1 8 1 10 12 1 1 10 100 12 1 1 1 10 12 1 10 12 1 1 100 1 8 1 10 12 1 3 8 1 100 1 5 0 1 1 1 1 1 1 1 1 1 1 1 1 1 1 1 1 100 1 1 1 100 1 1 1 1 1 1 1 100 1 1 1 1 1 1 1
ciMethod java/lang/Object equals (Ljava/lang/Object;)Z 540 0 314647 0 -1
ciInstanceKlass java/lang/Class 1 1 1611 10 7 12 1 1 1 9 7 12 1 1 1 9 12 1 1 7 1 10 10 12 1 1 8 1 10 12 1 8 1 8 1 10 12 1 1 10 12 1 1 10 12 1 10 10 12 1 10 12 1 1 10 12 1 1 10 100 12 1 1 10 12 1 10 12 1 10 12 1 8 1 10 12 1 8 1 10 12 1 8 1 8 1 10 12 1 1 10 100 12 1 1 1 18 12 1 1 11 100 12 1 1 1 8 1 8 1 8 1 10 100 12 1 1 1 11 12 1 1 7 1 8 1 10 12 1 11 100 12 1 1 1 10 12 1 1 11 8 1 18 8 1 10 12 1 10 7 12 1 1 10 7 12 1 1 1 10 12 1 1 10 7 12 1 1 1 9 100 12 1 1 1 10 100 12 1 1 1 10 7 12 1 1 1 10 12 1 1 18 12 1 1 10 7 12 1 1 1 10 7 12 1 1 10 12 1 1 10 7 1 100 1 10 12 1 1 9 12 1 1 100 1 8 1 10 12 1 10 12 1 1 10 12 1 1 10 7 12 1 1 1 7 1 10 12 1 100 1 100 1 10 10 12 1 1 10 12 1 1 100 1 10 100 12 1 1 1 10 12 1 1 10 12 1 1 9 12 1 1 10 12 1 10 12 1 10 12 1 1 9 12 1 1 9 12 1 1 10 12 1 1 10 7 1 10 12 1 10 12 1 10 12 1 1 10 9 12 1 10 12 1 8 1 10 12 1 1 10 12 1 1 10 12 1 10 12 1 1 10 12 1 1 10 12 1 1 9 7 12 1 1 1 10 100 12 1 1 10 12 10 12 1 10 12 1 1 10 100 12 1 1 10 12 1 10 12 1 1 10 100 12 1 1 1 10 12 1 10 12 1 1 10 12 1 10 12 1 10 12 1 1 10 7 1 10 10 10 12 1 1 10 12 1 1 10 12 10 12 1 1 100 1 8 1 10 10 12 1 1 10 12 1 100 1 11 12 1 10 100 12 1 1 10 12 1 10 12 1 10 100 12 1 1 10 10 12 1 1 8 1 10 12 1 10 12 1 1 8 1 9 12 1 10 12 1 10 12 1 10 12 1 10 12 100 1 9 12 1 10 12 1 9 12 1 10 12 1 10 12 1 10 12 1 10 10 12 1 10 12 1 10 12 1 10 12 1 10 12 1 10 12 1 100 1 10 12 1 10 12 1 1 10 12 1 1 10 12 1 1 10 12 1 1 10 12 1 1 10 12 1 1 100 1 10 10 12 1 1 10 12 1 1 10 12 1 1 10 10 12 1 10 12 1 1 10 12 1 1 10 12 1 1 10 12 1 1 7 1 10 10 12 11 100 12 1 1 10 12 1 1 10 12 1 10 7 12 1 1 1 10 12 1 1 10 10 12 1 1 100 1 10 10 12 1 1 10 100 12 1 1 1 100 1 100 1 10 12 1 1 10 12 1 10 10 12 1 1 10 12 1 10 12 1 10 12 1 10 100 12 1 1 1 11 100 12 1 1 10 12 1 10 12 1 9 12 1 10 12 1 1 10 12 1 9 12 1 1 100 1 10 9 12 1 1 10 12 100 1 10 12 1 9 12 1 10 100 12 1 1 1 10 12 1 10 12 1 10 100 12 1 1 1 10 12 1 10 12 10 12 1 1 100 1 10 8 1 10 12 1 11 11 12 1 1 11 100 12 1 1 11 12 1 8 1 10 12 1 10 12 1 1 9 12 1 9 12 1 1 10 7 12 1 1 9 12 1 10 12 1 1 10 10 12 1 10 7 12 1 1 1 10 7 12 1 1 10 7 12 1 1 9 12 1 1 10 12 1 9 12 1 10 12 1 10 12 1 1 9 12 1 1 9 12 1 10 12 1 10 12 1 1 9 12 1 100 1 10 10 12 1 1 7 1 10 12 1 1 100 11 100 1 9 12 1 1 9 12 1 100 1 10 12 1 9 12 1 1 9 12 1 10 12 1 10 12 1 1 9 12 1 100 1 10 10 12 1 1 10 10 12 1 1 10 12 10 10 12 1 9 12 1 10 12 1 1 10 7 12 1 1 1 10 12 1 1 10 12 1 8 10 7 8 1 18 8 1 8 1 10 12 1 9 12 1 9 12 1 1 10 12 1 7 1 100 1 10 12 1 9 12 1 1 7 1 10 10 12 1 10 7 1 9 12 1 8 1 10 12 1 7 1 10 12 1 10 12 1 1 9 12 1 100 1 8 1 10 7 1 4 10 10 12 11 7 12 1 1 1 10 12 1 100 1 10 12 1 1 10 8 1 8 1 10 12 1 1 9 100 12 1 1 11 12 100 1 11 100 12 1 1 9 12 1 10 100 12 1 1 1 10 100 12 1 1 10 12 1 1 9 12 1 9 10 12 1 1 10 12 1 1 10 12 1 1 10 12 1 1 10 12 1 1 11 12 1 100 1 11 12 1 10 100 12 1 1 1 10 12 1 100 1 11 12 1 10 100 12 1 1 1 10 12 1 10 11 12 1 11 12 1 1 10 12 1 10 12 1 1 9 12 1 1 9 100 12 1 1 10 12 1 10 100 12 1 1 1 10 12 1 1 10 12 1 10 12 1 10 12 1 10 7 12 1 1 1 10 12 1 8 1 10 12 1 10 12 1 10 12 1 10 100 12 1 1 1 11 100 12 1 1 1 10 12 1 1 10 12 1 18 12 1 1 11 12 1 1 18 11 12 1 18 12 1 11 12 1 10 12 1 1 10 12 1 10 12 1 10 12 10 12 1 8 1 10 12 1 7 1 9 12 1 1 100 1 100 1 100 1 100 1 100 1 1 1 3 1 3 1 3 1 1 1 1 1 1 1 5 0 1 1 1 1 1 1 1 1 1 1 1 1 1 1 1 1 1 1 1 1 1 1 1 100 1 1 1 1 1 1 1 100 1 1 1 1 1 1 100 1 1 1 1 1 1 1 1 1 1 1 1 1 1 1 1 1 1 1 1 1 1 1 1 1 1 1 1 1 1 1 1 1 1 1 1 1 1 100 1 1 1 1 1 1 1 1 1 1 1 1 1 1 1 1 1 1 1 1 1 1 1 1 1 1 1 1 100 1 1 1 1 1 1 1 1 1 1 1 1 1 1 1 1 1 1 1 1 1 1 1 1 1 1 1 1 1 1 1 1 1 1 1 1 1 1 1 1 1 1 1 1 1 1 1 1 1 1 1 1 1 100 1 100 1 1 1 1 1 1 1 1 1 1 1 1 1 1 1 1 1 1 1 1 1 1 1 1 1 1 1 1 1 1 1 1 1 1 1 1 1 1 1 1 1 1 1 1 1 1 1 1 1 1 1 1 1 1 1 1 1 1 1 1 1 1 1 100 1 1 1 1 1 1 1 1 1 1 1 1 1 1 1 1 1 1 1 1 1 1 1 1 1 1 1 1 1 1 1 1 1 1 1 1 1 1 1 1 1 1 1 1 1 1 1 1 1 1 1 1 1 1 1 1 1 1 1 1 1 1 1 1 1 1 1 1 15 10 100 12 1 1 1 16 15 10 12 16 15 11 12 16 1 16 15 16 15 10 12 16 16 15 10 12 16 15 16 1 15 10 12 16 1 1 1 1 1 1 1 1 100 1 1 100 1 100 1 1 100 1 100 1 1
staticfield java/lang/Class EMPTY_CLASS_ARRAY [Ljava/lang/Class; 0 [Ljava/lang/Class;
staticfield java/lang/Class serialPersistentFields [Ljava/io/ObjectStreamField; 0 [Ljava/io/ObjectStreamField;
ciInstanceKlass java/io/Serializable 1 0 7 100 1 100 1 1 1
instanceKlass jdk/internal/vm/vector/VectorSupport$VectorShuffle
instanceKlass jdk/internal/vm/vector/VectorSupport$VectorMask
instanceKlass jdk/internal/vm/vector/VectorSupport$Vector
ciInstanceKlass jdk/internal/vm/vector/VectorSupport$VectorPayload 0 0 32 10 100 12 1 1 1 9 100 12 1 1 1 10 100 12 1 1 1 1 1 1 1 1 1 1 1 1 1 1 1 1
ciInstanceKlass jdk/internal/vm/vector/VectorSupport$VectorShuffle 0 0 28 10 100 12 1 1 1 100 1 1 1 1 1 1 1 1 1 1 1 1 1 1 1 100 1 1 1 1
ciInstanceKlass jdk/internal/vm/vector/VectorSupport$VectorMask 0 0 28 10 100 12 1 1 1 100 1 1 1 1 1 1 1 1 1 1 1 1 1 1 1 100 1 1 1 1
ciInstanceKlass jdk/internal/vm/vector/VectorSupport$Vector 0 0 28 10 100 12 1 1 1 100 1 1 1 1 1 1 1 1 1 1 1 1 1 1 1 100 1 1 1 1
ciInstanceKlass jdk/internal/vm/vector/VectorSupport 0 0 487 100 1 10 100 12 1 1 1 9 12 1 1 10 12 1 1 100 1 10 12 1 11 100 12 1 1 1 11 100 12 1 1 1 11 100 12 1 1 11 100 12 1 1 1 11 100 1 100 1 10 12 1 1 11 100 12 1 1 11 100 12 1 1 100 1 11 100 12 1 1 11 100 12 1 1 11 100 12 1 1 1 11 100 12 1 1 1 11 100 12 1 1 1 11 100 12 1 1 1 100 1 10 12 1 1 11 100 12 1 1 100 1 11 100 12 1 1 11 100 12 1 1 11 100 12 1 1 11 100 1 100 1 9 12 1 1 10 100 12 1 1 11 100 12 1 1 10 12 1 1 10 100 12 1 1 1 10 12 1 10 12 1 1 10 12 1 1 1 1 1 3 1 3 1 3 1 3 1 3 1 3 1 3 1 3 1 3 1 3 1 3 1 3 1 3 1 3 1 3 1 3 1 3 1 3 1 3 1 3 1 3 1 3 1 3 1 3 1 3 1 3 1 3 1 3 1 3 1 3 1 3 1 3 1 3 1 3 1 3 1 3 1 3 1 3 1 3 1 1 1 1 1 3 1 1 1 1 1 1 3 1 1 1 1 1 1 1 1 1 1 1 1 1 1 1 1 1 1 1 1 1 1 1 1 1 1 1 1 1 1 1 1 1 1 1 1 1 1 1 1 1 1 1 1 1 1 1 1 1 1 1 1 1 1 1 1 1 1 1 1 1 1 1 1 1 1 1 1 1 1 1 1 1 1 1 1 1 1 1 1 1 1 1 1 1 1 1 1 1 1 1 1 1 1 1 1 1 1 1 1 1 1 1 1 1 1 1 1 1 1 1 1 1 1 1 1 1 1 1 1 1 1 1 1 1 1 1 1 1 1 1 1 1 1 1 1 1 1 1 1 1 1 1 1 1 1 1 1 1 1 1 1 1 1 1 1 1 1 1 1 1 1 1 1 1 1 1 1 1 1 1 1 1 1 1 1 1 1 1 1 1 1 1 1 1 1 1 1 1 1 1 1 1 1 1 1 1 1 1 100 1 100 1 1 1 1 1 1 1 1 1 1 1 1 1 1 1 1 1 1 1 1 1 1 1 1
ciInstanceKlass java/lang/reflect/RecordComponent 0 0 196 10 100 12 1 1 1 9 100 12 1 1 1 9 12 1 1 9 12 1 10 12 1 1 10 12 1 1 10 100 12 1 1 1 10 12 1 1 9 12 1 1 10 12 1 1 10 12 1 1 10 12 1 10 100 12 1 1 10 100 12 1 1 9 12 1 1 10 100 12 1 1 1 11 100 12 1 1 1 10 9 100 12 1 1 1 10 100 12 1 1 1 9 12 1 1 10 100 12 1 1 1 10 12 1 1 11 100 12 1 1 10 100 12 1 1 100 1 9 12 1 9 12 1 1 9 12 1 10 100 12 1 1 1 10 12 1 1 10 12 1 1 100 1 10 10 12 1 10 12 1 1 8 1 10 12 1 10 12 1 9 12 1 100 1 1 1 1 1 1 1 1 1 1 1 1 1 1 1 1 1 1 1 1 1 1 100 1 1 1 1 1 1 100 1 1
ciInstanceKlass java/util/Iterator 1 1 53 100 1 8 1 10 12 1 1 10 7 12 1 1 1 11 7 12 1 1 1 11 12 1 1 11 7 12 1 1 1 100 1 1 1 1 1 1 1 1 1 1 1 1 1 1 1 1 1 1 1 1 1
ciInstanceKlass java/lang/System 1 1 803 10 100 12 1 1 1 9 7 12 1 1 1 10 12 1 10 12 1 1 10 12 1 1 10 12 1 9 12 1 1 10 7 12 1 1 1 11 100 12 1 1 1 10 100 12 1 1 1 10 12 1 1 10 12 1 1 100 1 8 1 10 12 1 10 100 12 1 1 1 10 7 12 1 1 1 18 12 1 1 10 100 12 1 1 1 100 1 10 12 1 1 10 100 12 1 1 1 10 12 1 10 7 12 1 1 1 9 100 12 1 1 1 10 100 12 1 1 1 11 7 12 1 1 1 10 12 1 1 10 7 12 1 1 1 100 1 10 10 12 1 1 8 1 10 12 1 8 1 10 12 1 9 12 1 1 8 1 10 7 12 1 1 1 10 12 1 1 100 1 8 1 10 9 12 1 1 8 1 10 12 1 1 10 100 12 1 1 1 8 1 10 12 1 100 1 10 12 1 8 1 10 12 1 10 12 1 1 100 1 10 12 10 12 1 9 12 1 1 9 12 1 1 10 7 12 1 1 1 10 7 12 1 1 1 10 12 1 1 10 12 1 10 12 1 10 7 12 1 1 1 10 12 1 100 1 100 1 8 1 10 12 1 10 12 1 1 7 1 10 12 1 100 1 8 1 10 10 12 1 100 1 8 1 10 8 1 10 7 12 1 1 8 1 10 12 100 1 8 1 10 10 12 1 1 10 7 12 1 1 1 100 1 18 12 1 100 1 9 100 12 1 1 1 10 12 1 100 1 10 12 1 1 10 12 1 1 10 7 12 1 1 1 10 12 1 1 10 12 1 10 12 1 10 12 1 1 10 12 1 7 1 10 12 1 10 12 1 100 1 10 12 1 10 7 12 1 1 1 100 1 8 1 10 9 12 1 9 12 1 10 12 1 10 100 12 1 1 10 12 1 10 12 1 1 8 1 10 12 1 1 8 1 11 12 1 10 12 11 12 1 1 11 7 12 1 1 1 11 7 12 1 1 11 12 1 1 7 1 11 12 1 10 12 1 8 1 10 12 1 1 8 1 8 1 8 1 8 1 11 12 1 10 12 1 10 12 1 10 12 1 10 7 12 1 1 8 1 7 1 9 7 12 1 1 1 10 12 1 7 1 9 12 10 9 12 7 1 10 12 8 1 10 12 1 1 8 1 10 7 12 1 1 10 12 1 10 7 12 1 1 1 10 12 1 1 10 7 12 1 1 1 10 12 10 7 12 1 1 1 9 12 1 1 100 1 8 1 10 12 1 1 10 7 12 1 1 1 7 1 10 12 1 1 8 1 10 8 1 8 1 8 1 8 1 10 10 7 12 1 1 10 12 1 1 10 12 1 1 10 12 1 1 10 12 1 10 100 12 1 1 1 10 100 1 8 1 10 10 10 12 1 1 10 12 1 1 8 1 10 12 1 8 1 10 12 1 10 12 1 1 7 1 10 10 12 1 10 12 1 9 12 1 1 1 3 1 3 1 1 1 1 1 1 1 1 1 1 1 1 100 1 1 100 1 1 1 1 1 1 1 1 1 1 1 100 1 100 1 1 1 1 1 1 1 1 1 1 1 1 1 1 1 1 1 1 1 1 1 1 1 1 1 1 1 1 1 1 1 1 1 1 1 1 1 1 1 1 1 1 1 1 1 1 1 1 1 1 1 1 1 1 1 1 1 1 100 1 1 1 1 1 1 1 1 1 1 1 1 1 1 1 1 1 1 1 1 1 1 1 1 1 1 1 1 1 1 1 1 1 100 1 1 15 10 100 12 1 1 1 16 15 10 12 1 1 16 15 10 12 16 1 1 1 1 1 1 1 100 1 100 1 1
staticfield java/lang/System in Ljava/io/InputStream; java/io/BufferedInputStream
staticfield java/lang/System out Ljava/io/PrintStream; java/io/PrintStream
staticfield java/lang/System err Ljava/io/PrintStream; java/io/PrintStream
instanceKlass jdk/internal/reflect/DelegatingClassLoader
instanceKlass java/security/SecureClassLoader
ciInstanceKlass java/lang/ClassLoader 1 1 1098 9 7 12 1 1 1 10 7 12 1 1 1 9 12 1 1 10 7 12 1 1 1 7 1 10 12 1 1 10 12 1 1 9 12 1 1 10 12 1 1 100 1 10 12 1 10 12 1 1 10 7 12 1 1 1 100 1 8 1 10 12 1 10 7 12 1 1 1 10 100 12 1 10 7 1 10 7 1 7 1 7 1 10 12 1 10 12 1 9 12 1 1 10 10 7 12 1 1 1 9 12 1 1 9 12 1 9 12 1 1 9 12 1 9 12 1 1 9 12 1 1 7 1 10 12 1 9 12 1 1 10 12 1 1 10 7 12 1 1 1 9 12 1 9 12 1 1 9 12 1 10 12 1 1 9 12 10 12 1 1 7 1 10 8 1 10 12 1 1 10 12 1 10 7 1 7 1 10 12 1 1 10 7 12 1 1 1 8 1 10 12 1 10 12 1 10 12 1 1 10 12 1 1 10 12 1 1 10 12 1 1 10 12 1 1 10 12 1 100 1 10 12 1 10 100 12 1 1 1 10 12 1 1 10 12 1 10 12 1 10 12 1 10 12 1 10 12 1 1 10 10 12 1 10 12 1 10 100 12 1 1 10 12 1 1 10 12 1 1 10 12 1 100 1 10 12 1 100 1 10 12 1 10 100 12 1 1 1 10 10 12 1 1 10 12 1 1 100 1 8 1 10 8 1 10 12 1 10 12 1 100 1 8 1 10 12 1 1 10 12 1 1 10 10 12 1 1 10 12 1 1 10 12 1 1 10 7 1 10 12 1 1 10 12 1 1 10 12 1 1 10 12 1 1 10 12 1 1 10 12 1 1 10 12 1 10 100 12 1 1 1 10 12 1 10 12 1 10 12 1 1 10 12 1 10 12 1 10 12 1 10 12 1 1 10 12 1 10 12 1 1 8 1 9 12 1 10 12 1 1 8 1 8 1 10 7 12 1 1 100 1 10 10 12 10 12 1 10 12 1 10 12 1 10 12 1 1 10 7 12 1 1 10 12 1 10 7 1 7 1 10 12 1 1 10 12 1 10 7 1 10 12 1 100 1 18 12 1 10 100 12 1 1 1 10 100 12 1 1 1 10 7 12 1 1 10 12 1 1 10 12 1 10 12 1 1 100 1 10 12 1 10 12 1 1 10 7 12 1 1 10 12 1 8 1 100 1 10 10 12 1 9 12 1 10 7 12 1 1 10 12 1 100 1 8 1 10 12 1 10 8 1 8 1 10 12 1 1 10 12 1 1 10 12 1 1 10 100 12 1 1 1 100 1 100 1 10 12 1 1 100 1 100 1 10 100 12 1 1 10 12 1 10 12 1 1 10 12 1 10 12 1 1 10 12 1 1 9 100 12 1 1 1 10 12 1 1 10 12 1 10 12 1 10 12 1 1 10 12 1 8 1 10 12 1 7 1 18 12 1 1 10 12 1 1 10 12 1 10 12 1 10 12 1 8 1 10 12 1 10 12 1 18 12 1 11 100 12 1 1 1 100 1 10 12 1 1 10 12 1 10 11 12 1 1 10 18 10 12 1 1 11 100 12 1 18 12 1 11 12 1 1 10 12 10 12 1 1 10 12 1 1 100 1 8 1 10 10 12 1 8 1 8 1 10 100 12 1 1 10 12 1 100 1 10 10 12 1 8 1 8 1 8 1 10 12 1 10 12 1 1 10 12 1 10 100 12 1 1 1 11 100 12 1 1 100 1 10 11 10 12 1 10 12 1 10 12 1 1 9 100 12 1 1 9 12 1 1 9 12 9 12 1 9 12 1 9 12 1 8 10 12 1 1 10 7 12 1 1 1 10 12 1 1 10 12 1 1 10 12 1 10 10 12 1 11 12 1 1 10 100 12 1 1 1 100 1 10 12 1 10 12 1 10 12 1 1 1 1 1 1 1 1 1 1 1 1 1 1 1 1 1 1 1 1 1 1 1 1 1 1 1 1 100 1 1 1 1 1 1 1 1 1 1 1 1 1 1 1 1 1 1 1 1 1 100 1 1 1 1 1 1 1 1 1 1 100 1 1 1 1 1 1 1 1 1 1 1 1 1 1 1 1 1 1 1 1 1 1 1 1 1 1 1 1 1 1 1 1 1 1 1 1 1 1 1 1 1 100 1 1 1 1 1 1 1 1 1 1 1 1 1 1 1 1 1 1 100 1 1 1 1 1 1 1 1 1 1 1 1 1 1 1 1 1 1 1 1 1 1 1 1 1 1 1 1 1 1 1 1 1 1 1 1 1 1 1 1 1 1 1 1 1 1 1 1 1 1 1 100 1 1 1 1 1 1 1 1 1 1 1 1 1 1 1 1 1 1 1 1 1 1 1 1 1 1 1 1 1 1 1 1 1 1 1 1 1 1 1 1 1 1 1 1 1 1 15 10 100 12 1 1 1 16 1 15 10 12 16 1 16 15 10 12 16 1 16 1 15 10 12 16 15 10 12 16 15 10 12 16 1 1 100 1 100 1 1
staticfield java/lang/ClassLoader nocerts [Ljava/security/cert/Certificate; 0 [Ljava/security/cert/Certificate;
staticfield java/lang/ClassLoader $assertionsDisabled Z 1
ciInstanceKlass jdk/internal/reflect/DelegatingClassLoader 1 1 18 10 7 12 1 1 1 100 1 1 1 1 1 1 1 1 1 1
instanceKlass jdk/internal/loader/BuiltinClassLoader
ciInstanceKlass java/security/SecureClassLoader 1 1 102 10 7 12 1 1 1 7 1 10 12 1 9 7 12 1 1 1 10 12 1 10 12 1 10 12 1 1 10 12 1 1 10 12 1 7 1 10 7 1 10 12 1 7 1 10 12 1 11 7 12 1 1 1 7 1 11 12 1 10 12 1 1 1 1 1 1 1 1 1 1 1 1 1 1 1 1 1 1 1 1 1 1 1 1 1 1 1 1 1 1 1 1 1 1 1 1 100 1 1 1 1
instanceKlass jdk/internal/loader/ClassLoaders$BootClassLoader
instanceKlass jdk/internal/loader/ClassLoaders$PlatformClassLoader
instanceKlass jdk/internal/loader/ClassLoaders$AppClassLoader
ciInstanceKlass jdk/internal/loader/BuiltinClassLoader 1 1 737 9 7 12 1 1 1 10 7 12 1 1 1 10 7 12 1 1 1 9 12 1 1 9 12 1 1 7 1 10 12 1 9 12 1 10 12 1 9 12 1 10 7 12 1 1 1 10 7 12 1 1 1 10 7 12 1 1 1 11 7 12 1 1 1 100 1 100 1 10 10 12 1 1 8 1 10 12 1 10 12 7 1 10 12 1 10 12 1 1 11 7 12 1 1 1 11 7 12 1 1 1 11 12 1 1 7 1 8 1 8 1 10 9 12 1 1 10 7 12 1 1 11 12 1 1 10 12 1 1 10 12 1 1 10 12 1 1 10 7 12 1 1 1 10 12 1 10 100 12 1 1 1 10 12 1 1 11 7 12 1 1 1 10 7 12 1 1 7 1 10 7 12 1 1 1 10 12 1 100 1 8 1 10 12 1 1 10 8 1 10 12 1 1 10 12 1 1 10 12 1 1 11 7 12 1 1 11 12 1 7 1 10 11 12 1 1 11 10 12 1 1 7 1 10 12 1 10 7 12 1 10 12 1 7 1 10 12 1 10 7 12 1 1 1 100 1 10 12 1 1 11 12 1 100 1 100 1 10 12 1 10 12 1 1 100 1 100 1 10 12 1 10 12 1 18 12 1 1 10 12 1 10 12 1 1 18 100 1 10 7 12 1 1 1 100 1 10 10 12 1 1 10 12 1 1 10 12 1 1 10 12 1 9 12 1 1 100 1 10 10 12 1 1 10 12 1 1 10 12 1 10 12 10 12 1 1 10 12 1 1 10 12 1 1 10 12 1 10 12 1 1 18 12 1 7 1 10 12 1 1 10 12 1 10 12 1 1 10 12 1 100 1 10 12 1 100 1 10 12 1 10 7 12 1 1 1 10 12 1 11 12 1 100 1 10 12 1 7 1 100 1 10 12 1 10 12 1 11 12 1 1 10 12 1 1 10 12 1 1 10 12 1 1 10 12 1 1 10 12 1 10 12 1 10 12 1 10 12 1 8 1 10 12 1 1 10 7 12 1 1 10 12 1 100 1 8 1 8 1 10 10 12 1 8 1 8 1 10 7 12 1 1 1 11 7 12 1 1 1 9 7 12 1 1 1 10 7 12 1 1 1 9 12 1 9 12 1 9 12 1 9 12 1 9 12 1 9 12 1 10 7 12 1 1 1 8 1 10 12 1 7 1 10 12 1 1 10 12 1 7 1 10 11 12 1 1 10 12 10 12 1 10 12 1 100 1 10 12 1 10 12 1 10 10 12 1 10 7 12 1 1 8 1 10 7 12 1 1 10 12 1 1 1 1 1 1 1 1 1 1 1 1 1 1 1 1 1 1 1 1 1 1 1 1 1 1 1 1 1 1 1 1 1 1 1 1 1 1 1 1 1 1 1 1 1 1 1 1 1 1 1 1 1 1 1 1 100 1 1 1 1 1 1 1 1 1 1 1 1 1 1 1 1 1 1 100 1 100 1 1 1 1 1 1 1 1 1 1 1 1 1 1 1 1 1 1 1 1 1 1 1 1 1 1 1 1 1 1 1 1 1 1 1 1 1 1 1 1 1 1 1 1 1 1 1 1 1 1 1 100 1 1 15 10 100 12 1 1 1 16 15 10 12 16 15 10 12 16 15 10 12 16 1 1 1 100 1 1 1 1 1 100 1 100 1 1
staticfield jdk/internal/loader/BuiltinClassLoader packageToModule Ljava/util/Map; java/util/concurrent/ConcurrentHashMap
staticfield jdk/internal/loader/BuiltinClassLoader $assertionsDisabled Z 1
ciInstanceKlass java/security/AccessController 1 1 295 10 100 12 1 1 1 10 7 12 1 1 1 10 7 12 1 1 1 10 12 1 1 10 12 1 1 10 7 12 1 1 1 10 12 1 1 10 12 1 10 12 1 1 10 12 1 100 1 8 1 10 12 1 10 12 1 10 12 1 1 10 12 1 100 1 100 1 10 12 1 1 10 12 1 10 12 1 10 12 1 1 10 7 12 1 1 1 10 12 1 1 9 100 12 1 1 1 10 100 12 1 1 1 10 12 1 10 12 1 9 100 12 1 1 1 10 12 1 10 12 1 1 9 12 1 1 10 100 1 10 11 7 12 1 1 1 10 7 12 1 1 11 7 1 100 1 10 12 1 10 12 1 10 12 1 8 1 10 12 1 1 8 1 10 100 12 1 1 1 8 1 100 1 10 10 12 1 1 10 12 1 10 7 12 1 1 1 10 12 1 8 1 10 100 12 1 1 8 1 8 1 10 12 1 8 1 10 12 1 10 12 1 1 10 12 1 1 1 1 1 1 1 1 1 1 1 1 1 1 1 1 1 1 1 1 1 1 1 1 1 1 1 1 100 1 1 1 1 1 1 1 1 1 1 1 1 1 1 1 1 1 1 1 1 1 1 1 1 1 1 1 1 1 1 1 1 1 1 100 1 100 1 1 1 1 1 1 1 1 1 3 1 1 1
staticfield java/security/AccessController $assertionsDisabled Z 1
instanceKlass jdk/internal/reflect/GeneratedConstructorAccessor2
instanceKlass jdk/internal/reflect/BootstrapConstructorAccessorImpl
instanceKlass jdk/internal/reflect/GeneratedConstructorAccessor1
instanceKlass jdk/internal/reflect/DelegatingConstructorAccessorImpl
instanceKlass jdk/internal/reflect/NativeConstructorAccessorImpl
ciInstanceKlass jdk/internal/reflect/ConstructorAccessorImpl 1 1 27 10 7 12 1 1 1 100 1 100 1 1 1 1 1 1 1 1 1 100 1 100 1 100 1 1 1
instanceKlass jdk/internal/reflect/FieldAccessorImpl
instanceKlass jdk/internal/reflect/ConstructorAccessorImpl
instanceKlass jdk/internal/reflect/MethodAccessorImpl
ciInstanceKlass jdk/internal/reflect/MagicAccessorImpl 1 1 16 10 7 12 1 1 1 100 1 1 1 1 1 1 1 1
instanceKlass jdk/internal/reflect/DelegatingMethodAccessorImpl
instanceKlass jdk/internal/reflect/NativeMethodAccessorImpl
ciInstanceKlass jdk/internal/reflect/MethodAccessorImpl 1 1 25 10 7 12 1 1 1 100 1 100 1 1 1 1 1 1 1 1 1 100 1 100 1 1 1
ciInstanceKlass java/lang/Module 1 1 959 10 7 12 1 1 1 9 7 12 1 1 1 10 7 12 1 1 1 9 12 1 9 12 1 1 9 12 1 1 10 12 1 1 10 12 1 10 12 1 1 10 7 12 1 1 1 7 1 10 7 12 1 1 1 10 12 1 1 11 7 12 1 1 1 10 12 1 1 10 7 12 1 1 1 10 12 1 1 10 7 12 1 1 1 9 100 12 1 1 1 10 100 12 1 1 1 10 12 1 8 1 10 7 12 1 1 1 10 7 12 1 1 1 9 12 1 1 9 12 1 1 10 12 1 9 12 1 1 11 12 1 9 100 12 1 1 10 100 12 1 1 1 10 100 12 1 1 1 10 12 1 1 100 1 100 1 10 10 12 1 1 8 1 10 12 1 10 12 10 12 1 10 12 1 1 10 12 1 1 10 12 1 1 9 100 12 1 1 1 10 12 1 1 10 12 1 1 9 12 1 10 12 1 10 12 1 9 12 1 1 11 7 12 1 1 10 12 1 1 9 12 1 9 12 1 10 12 1 10 12 1 100 1 8 1 10 10 12 1 1 10 12 1 8 1 10 12 1 1 8 1 8 1 10 12 1 1 10 12 1 10 12 1 1 18 12 1 1 10 12 1 1 11 12 1 9 12 1 11 12 10 100 12 1 1 100 1 8 1 10 7 1 11 12 1 1 10 12 1 10 12 1 10 12 1 1 11 12 1 1 11 7 12 1 1 11 12 1 1 9 12 1 11 12 1 10 12 1 1 10 12 1 1 9 12 1 10 12 10 7 12 1 1 10 7 12 1 1 10 7 1 18 12 1 1 11 100 12 1 1 1 18 12 1 11 12 1 1 10 100 12 1 1 1 11 12 1 1 10 7 12 1 1 4 7 1 11 12 1 7 1 7 1 10 10 7 12 1 1 1 10 11 7 12 1 8 1 10 10 12 1 1 10 7 12 1 1 10 12 1 10 12 1 7 1 10 12 1 10 11 12 1 1 10 12 10 12 1 1 9 12 1 100 1 10 10 12 1 1 11 100 1 10 12 1 1 11 12 1 10 10 12 1 11 10 12 1 1 10 12 1 1 10 12 1 1 10 7 12 1 1 10 12 1 10 12 1 1 10 10 12 1 1 10 12 1 18 12 1 11 12 1 18 12 1 10 12 1 10 12 1 10 12 7 1 10 12 1 10 12 1 10 12 1 9 12 1 7 1 10 10 10 10 12 1 10 12 1 10 12 1 10 12 1 1 10 12 1 1 10 12 1 9 12 1 18 12 1 1 10 100 12 1 1 1 100 1 8 1 10 12 1 1 10 12 1 1 10 100 12 1 1 100 1 10 12 1 1 100 1 8 1 100 1 10 100 1 100 1 3 10 12 1 100 1 10 12 1 10 12 1 1 10 12 1 1 100 1 10 12 1 10 12 1 1 100 1 100 1 10 12 8 1 10 12 1 1 10 12 1 1 10 100 12 1 1 10 12 1 1 10 12 1 10 12 10 12 1 1 100 1 10 10 12 1 1 10 100 12 1 1 1 100 1 8 1 10 12 1 1 10 100 12 1 1 8 1 10 12 1 8 1 10 12 1 10 12 10 12 1 8 1 10 10 100 12 1 1 100 1 10 10 12 1 10 7 12 1 1 9 12 1 9 12 1 9 12 1 9 12 1 10 12 11 12 1 10 12 1 100 1 1 1 1 1 1 1 1 1 1 1 1 1 1 1 1 100 1 1 1 1 1 1 1 1 1 1 1 1 1 1 1 1 1 1 1 1 1 1 1 1 1 1 1 1 1 1 1 1 1 1 1 1 1 1 1 1 1 1 1 1 1 1 1 1 1 1 1 1 1 1 1 1 1 1 1 1 1 1 1 1 1 1 1 1 1 1 1 1 1 1 1 1 1 1 1 1 1 1 1 100 100 1 1 1 1 1 1 1 1 1 1 1 1 1 1 1 1 1 1 1 1 1 1 1 1 1 1 1 1 1 1 1 1 1 1 100 1 100 1 100 1 1 1 1 1 1 1 1 1 1 1 1 1 1 1 1 1 1 1 1 1 1 1 1 1 1 1 1 15 10 100 12 1 1 1 16 15 10 12 16 16 15 10 12 16 16 15 10 16 1 15 10 12 16 1 15 10 12 16 1 16 15 10 12 16 1 1 1 1 1 1 1 100 1 100 1 1
staticfield java/lang/Module ALL_UNNAMED_MODULE Ljava/lang/Module; java/lang/Module
staticfield java/lang/Module ALL_UNNAMED_MODULE_SET Ljava/util/Set; java/util/ImmutableCollections$Set12
staticfield java/lang/Module EVERYONE_MODULE Ljava/lang/Module; java/lang/Module
staticfield java/lang/Module EVERYONE_SET Ljava/util/Set; java/util/ImmutableCollections$Set12
staticfield java/lang/Module $assertionsDisabled Z 1
ciInstanceKlass java/util/ArrayList 1 1 492 10 7 12 1 1 1 7 1 9 7 12 1 1 1 9 12 1 100 1 100 1 10 8 1 10 12 1 1 10 12 1 10 12 1 1 10 12 1 9 12 1 11 7 12 1 1 1 9 12 1 1 10 12 1 1 7 10 7 12 1 1 1 9 12 1 10 12 1 10 12 1 1 10 7 12 1 1 1 10 7 12 1 1 1 10 12 1 1 10 12 1 1 10 12 1 1 10 12 1 10 12 1 1 100 1 100 1 10 12 1 10 7 12 1 1 1 10 7 12 1 1 10 12 1 10 12 10 12 1 1 10 12 1 1 10 12 1 1 100 1 10 12 1 1 10 12 1 1 10 12 1 100 1 10 11 12 1 1 11 100 12 1 1 1 11 12 1 10 12 1 10 12 1 10 12 1 1 100 1 10 12 1 1 10 10 12 1 1 10 12 1 8 1 8 1 8 1 8 1 10 12 1 1 10 12 1 1 11 12 1 100 1 10 100 12 1 1 10 12 1 10 12 1 1 10 100 12 1 1 10 12 1 10 100 12 1 1 1 11 100 12 1 1 1 10 12 1 100 1 8 1 10 7 1 10 12 1 7 1 10 12 1 10 12 1 1 7 1 10 12 1 10 12 1 1 11 7 12 1 1 7 1 10 12 1 10 12 1 1 11 100 12 1 1 10 12 1 1 10 12 1 1 10 12 1 1 10 12 1 1 11 100 12 1 1 10 12 1 1 100 1 100 1 100 1 1 1 1 5 0 1 3 1 1 1 1 1 1 1 1 1 1 1 1 1 1 1 1 1 1 1 1 1 1 1 1 1 1 1 1 1 1 1 1 1 1 1 1 1 1 1 1 1 1 1 1 1 1 1 1 1 1 1 1 1 1 1 1 1 1 1 1 1 1 1 1 1 1 1 1 1 1 1 1 1 1 1 1 1 1 1 1 1 1 1 1 1 1 1 1 1 1 1 1 1 1 1 1 100 1 1 1 1 100 1 1 1 1 1 1 1 1 1 1 1 1 1 1 1 1 1 1 1 1 1 1 1 1 1 1 1 1 1 100 1 1 1 1 1 1 1 1 1 1 1 1 1 1 1 1 1 1 100 1 100 1 1 1 1 1 1
staticfield java/util/ArrayList EMPTY_ELEMENTDATA [Ljava/lang/Object; 0 [Ljava/lang/Object;
staticfield java/util/ArrayList DEFAULTCAPACITY_EMPTY_ELEMENTDATA [Ljava/lang/Object; 0 [Ljava/lang/Object;
ciInstanceKlass java/util/concurrent/ConcurrentHashMap 1 1 1210 7 1 7 1 3 10 12 1 1 3 7 1 10 7 12 1 1 1 7 1 10 7 12 1 1 1 7 1 11 12 1 1 11 12 1 11 12 1 1 9 12 1 1 9 12 1 1 9 12 1 10 7 12 1 1 1 7 1 10 12 1 1 10 12 1 1 10 7 12 1 1 1 4 10 12 1 9 12 1 10 12 1 1 100 1 10 5 0 10 12 1 10 12 1 1 5 0 10 12 1 1 10 12 1 9 12 1 1 10 12 1 1 9 12 1 9 12 1 1 10 12 1 1 9 12 1 10 12 1 1 9 12 1 1 10 12 1 1 100 1 10 7 1 10 12 1 10 12 1 1 10 12 1 1 10 12 1 1 10 12 1 10 12 1 1 10 12 1 1 7 1 10 12 1 1 7 1 100 1 8 1 10 12 1 10 12 1 1 10 12 1 1 11 7 12 1 1 10 12 1 1 11 12 1 1 11 7 12 1 1 1 11 7 12 1 1 1 11 12 1 7 1 11 12 1 11 12 1 10 12 1 1 10 12 1 1 9 12 1 1 10 7 12 1 1 1 9 10 12 1 1 9 12 1 10 12 1 1 5 0 9 12 1 1 7 1 10 12 1 9 12 1 1 7 1 10 12 1 9 12 1 7 1 10 100 1 10 10 12 1 1 8 1 10 12 1 10 12 1 1 11 100 1 10 12 1 10 100 12 1 1 1 8 1 10 100 12 1 1 1 8 1 10 12 1 8 1 10 12 1 10 12 1 1 10 100 12 1 1 10 12 1 10 12 1 10 12 1 9 12 1 9 10 12 1 9 12 1 1 11 7 12 1 1 1 11 100 12 1 1 1 100 1 10 12 11 100 12 1 1 10 11 7 12 1 10 12 1 100 1 10 12 1 100 1 10 10 9 7 12 1 1 1 10 12 3 10 7 12 1 1 9 12 1 10 12 1 1 9 12 1 1 9 12 1 10 12 1 1 10 7 12 1 1 9 12 1 9 7 12 1 1 10 12 1 1 10 12 1 3 9 12 1 9 12 1 10 12 1 1 7 1 9 3 9 12 1 100 1 10 12 1 9 12 1 10 12 1 9 12 1 10 12 1 9 12 1 10 100 12 1 1 1 100 10 12 1 100 1 5 0 10 100 12 1 1 100 1 10 12 1 1 10 12 1 10 12 1 100 1 10 12 1 10 100 1 100 1 10 10 12 1 10 100 1 10 12 1 10 100 1 10 12 1 10 100 1 10 12 1 1 100 1 10 12 1 10 10 12 1 100 1 10 12 1 10 10 12 1 100 1 10 12 1 10 100 1 10 12 1 10 100 1 10 12 1 10 100 1 10 12 1 10 100 1 10 12 1 10 100 1 10 12 1 10 100 1 10 12 1 10 100 1 10 12 1 10 100 1 10 10 100 1 10 10 100 1 10 10 100 1 10 12 1 10 100 1 10 12 1 10 100 1 10 12 1 10 100 1 10 12 1 10 100 1 10 12 1 10 100 1 10 10 100 1 10 10 100 1 10 10 100 1 10 12 1 10 100 1 10 12 1 10 100 1 10 12 1 10 100 1 10 12 1 10 100 1 10 12 1 10 10 12 1 10 7 12 1 1 1 10 12 1 7 1 7 1 10 12 1 9 12 1 1 9 12 1 1 10 12 1 1 8 10 12 1 1 8 8 8 8 7 10 12 1 1 10 12 1 100 1 8 1 10 7 1 100 1 100 1 1 1 5 0 1 1 3 1 3 1 1 1 1 3 1 3 1 3 1 1 1 1 1 3 1 3 1 3 1 1 1 1 1 1 1 1 1 1 1 1 1 1 1 1 1 1 1 1 1 1 1 1 1 100 1 1 1 1 1 1 1 1 1 1 1 1 1 1 1 1 1 1 1 1 1 1 1 1 1 1 1 1 1 1 1 1 1 1 1 1 1 1 1 1 1 1 1 1 1 1 1 1 1 1 1 1 1 1 1 1 1 1 1 1 1 1 1 1 1 1 1 1 1 1 1 1 1 1 1 1 1 1 1 1 1 1 1 1 100 1 1 1 1 1 1 1 1 1 1 1 100 1 1 1 1 1 1 1 1 1 1 1 1 1 1 1 1 1 1 1 1 1 1 1 1 1 1 1 1 1 1 1 1 1 1 1 1 1 1 1 1 1 1 1 1 1 1 1 1 1 1 1 1 1 1 1 1 1 1 1 1 1 1 1 1 1 1 1 1 1 1 1 1 1 1 1 1 1 1 1 1 1 1 1 1 1 1 1 1 1 1 1 1 1 1 1 1 1 1 1 1 1 1 1 1 1 1 1 1 1 1 1 1 1 1 1 1 1 1 1 1 1 1 1 1 1 1 1 1 1 1 1 1 1 1 1 1 1 1 1 1 1 1 1 1 1 1 1 1 1 1 1 1 1 1 1 1 1 1 1 1 1 1 1 1 1 1 1 1 1 1 1 1 1 1 1 1 1 1 1 1 1 1 1 1 1 1 1 1 1 1 1 1 1 1 1 1 1 1 1 1 1 1 1 1 1 1 1 1 1 1 1 1 1 1 1 1 1 1 1 1 1 1 1 100 1 100 1 100 1 100 1 100 1 100 1 100 1 100 1 100 1 1 1 1 1 1 1 1 1 1 1 1 1 1 1 1 1 1 1 1 1 1 1 1 1 1 1 1 1 1 1 1 1 1 1 1 1 1 1 1 1 1 1 1 1 1 1 1 1 1 1 1 1 1 1 1 1 1
staticfield java/util/concurrent/ConcurrentHashMap NCPU I 4
staticfield java/util/concurrent/ConcurrentHashMap serialPersistentFields [Ljava/io/ObjectStreamField; 3 [Ljava/io/ObjectStreamField;
staticfield java/util/concurrent/ConcurrentHashMap U Ljdk/internal/misc/Unsafe; jdk/internal/misc/Unsafe
staticfield java/util/concurrent/ConcurrentHashMap SIZECTL J 20
staticfield java/util/concurrent/ConcurrentHashMap TRANSFERINDEX J 32
staticfield java/util/concurrent/ConcurrentHashMap BASECOUNT J 24
staticfield java/util/concurrent/ConcurrentHashMap CELLSBUSY J 36
staticfield java/util/concurrent/ConcurrentHashMap CELLVALUE J 144
staticfield java/util/concurrent/ConcurrentHashMap ABASE I 16
staticfield java/util/concurrent/ConcurrentHashMap ASHIFT I 2
ciInstanceKlass java/lang/String 1 1 1396 10 7 12 1 1 1 8 1 9 7 12 1 1 1 9 12 1 1 9 12 1 1 10 12 1 10 12 1 1 10 12 1 1 9 12 1 1 10 7 12 1 1 1 10 7 1 10 7 12 1 1 1 10 12 1 1 10 12 1 1 10 12 1 10 12 1 1 10 12 1 10 7 12 1 1 1 9 7 12 1 1 1 10 7 12 1 1 1 10 12 1 1 10 12 1 1 10 12 1 1 10 12 1 1 10 12 1 1 9 7 12 1 1 10 12 9 7 12 1 1 3 10 7 12 1 1 1 7 1 11 12 1 1 11 12 1 11 12 1 1 10 100 12 1 1 1 10 12 1 1 9 100 12 1 1 1 10 12 1 1 10 12 1 11 12 1 1 10 12 1 1 10 12 10 12 1 1 10 100 12 1 1 1 10 7 12 1 1 1 10 12 1 1 100 1 100 1 10 12 1 10 12 1 10 12 1 1 100 1 10 12 1 1 100 1 10 12 1 1 10 12 1 1 10 10 12 1 100 1 100 1 100 1 10 12 1 10 12 1 1 10 12 1 1 10 12 1 10 12 1 1 10 12 1 1 10 7 12 1 1 7 1 11 11 12 1 11 12 1 10 12 1 1 10 12 1 10 12 10 12 1 1 10 10 100 12 1 1 1 10 100 12 1 1 10 12 1 1 10 100 12 1 1 10 12 1 10 12 1 1 10 12 1 1 10 12 1 10 12 1 10 12 1 1 100 1 10 12 1 1 10 12 10 12 1 10 12 1 1 10 100 12 1 1 1 10 12 1 10 12 1 1 10 12 1 10 12 1 3 3 10 12 1 10 12 1 1 10 12 1 1 10 12 1 1 10 12 1 10 12 1 1 10 12 1 1 10 12 1 10 12 1 10 12 1 10 12 1 1 10 12 1 10 12 1 10 12 1 10 12 1 10 12 1 10 12 1 10 100 1 10 8 1 10 12 1 1 10 12 1 8 1 10 12 1 1 10 12 10 12 1 8 1 10 10 12 1 1 10 12 1 1 10 12 1 10 12 1 1 10 12 10 100 1 10 10 12 1 10 12 1 10 12 1 10 10 12 1 10 12 1 1 10 12 1 100 1 10 10 12 1 100 1 10 10 12 1 10 12 1 1 10 12 1 10 12 1 1 10 10 12 1 1 10 100 1 10 10 12 1 10 12 1 1 10 12 1 1 10 100 1 10 12 1 10 12 1 10 12 1 10 12 1 1 10 12 1 11 7 1 11 12 10 12 1 10 12 1 1 10 12 1 1 10 10 12 1 10 12 1 9 12 1 1 11 7 12 1 1 1 10 10 12 1 10 12 1 1 10 10 12 1 10 12 1 10 12 1 1 9 12 1 10 12 1 1 10 10 12 1 1 10 12 10 10 12 1 10 12 10 10 12 10 10 12 1 10 12 1 10 12 10 10 12 10 12 1 10 12 10 12 10 10 12 1 10 12 1 1 10 12 1 10 10 12 1 10 7 12 1 1 1 10 12 1 1 10 10 100 12 1 1 1 11 10 12 1 10 12 1 1 10 12 1 1 10 100 12 1 1 1 10 12 1 10 10 12 1 10 12 1 10 12 1 10 100 12 1 1 10 12 1 100 1 100 1 8 1 10 10 10 12 1 8 1 10 12 1 3 3 7 1 10 10 12 1 10 12 1 10 12 1 1 10 12 1 1 11 7 12 1 1 1 7 1 10 12 1 1 10 12 1 10 12 1 1 10 12 1 1 8 1 10 12 1 1 10 12 1 11 100 12 1 1 1 11 100 12 1 1 11 12 1 1 10 12 1 10 12 1 1 10 10 7 12 1 1 1 10 12 1 10 12 1 10 10 12 10 12 1 1 10 10 12 1 10 10 12 1 10 10 12 1 10 10 12 1 10 12 1 1 10 10 12 1 8 1 10 12 1 1 18 12 1 1 11 100 12 1 1 1 100 1 3 18 12 1 18 12 1 8 1 10 100 12 1 1 1 11 12 1 1 10 12 10 10 12 1 10 11 12 1 1 10 12 1 1 11 12 1 18 3 11 10 12 1 11 11 10 12 1 10 12 1 1 8 1 10 12 1 10 12 1 10 12 1 1 10 10 12 1 11 100 12 1 100 1 100 1 10 12 1 100 1 10 10 100 12 1 1 1 100 1 10 100 1 10 10 12 1 10 10 12 1 8 1 10 10 12 1 8 1 8 1 10 12 1 10 12 1 10 10 12 10 100 12 1 1 10 100 12 1 1 10 100 12 1 1 8 1 10 12 1 10 12 1 1 10 10 12 8 1 8 1 10 8 1 8 1 8 1 8 1 10 12 1 10 12 1 8 1 10 100 12 1 1 1 10 12 10 12 1 1 10 12 10 10 12 10 12 7 1 9 12 1 1 7 1 10 100 1 100 1 100 1 100 1 1 1 1 1 1 5 0 1 1 1 1 1 3 1 3 1 1 1 1 1 1 1 1 1 1 1 1 1 1 1 100 1 1 1 100 1 1 1 1 1 1 1 1 1 1 1 1 1 1 1 1 1 1 1 1 1 1 1 1 1 1 1 100 1 1 1 1 1 1 1 1 1 100 1 1 1 1 1 1 1 1 1 1 1 1 1 1 1 1 1 1 1 1 1 1 1 1 1 1 1 1 1 1 1 1 1 1 1 1 1 1 1 1 1 1 1 1 1 1 1 1 1 1 1 1 1 1 1 1 1 1 1 1 1 1 1 1 1 1 1 1 1 1 1 1 1 1 1 1 1 1 1 1 1 1 1 1 1 1 1 1 1 1 1 1 1 1 1 1 1 1 1 1 1 1 1 1 1 1 1 1 1 1 1 1 1 1 1 1 1 1 1 1 1 1 1 1 1 1 1 1 1 1 1 1 1 1 1 1 1 1 1 1 1 1 1 1 1 1 1 1 1 1 1 1 1 1 1 1 1 1 1 1 1 1 1 1 1 1 1 1 1 100 1 1 1 1 1 1 1 1 1 1 1 1 1 1 1 1 1 1 1 1 1 1 1 1 100 1 1 1 1 1 1 1 1 1 1 1 1 1 100 1 1 1 1 1 1 1 1 1 1 1 1 1 1 1 15 10 100 12 1 1 1 16 15 10 12 16 15 10 12 15 10 12 15 10 12 1 1 1 1 100 1 100 1 1 1
staticfield java/lang/String COMPACT_STRINGS Z 1
staticfield java/lang/String serialPersistentFields [Ljava/io/ObjectStreamField; 0 [Ljava/io/ObjectStreamField;
staticfield java/lang/String CASE_INSENSITIVE_ORDER Ljava/util/Comparator; java/lang/String$CaseInsensitiveComparator
ciInstanceKlass java/security/ProtectionDomain 1 1 324 10 7 12 1 1 1 9 7 12 1 1 1 7 1 10 9 12 1 1 9 12 1 1 9 12 1 1 10 7 12 1 1 7 1 9 12 1 9 12 1 1 7 1 9 12 1 1 9 12 1 10 100 12 1 1 10 100 12 1 1 1 10 12 1 1 10 12 1 9 12 1 9 100 12 1 1 10 12 1 1 10 100 1 10 12 1 1 8 1 100 1 8 1 10 12 1 10 10 100 12 1 1 1 10 12 1 1 8 1 11 8 1 10 12 1 8 1 8 1 10 12 1 1 10 12 1 10 12 1 1 10 12 1 8 1 10 12 1 8 1 8 1 10 100 12 1 1 1 9 100 12 1 1 1 10 12 1 1 9 100 12 1 1 1 10 100 12 1 1 1 100 1 100 1 10 12 1 10 100 12 1 1 1 10 100 1 10 12 1 10 12 1 1 11 100 12 1 1 11 12 1 100 1 11 100 12 1 1 1 10 12 1 10 11 12 1 1 11 12 1 1 10 12 1 10 7 12 1 1 10 100 12 1 1 11 12 1 10 12 8 1 8 1 10 7 12 1 1 1 7 1 10 10 7 12 1 1 1 1 1 1 1 1 1 1 100 1 1 100 1 1 1 1 1 1 1 1 1 1 1 1 1 1 1 1 1 1 1 1 1 1 1 1 1 1 1 1 1 1 1 1 1 1 1 1 1 1 1 1 1 1 100 1 1 1 1 1 100 1 1 1 1 1
staticfield java/security/ProtectionDomain filePermCompatInPD Z 0
ciInstanceKlass java/security/CodeSource 1 1 395 10 7 12 1 1 1 9 7 12 1 1 1 9 12 1 1 9 12 1 1 9 12 1 1 10 7 12 1 1 1 9 12 1 1 10 7 12 1 1 10 7 10 100 12 1 1 1 10 100 12 1 1 1 10 12 1 1 7 1 10 10 7 12 1 1 1 10 7 12 1 1 1 10 12 1 1 10 12 1 7 1 10 12 1 1 10 12 1 1 10 12 1 1 10 12 1 10 10 10 12 1 1 10 100 12 1 1 1 10 12 1 10 12 1 10 12 1 8 1 10 12 1 10 12 1 10 12 1 1 10 12 1 8 1 10 12 1 1 10 100 1 10 10 12 1 1 8 1 10 12 1 10 12 1 10 12 1 8 1 8 1 9 12 1 1 100 1 8 1 10 12 1 10 12 1 1 8 1 10 12 1 8 1 8 1 8 1 10 100 12 1 1 10 12 1 1 10 12 1 10 12 1 1 10 12 1 1 10 12 1 1 100 1 100 1 10 12 1 10 12 10 12 1 1 10 100 12 1 1 10 12 1 100 1 10 12 10 8 1 10 12 1 10 12 1 10 12 1 1 100 1 10 12 1 1 100 1 100 1 8 1 8 1 10 10 12 1 1 10 100 12 1 1 1 100 1 10 12 10 12 1 1 11 100 12 1 1 10 10 12 1 11 10 12 1 8 1 100 1 10 12 1 10 12 1 1 10 12 1 11 12 1 1 11 100 1 1 1 1 5 0 1 1 1 1 1 1 1 1 1 1 1 1 1 1 1 1 1 1 1 1 1 1 1 1 1 1 1 1 1 1 1 1 1 1 1 1 1 1 1 1 1 1 1 1 1 1 1 1 1 1 1 1 1 1 1 1 1 1 1 1 1 1 1 1 1 100 1 1 1 1 1 1 1
ciInstanceKlass java/lang/StringBuilder 1 1 409 10 7 12 1 1 1 10 12 1 10 12 1 10 12 1 1 10 7 12 1 1 1 10 7 12 1 1 1 10 12 1 10 12 1 10 12 1 10 12 1 10 12 1 10 12 1 10 12 1 10 12 1 10 12 1 10 12 1 10 12 1 10 12 1 10 12 1 10 12 1 1 10 12 1 10 12 1 1 10 12 1 1 10 12 1 10 12 1 10 12 1 10 12 1 10 12 1 10 12 1 10 12 1 10 12 10 12 1 10 12 1 10 12 1 10 12 1 1 10 12 1 10 12 1 10 12 10 12 1 1 10 12 1 1 9 12 1 1 9 12 1 1 10 7 12 1 1 1 10 100 1 10 100 12 1 1 1 10 12 1 10 12 1 1 10 12 1 1 10 10 12 1 1 10 100 12 1 1 10 12 1 10 12 1 1 100 1 100 1 8 1 10 10 12 1 1 10 12 1 1 10 12 1 10 12 1 10 12 1 10 12 1 10 12 1 10 12 1 10 12 1 10 12 1 10 12 1 10 12 1 10 12 1 10 12 1 10 12 1 10 12 1 10 12 1 1 10 12 1 1 10 12 1 10 12 1 10 12 1 10 12 10 12 10 12 1 10 12 1 10 12 1 10 12 10 12 1 10 12 1 10 12 1 10 12 1 10 12 1 10 12 1 10 12 1 10 12 1 10 12 1 1 10 12 1 10 12 1 1 10 12 1 10 12 1 1 10 12 1 10 12 1 1 10 12 1 10 12 1 10 12 1 10 10 12 1 10 12 1 100 1 100 1 100 1 1 1 1 5 0 1 1 1 1 1 1 1 1 1 1 1 1 1 1 1 1 1 1 1 1 1 1 1 1 1 1 1 1 1 1 1 1 1 1 1 1 1 1 1 1 1 1 1 100 1 1 1 100 1 1 1 1 1 1 1 1 1 1
ciInstanceKlass jdk/internal/loader/ClassLoaders 1 1 183 10 100 12 1 1 1 10 7 12 1 1 1 10 12 1 1 10 100 12 1 1 1 9 7 12 1 1 1 9 12 1 1 9 12 1 1 7 1 11 100 12 1 1 1 100 1 11 12 1 1 11 12 1 1 10 100 12 1 1 1 10 100 12 1 1 1 100 1 100 1 10 7 12 1 1 1 9 12 1 1 10 12 1 1 7 1 10 12 1 1 10 12 1 7 1 8 1 10 7 12 1 1 1 10 12 1 1 7 1 10 12 1 10 12 1 10 12 1 8 1 10 7 12 1 1 8 1 8 1 10 12 1 7 1 10 12 1 10 12 1 10 12 1 1 1 1 1 1 1 1 1 1 1 1 1 1 1 1 1 1 1 1 100 1 1 1 1 1 1 1 1 1 1 1 1 1 1 1 1 1 1 1
staticfield jdk/internal/loader/ClassLoaders JLA Ljdk/internal/access/JavaLangAccess; java/lang/System$2
staticfield jdk/internal/loader/ClassLoaders BOOT_LOADER Ljdk/internal/loader/ClassLoaders$BootClassLoader; jdk/internal/loader/ClassLoaders$BootClassLoader
staticfield jdk/internal/loader/ClassLoaders PLATFORM_LOADER Ljdk/internal/loader/ClassLoaders$PlatformClassLoader; jdk/internal/loader/ClassLoaders$PlatformClassLoader
staticfield jdk/internal/loader/ClassLoaders APP_LOADER Ljdk/internal/loader/ClassLoaders$AppClassLoader; jdk/internal/loader/ClassLoaders$AppClassLoader
ciInstanceKlass jdk/internal/misc/Unsafe 1 1 1285 10 7 12 1 1 1 9 7 12 1 1 1 9 12 1 1 10 12 1 1 10 7 12 1 1 1 10 12 1 1 10 12 1 1 10 12 1 1 10 12 1 1 10 12 1 1 10 12 1 1 10 12 1 1 10 12 1 1 10 12 1 1 10 12 1 1 10 12 1 1 10 12 1 1 10 12 1 1 10 12 1 10 12 1 100 1 10 10 12 1 1 10 12 1 1 5 0 10 12 1 1 10 12 1 1 10 7 12 1 1 1 10 12 1 1 10 12 1 10 12 1 10 12 1 1 10 12 1 1 10 12 1 10 12 1 100 1 100 1 10 8 1 10 12 1 1 10 12 1 8 1 10 12 1 1 10 12 1 10 12 1 10 12 1 1 10 12 1 10 12 1 1 10 12 1 1 10 12 1 10 12 1 10 12 1 10 12 1 1 10 12 1 10 12 1 10 12 1 1 10 12 1 5 0 5 0 5 0 10 12 1 10 12 1 10 12 1 10 12 1 10 12 1 10 12 1 10 12 1 10 12 1 10 12 1 1 10 12 1 10 12 1 100 1 8 1 10 100 1 10 10 12 1 1 10 12 1 1 10 12 1 10 12 1 1 10 12 1 1 10 12 1 10 12 1 1 10 12 1 9 7 12 1 1 9 12 1 100 1 10 10 12 1 1 8 1 10 8 1 8 1 10 12 1 1 9 7 12 1 1 1 9 100 1 9 100 1 9 7 1 9 9 100 1 9 100 1 9 100 1 10 12 1 1 10 12 1 1 10 12 1 1 10 12 1 1 5 0 5 0 9 12 1 1 10 12 1 10 12 1 10 12 1 1 10 12 1 1 10 12 1 8 1 3 10 12 1 1 10 12 1 1 10 12 1 10 12 1 1 10 12 1 1 10 12 1 10 12 1 10 12 1 10 12 1 10 12 1 10 12 1 1 10 12 1 1 10 12 1 10 12 1 10 12 1 10 12 1 10 12 1 10 12 1 1 10 12 1 1 10 12 1 10 12 1 10 12 1 10 12 1 10 12 1 10 12 1 1 10 12 1 1 10 12 1 1 10 12 1 1 10 12 1 10 12 1 10 12 1 10 12 1 10 12 1 10 12 1 10 12 1 1 10 12 1 1 10 12 1 10 12 1 10 12 1 10 12 1 10 12 1 10 12 1 10 12 1 1 10 12 1 1 10 12 1 10 12 1 10 12 1 10 12 1 10 12 1 10 12 1 10 12 1 10 12 1 1 10 12 1 10 12 1 10 12 1 10 12 1 10 12 1 1 10 12 1 10 12 1 10 12 1 10 12 1 10 12 1 10 12 1 10 12 1 10 12 1 1 10 12 1 10 12 1 10 12 1 10 12 1 10 12 1 10 12 1 1 10 12 1 10 12 1 10 12 1 1 10 12 1 10 12 1 10 12 1 10 12 1 10 12 1 10 12 1 10 12 1 10 12 1 10 12 1 10 12 1 10 12 1 10 12 1 10 12 1 10 12 1 10 12 1 10 12 1 10 12 1 10 12 1 10 12 1 10 12 1 10 12 1 10 12 1 100 1 10 100 1 10 9 12 1 5 0 10 12 1 1 5 0 10 12 1 5 0 10 12 1 10 12 1 10 12 1 1 10 12 1 1 10 12 1 10 12 1 10 12 1 10 12 1 1 10 12 1 10 12 1 10 12 1 10 12 1 10 12 1 1 10 12 1 10 12 1 10 12 1 10 12 1 1 10 12 1 10 12 1 10 12 1 1 10 12 1 10 12 1 10 12 1 10 12 1 1 10 12 1 10 10 12 1 1 10 12 1 10 12 1 1 10 12 1 10 12 5 0 5 0 5 0 10 12 1 1 10 12 1 10 12 1 10 12 10 100 12 1 1 8 1 100 1 11 12 1 1 8 1 11 12 1 1 10 100 12 1 1 10 12 1 10 12 1 10 12 1 10 12 1 10 12 1 1 10 12 1 10 12 1 10 12 1 10 12 1 10 12 1 10 12 1 10 7 1 10 12 1 9 12 1 7 1 9 12 1 7 1 9 12 1 7 1 9 12 1 7 1 9 12 1 7 1 9 12 1 7 1 9 12 1 7 1 9 12 1 7 1 9 12 1 10 12 1 9 12 1 9 12 1 9 12 1 9 12 1 9 12 1 9 12 1 9 12 1 9 12 1 9 12 1 9 12 1 1 1 3 1 1 1 1 1 1 1 1 1 1 1 1 1 1 1 1 1 1 1 1 1 1 1 1 1 1 1 1 1 1 1 1 1 1 1 1 1 1 1 1 1 1 1 1 1 1 1 1 1 1 1 1 1 1 1 1 1 1 1 1 1 1 1 1 1 1 1 1 1 1 1 1 1 1 1 1 1 1 1 1 1 1 1 1 1 1 1 1 1 100 1 1 1 1 1 1 1 1 1 1 1 1 1 1 1 1 1 1 1 1 1 1 1 1 1 1 1 1 1 1 1 1 1 1 1 1 1 1 1 1 1 1 1 1 1 1 1 1 1 1 1 1 1 1 1 1 1 1 1 1 1 1 1 1 1 1 1 1 1 1 1 1 1 1 1 1 1 1 1 1 1 1 1 1 1 1 1 1 1 1 1 1 1 1 1 1 1 1 1 1 1 1 1 1 1 1 1 1 1 1 1 1 1 1 1 1 1 1 1 1 1 1 1 1 1 1 1 1 1 1 1 1 1 1 1 1 1 1 1 1 1 1 1 1 1 1 1 1 1 1 1 1 1 1 1 1 1 1 1 1 1 1 1 1 1 1 1 1 1 1 1 1 1 1 1 1 1 1 1 1 1 1 1 1 1 1 1 1 1 1 1 1 1 1 1 1 1 1 1 1 1 1 1 1 1 1 1 3 1 1 1 1 1 1 1 1 1 1 1 1 1 1 1 1 1 1 1 1 1
staticfield jdk/internal/misc/Unsafe theUnsafe Ljdk/internal/misc/Unsafe; jdk/internal/misc/Unsafe
staticfield jdk/internal/misc/Unsafe ARRAY_BOOLEAN_BASE_OFFSET I 16
staticfield jdk/internal/misc/Unsafe ARRAY_BYTE_BASE_OFFSET I 16
staticfield jdk/internal/misc/Unsafe ARRAY_SHORT_BASE_OFFSET I 16
staticfield jdk/internal/misc/Unsafe ARRAY_CHAR_BASE_OFFSET I 16
staticfield jdk/internal/misc/Unsafe ARRAY_INT_BASE_OFFSET I 16
staticfield jdk/internal/misc/Unsafe ARRAY_LONG_BASE_OFFSET I 16
staticfield jdk/internal/misc/Unsafe ARRAY_FLOAT_BASE_OFFSET I 16
staticfield jdk/internal/misc/Unsafe ARRAY_DOUBLE_BASE_OFFSET I 16
staticfield jdk/internal/misc/Unsafe ARRAY_OBJECT_BASE_OFFSET I 16
staticfield jdk/internal/misc/Unsafe ARRAY_BOOLEAN_INDEX_SCALE I 1
staticfield jdk/internal/misc/Unsafe ARRAY_BYTE_INDEX_SCALE I 1
staticfield jdk/internal/misc/Unsafe ARRAY_SHORT_INDEX_SCALE I 2
staticfield jdk/internal/misc/Unsafe ARRAY_CHAR_INDEX_SCALE I 2
staticfield jdk/internal/misc/Unsafe ARRAY_INT_INDEX_SCALE I 4
staticfield jdk/internal/misc/Unsafe ARRAY_LONG_INDEX_SCALE I 8
staticfield jdk/internal/misc/Unsafe ARRAY_FLOAT_INDEX_SCALE I 4
staticfield jdk/internal/misc/Unsafe ARRAY_DOUBLE_INDEX_SCALE I 8
staticfield jdk/internal/misc/Unsafe ARRAY_OBJECT_INDEX_SCALE I 4
staticfield jdk/internal/misc/Unsafe ADDRESS_SIZE I 8
ciInstanceKlass java/util/Map 1 1 259 11 7 12 1 1 1 11 12 1 1 10 7 12 1 1 11 12 1 1 11 7 12 1 1 1 11 7 12 1 1 1 11 12 1 1 7 1 11 12 1 11 12 1 100 1 100 1 10 12 1 1 11 7 12 1 1 1 11 7 12 1 1 1 11 12 1 11 12 1 10 12 1 1 11 12 1 11 7 12 1 9 7 12 1 1 1 100 1 10 12 7 1 7 1 10 12 1 7 1 10 7 1 11 12 1 1 7 1 11 12 1 1 1 1 1 1 1 1 1 1 1 1 1 1 1 1 1 1 1 1 1 1 1 1 1 1 1 1 1 1 1 1 1 1 1 1 1 1 1 1 1 1 1 1 1 1 1 1 1 1 1 1 1 1 1 1 1 1 1 1 1 1 1 1 1 1 1 1 1 1 1 1 1 1 1 1 1 1 1 1 1 1 1 1 1 1 1 1 1 1 1 1 1 1 1 1 1 1 1 1 1 1 1 1 1 1 1 1 1 1 1 1 1 1 1 1 1 1 1 1 1 1 1 1 1 1 1 1 1 100 1 1 1 1 1 1 1 1 1 1 1 1 1 1 1 1 1 1
ciInstanceKlass java/lang/ThreadGroup 1 1 293 10 7 12 1 1 1 9 7 12 1 1 1 8 1 9 12 1 1 7 1 9 12 1 9 12 1 1 10 12 1 1 10 12 1 1 10 12 1 10 12 1 1 10 12 1 9 12 1 1 10 12 1 1 10 12 1 9 12 1 10 100 12 1 1 1 9 12 1 9 12 1 1 10 7 12 1 1 1 100 10 12 1 1 10 7 12 1 1 1 10 100 12 1 9 12 1 10 12 1 1 10 12 1 1 9 12 1 1 10 12 1 1 10 12 1 10 12 1 10 12 1 1 10 12 1 1 10 12 1 10 12 1 10 10 12 1 10 12 1 10 100 1 10 10 12 1 10 12 1 10 12 1 7 10 12 1 9 12 1 1 10 12 1 1 8 1 10 100 12 1 1 1 10 12 1 1 10 12 1 1 10 12 1 1 11 100 1 100 1 9 12 1 100 1 10 8 1 10 12 1 1 10 12 1 1 8 1 10 12 1 10 100 12 1 1 1 10 12 1 1 10 100 1 8 1 10 8 1 10 12 1 8 1 1 1 1 1 1 1 1 1 1 1 1 1 1 1 1 1 3 1 1 1 1 1 1 1 1 1 1 1 1 1 1 1 1 1 1 1 1 1 1 1 1 1 1 1 1 1 1 1 1 1 1 1 1 1 1 1 1 1 1
instanceKlass java/security/Provider
ciInstanceKlass java/util/Properties 1 1 651 10 7 12 1 1 1 100 1 10 7 12 1 1 7 1 10 12 1 9 12 1 1 9 12 1 1 9 12 1 1 10 7 12 1 1 1 10 12 1 1 8 1 10 7 12 1 1 1 7 1 10 12 1 10 12 1 1 8 1 10 12 1 7 1 10 12 10 12 1 1 9 12 1 1 10 12 1 1 7 1 10 12 1 10 12 1 10 12 1 1 100 1 8 1 10 12 1 10 12 1 10 12 1 1 10 12 1 100 1 3 10 10 100 12 1 1 1 10 12 1 10 12 1 1 8 1 10 12 1 10 12 1 1 8 1 10 100 12 1 1 10 12 1 1 10 12 1 10 12 1 1 100 1 10 12 1 10 12 1 1 100 1 9 100 12 1 1 1 10 12 1 10 12 1 1 100 1 10 10 10 12 1 1 11 7 12 1 1 1 11 7 12 1 1 1 11 12 1 1 7 1 11 12 1 11 12 1 10 12 1 1 8 1 10 12 1 10 12 1 100 1 10 10 12 1 1 10 100 12 1 1 9 100 12 1 1 10 12 1 1 10 100 12 1 1 1 100 1 100 1 100 1 10 8 1 8 1 10 12 1 10 12 1 10 12 1 1 10 10 12 1 1 10 12 1 1 7 1 10 10 12 1 11 7 12 1 1 10 7 12 1 1 1 8 1 10 100 12 1 1 11 8 1 10 100 1 11 10 12 1 10 12 1 10 12 1 10 12 1 1 10 12 1 1 10 12 1 1 10 12 1 10 12 1 10 10 12 1 10 12 1 10 12 1 10 10 12 1 1 10 12 1 1 7 1 10 10 12 1 10 12 1 10 12 1 10 12 1 10 12 1 1 10 12 1 1 10 12 1 10 12 1 10 12 1 1 10 12 10 12 1 1 10 12 1 1 10 12 1 10 12 1 1 10 12 1 1 10 12 100 1 10 11 100 12 1 1 4 11 10 12 1 1 10 100 12 1 1 11 12 1 10 12 1 1 10 100 12 1 1 10 12 1 100 1 8 1 10 12 1 10 10 100 12 1 1 1 100 1 6 0 10 12 1 1 11 100 12 1 1 1 10 12 1 10 12 1 1 1 1 1 5 0 1 1 1 1 1 1 1 1 1 1 1 1 1 1 1 1 1 1 1 1 1 1 1 1 1 1 1 1 1 1 1 1 1 1 1 1 1 1 1 1 100 1 1 1 1 1 1 1 1 1 1 1 1 1 1 1 1 1 1 1 1 100 1 1 1 1 1 1 1 100 1 100 1 1 1 1 100 1 1 1 1 1 1 1 1 1 1 1 1 1 1 1 1 1 1 1 1 1 1 1 1 1 1 1 1 1 1 1 1 1 1 1 1 1 1 1 1 1 1 1 1 1 1 1 1 1 1 1 1 1 1 1 1 1 1 1 1 1 1 1 1 1 1 1 1 1 1 1 1 1 1 1 1 100 1 1 1 1 1 1 1 1 1 100 1 1 1
staticfield java/util/Properties UNSAFE Ljdk/internal/misc/Unsafe; jdk/internal/misc/Unsafe
instanceKlass java/util/Hashtable
ciInstanceKlass java/util/Dictionary 1 1 36 10 7 12 1 1 1 100 1 1 1 1 1 1 1 1 1 1 1 1 1 1 1 1 1 1 1 1 1 1 1 1 1 1 1 1
instanceKlass java/util/Properties
ciInstanceKlass java/util/Hashtable 1 1 512 100 1 10 7 12 1 1 1 9 7 12 1 1 1 100 1 100 1 10 8 1 10 12 1 1 10 12 1 10 12 1 1 10 12 1 10 7 12 1 1 1 8 1 10 12 1 9 12 1 1 7 1 9 12 1 1 4 10 7 12 1 1 1 9 12 1 4 10 12 1 11 100 12 1 1 1 10 12 1 1 10 12 1 1 9 12 1 10 12 1 1 100 1 10 9 12 1 1 10 7 12 1 1 1 9 12 1 1 10 12 1 10 12 1 3 9 12 1 9 12 1 3 10 12 1 10 12 1 10 12 1 1 11 12 1 1 11 100 12 1 1 1 11 100 12 1 1 1 11 12 1 100 1 11 12 1 11 12 1 10 12 1 1 10 12 1 1 10 12 1 9 12 1 1 9 12 9 12 1 1 10 100 1 100 1 10 12 1 10 8 1 10 10 12 1 8 1 10 8 1 10 100 12 1 1 1 7 1 10 12 1 10 12 1 100 1 10 12 1 10 12 1 1 100 1 10 100 1 10 10 12 1 1 11 12 1 1 11 12 1 100 1 10 10 10 100 12 1 1 11 100 12 1 1 1 100 1 10 11 100 12 1 1 11 100 12 1 10 12 1 10 12 1 1 10 100 12 1 1 10 12 1 1 10 12 1 1 10 12 1 1 10 100 12 1 1 1 8 10 100 12 1 1 100 1 8 1 10 4 10 12 4 10 12 1 8 1 10 12 10 100 12 1 1 1 100 1 11 100 12 1 1 1 10 100 12 1 1 1 10 12 1 10 12 1 1 10 100 1 100 1 1 1 1 1 1 5 0 1 1 1 1 1 3 1 3 1 3 1 1 1 1 1 1 1 1 1 1 1 1 1 1 1 1 1 1 1 1 1 1 1 1 1 100 1 1 1 1 1 1 1 1 1 1 1 1 1 1 1 1 1 1 1 1 1 1 1 1 1 1 1 1 1 100 1 1 1 1 1 1 1 1 1 1 1 1 1 1 1 1 1 1 1 1 1 1 1 1 1 1 1 1 1 1 1 1 1 1 1 1 1 1 1 1 1 1 1 1 1 1 1 1 1 1 1 1 1 1 1 1 1 1 100 1 1 1 100 1 1 1 1 1 100 1 1 1 1 1 1 1 1 1 1 1 1 1 1 1 1 1 1
ciInstanceKlass java/util/Set 1 1 140 100 1 10 100 12 1 1 1 9 7 12 1 1 1 7 1 10 12 1 1 10 12 1 7 1 7 1 10 12 1 7 1 7 1 100 1 10 12 1 10 12 1 1 11 12 1 1 100 1 1 1 1 1 1 1 1 1 1 1 1 1 1 1 1 1 1 1 1 1 1 1 1 1 1 1 1 1 1 1 1 1 1 1 1 1 1 1 1 1 1 1 1 1 1 1 1 1 1 1 1 1 1 1 1 1 1 1 1 1 1 1 1 1 1 1 1 1 1 1 1 1 1 1 1 1 1 1 1 1 1 1 1 1 1 1 1 1 1 1
ciInstanceKlass java/util/Map$Entry 1 0 178 18 12 1 1 100 1 100 1 18 10 100 12 1 1 1 18 12 1 18 100 1 11 100 12 1 1 1 11 12 1 11 100 12 1 1 1 10 100 12 1 1 1 10 100 12 1 1 1 8 1 10 12 1 1 8 1 8 1 8 1 10 12 1 10 12 1 8 10 100 1 10 12 1 8 10 12 1 8 1 10 12 1 8 10 12 1 8 1 10 12 1 1 8 1 100 1 8 1 10 12 1 1 11 12 100 1 11 12 1 1 1 1 1 1 1 1 1 1 1 1 1 1 1 1 1 1 1 1 1 1 1 1 1 1 1 1 1 1 1 1 1 1 1 1 1 1 1 15 10 100 12 1 1 1 16 15 11 12 16 3 3 15 11 12 15 11 12 15 11 12 1 1 100 1 100 1 1
instanceKlass java/util/jar/JarVerifier$VerifierStream
instanceKlass java/util/zip/ZipFile$ZipFileInputStream
instanceKlass java/io/FilterInputStream
instanceKlass java/io/FileInputStream
instanceKlass java/io/ByteArrayInputStream
ciInstanceKlass java/io/InputStream 1 1 184 100 1 10 7 12 1 1 1 100 1 10 10 7 12 1 1 1 10 7 12 1 1 1 10 12 1 100 1 3 10 12 1 1 100 1 8 1 10 12 1 10 7 12 1 1 1 3 100 1 8 1 10 10 7 12 1 1 1 7 1 10 11 7 12 1 1 1 10 12 1 1 11 12 1 1 11 7 12 1 1 1 11 12 1 1 7 1 10 7 12 1 1 1 5 0 10 12 1 10 12 1 1 100 1 10 8 1 10 8 1 8 1 10 12 1 1 10 100 12 1 1 1 100 1 1 1 1 3 1 3 1 1 1 1 1 1 1 1 1 1 1 1 1 1 1 1 1 1 1 1 1 1 1 1 1 1 1 1 1 1 1 1 1 1 1 1 1 1 1 1 1 1 1 1 1 1 1 1 1 1 1 1 1
ciInstanceKlass java/io/ByteArrayInputStream 1 1 96 10 7 12 1 1 1 9 7 12 1 1 1 9 12 1 1 9 12 1 9 12 1 10 100 12 1 1 1 10 7 12 1 1 1 10 7 12 1 1 1 10 100 12 1 1 1 10 12 1 1 10 100 12 1 1 1 1 1 1 1 1 1 1 1 1 1 1 1 1 1 1 1 1 1 1 1 1 1 1 1 100 1 1 1 1 1 1 1 1 1 1 1 1 1 1
instanceKlass java/util/logging/LogManager$Cleaner
instanceKlass java/util/concurrent/ForkJoinWorkerThread
instanceKlass jdk/internal/misc/InnocuousThread
instanceKlass java/lang/ref/Finalizer$FinalizerThread
instanceKlass java/lang/ref/Reference$ReferenceHandler
ciInstanceKlass java/lang/Thread 1 1 612 9 7 12 1 1 1 9 12 1 1 10 12 1 1 9 12 1 1 9 12 1 1 100 1 8 1 10 12 1 1 3 8 1 100 1 5 0 10 12 1 1 10 7 12 1 1 9 12 1 1 9 12 1 9 12 1 1 9 12 1 100 1 8 1 10 9 12 1 1 10 7 12 1 1 1 10 100 12 1 1 1 10 10 7 12 1 1 10 12 1 1 10 12 1 1 9 100 12 1 1 1 10 12 1 1 10 12 1 9 12 1 1 10 12 1 1 10 12 1 1 9 12 1 10 12 1 1 9 12 1 1 10 7 12 1 1 1 9 12 1 1 9 12 1 1 10 12 1 1 10 100 12 1 1 1 9 12 1 10 12 1 1 9 12 1 100 1 10 100 1 10 8 1 10 12 1 1 10 12 1 10 12 1 10 12 1 1 10 12 1 10 12 1 9 12 1 100 1 10 10 12 1 1 10 12 1 10 12 1 100 1 11 7 12 1 1 9 100 12 1 1 1 10 12 1 10 12 1 10 12 9 12 1 1 10 9 12 1 10 12 1 100 1 10 10 12 1 1 9 12 1 10 12 1 11 100 12 1 1 10 12 1 9 12 1 10 12 1 10 12 1 10 10 12 1 10 12 1 10 12 1 10 12 1 10 12 1 1 100 1 10 10 12 1 10 12 1 10 12 1 9 100 12 1 1 1 10 12 1 1 10 12 1 100 1 8 1 10 10 12 1 10 12 8 1 10 12 1 8 1 10 8 1 8 1 10 100 12 1 1 10 100 12 1 1 1 100 1 8 1 10 9 12 1 9 12 1 1 10 12 1 1 10 10 12 1 1 9 12 1 10 12 1 1 100 1 10 12 11 100 12 1 1 1 9 100 12 1 1 1 9 12 1 1 10 12 1 1 100 1 10 12 1 11 100 12 1 1 1 100 1 10 12 1 10 12 1 1 11 12 1 10 12 1 100 1 10 12 1 10 12 1 1 10 100 12 1 1 1 8 1 9 12 1 10 12 1 1 11 100 12 1 1 1 10 100 12 1 1 1 11 12 1 10 12 1 7 1 1 1 1 3 1 3 1 3 1 1 1 1 1 1 1 1 1 1 1 1 1 1 1 1 1 1 1 100 1 1 1 1 1 1 1 1 1 1 1 1 100 1 100 1 1 1 1 1 1 1 1 1 1 1 1 1 1 1 1 1 1 1 1 1 1 1 1 1 1 1 1 1 1 1 1 1 1 1 1 1 1 1 1 1 1 1 100 100 1 1 1 1 1 1 1 1 1 100 1 1 1 1 1 1 1 1 1 1 1 1 1 1 1 1 1 1 1 1 1 1 1 1 1 1 1 1 100 1 1 1 1 1 1 100 1 1 100 1 1 1 1 1 1
staticfield java/lang/Thread EMPTY_STACK_TRACE [Ljava/lang/StackTraceElement; 0 [Ljava/lang/StackTraceElement;
ciMethod java/lang/System arraycopy (Ljava/lang/Object;ILjava/lang/Object;II)V 256 0 128 0 -1
instanceKlass java/lang/Exception
instanceKlass java/lang/Error
ciInstanceKlass java/lang/Throwable 1 1 393 10 7 12 1 1 1 9 7 12 1 1 1 9 12 1 1 9 12 1 9 12 1 1 9 12 1 10 12 1 1 9 12 1 1 10 12 1 1 10 12 1 100 1 100 1 10 8 1 10 12 1 1 8 1 10 100 12 1 1 10 10 12 1 100 1 8 1 10 10 12 1 1 10 7 12 1 1 10 12 1 8 1 9 100 12 1 1 1 10 12 1 1 100 1 10 12 10 12 1 100 1 10 10 7 12 1 1 1 11 100 12 1 1 1 10 100 12 1 1 1 10 12 1 1 10 12 1 1 8 1 10 12 1 10 12 1 1 8 1 8 1 10 12 1 1 10 12 1 8 1 8 1 9 12 1 1 10 100 12 1 1 100 1 10 11 12 1 8 1 8 1 10 7 12 1 1 8 1 10 12 1 8 1 100 1 10 12 1 9 12 1 1 10 12 1 10 100 12 1 9 12 1 1 10 12 1 1 100 1 8 1 10 12 1 10 100 12 1 1 10 12 1 1 100 1 10 100 12 1 1 1 10 12 1 11 100 12 1 1 1 11 100 12 1 1 1 11 12 1 8 1 10 12 1 1 8 1 10 10 9 100 12 1 1 1 8 1 10 12 1 1 10 100 1 8 1 10 11 12 1 1 8 1 9 12 1 10 100 12 1 1 11 9 12 1 1 11 12 1 1 100 10 12 1 10 12 1 1 100 1 1 1 1 5 0 1 1 1 1 1 1 1 1 1 1 1 1 1 100 1 1 1 1 1 1 1 1 1 1 1 1 1 1 1 1 1 1 1 1 1 1 1 1 1 1 1 1 1 1 1 1 1 1 1 1 1 1 1 1 1 1 100 1 100 1 1 1 1 1 1 1 1 1 1 1 1 1 1 1 1 1 1
staticfield java/lang/Throwable UNASSIGNED_STACK [Ljava/lang/StackTraceElement; 0 [Ljava/lang/StackTraceElement;
staticfield java/lang/Throwable SUPPRESSED_SENTINEL Ljava/util/List; java/util/Collections$EmptyList
staticfield java/lang/Throwable EMPTY_THROWABLE_ARRAY [Ljava/lang/Throwable; 0 [Ljava/lang/Throwable;
staticfield java/lang/Throwable $assertionsDisabled Z 1
instanceKlass java/security/GeneralSecurityException
instanceKlass java/lang/InterruptedException
instanceKlass com/android/tools/r8/shaking/T3
instanceKlass java/lang/CloneNotSupportedException
instanceKlass com/android/tools/r8/internal/vc0
instanceKlass sun/nio/fs/WindowsException
instanceKlass com/android/tools/r8/ResourceException
instanceKlass com/android/tools/r8/CompilationFailedException
instanceKlass java/util/concurrent/ExecutionException
instanceKlass java/io/IOException
instanceKlass java/lang/ReflectiveOperationException
instanceKlass java/lang/RuntimeException
ciInstanceKlass java/lang/Exception 1 1 40 10 7 12 1 1 1 10 12 1 10 12 1 10 12 1 10 12 1 100 1 1 1 1 5 0 1 1 1 1 1 1 1 1 1 1 1 1 1 1
instanceKlass java/lang/NoSuchFieldException
instanceKlass java/lang/NoSuchMethodException
instanceKlass java/lang/ClassNotFoundException
ciInstanceKlass java/lang/ReflectiveOperationException 0 0 34 10 100 12 1 1 1 10 12 1 10 12 1 10 12 1 100 1 1 1 1 5 0 1 1 1 1 1 1 1 1 1 1 1
instanceKlass java/lang/AssertionError
instanceKlass java/lang/VirtualMachineError
instanceKlass java/lang/LinkageError
instanceKlass java/lang/ThreadDeath
ciInstanceKlass java/lang/Error 1 1 40 10 7 12 1 1 1 10 12 1 10 12 1 10 12 1 10 12 1 100 1 1 1 1 5 0 1 1 1 1 1 1 1 1 1 1 1 1 1 1
ciInstanceKlass java/lang/ThreadDeath 0 0 21 10 100 12 1 1 1 100 1 1 1 1 5 0 1 1 1 1 1 1 1
ciInstanceKlass java/lang/ClassNotFoundException 0 0 96 100 1 10 100 12 1 1 1 10 12 1 10 12 1 1 10 100 12 1 1 1 8 1 10 100 12 1 1 1 10 100 12 1 1 10 100 12 1 1 1 10 100 12 1 1 1 10 12 1 1 100 1 10 12 1 9 12 1 1 1 1 1 5 0 1 1 1 1 1 1 1 1 1 1 1 1 1 1 1 1 1 1 100 1 1 1 1 1 1 1 1 1 1 1 1
instanceKlass java/lang/ClassFormatError
instanceKlass java/lang/IncompatibleClassChangeError
instanceKlass java/lang/BootstrapMethodError
instanceKlass java/lang/NoClassDefFoundError
ciInstanceKlass java/lang/LinkageError 1 1 31 10 7 12 1 1 1 10 12 1 10 12 1 100 1 1 1 1 5 0 1 1 1 1 1 1 1 1 1 1 1
instanceKlass jdk/internal/misc/ThreadTracker$ThreadRef
instanceKlass sun/security/pkcs/SignerInfo$AlgorithmInfo
ciInstanceKlass java/lang/Record 1 1 22 10 7 12 1 1 1 100 1 1 1 1 1 1 1 1 1 1 1 1 1 1
ciInstanceKlass java/lang/Math 1 1 395 10 100 12 1 1 1 10 7 12 1 1 1 10 12 1 10 12 1 10 12 1 10 12 1 10 12 1 7 1 6 0 6 0 10 12 1 10 12 1 10 12 1 10 12 1 10 12 1 10 12 1 1 10 12 1 10 12 1 10 12 1 10 12 1 10 12 1 10 7 12 1 1 1 100 1 3 3 3 10 7 12 1 1 1 100 1 5 0 5 0 5 0 5 0 5 0 9 100 12 1 1 1 10 100 12 1 1 1 100 1 8 1 10 12 1 8 1 10 12 1 1 10 12 1 1 100 1 5 0 5 0 100 1 3 5 0 3 5 0 10 12 1 10 12 1 8 1 10 12 1 8 1 9 12 1 1 9 12 1 10 12 1 1 6 0 10 12 1 9 12 1 1 100 1 10 10 12 1 100 1 10 12 1 10 12 1 1 10 12 1 10 12 1 10 12 1 10 12 1 1 10 12 1 1 10 12 1 1 10 12 6 0 10 12 1 1 10 12 1 1 10 12 10 12 1 4 10 12 1 1 10 12 1 10 12 1 10 12 10 12 1 10 12 1 10 12 1 10 12 1 10 12 1 10 12 1 10 12 1 5 0 6 0 4 6 0 4 6 0 4 10 12 1 1 9 12 1 1 10 12 1 9 12 1 10 7 12 1 1 1 4 6 0 1 1 6 0 1 6 0 1 1 1 1 1 1 1 1 1 1 1 1 1 1 1 1 1 1 1 1 1 1 1 1 1 1 1 1 1 1 1 1 1 1 1 1 1 1 1 1 1 1 1 1 1 1 1 1 1 1 1 1 1 1 1 1 1 1 1 1 1 1 1 1 1 1 1 1 1 1 1 1 1 1 1 1 1 1 1 1 1 1 1 1 1 1 1 1 1 1 1 1 1 1
staticfield java/lang/Math negativeZeroFloatBits J -2147483648
staticfield java/lang/Math negativeZeroDoubleBits J -9223372036854775808
staticfield java/lang/Math $assertionsDisabled Z 1
ciInstanceKlass java/util/Arrays 1 1 988 10 7 12 1 1 1 10 100 12 1 1 1 10 7 12 1 1 1 10 12 1 10 12 1 10 12 1 10 12 1 10 12 1 10 12 1 10 100 12 1 1 1 100 1 100 1 10 8 1 10 12 1 1 10 12 1 8 1 8 1 10 12 1 1 10 12 1 100 1 10 12 1 9 100 12 1 1 1 10 7 12 1 1 100 1 10 12 1 1 10 7 12 1 1 10 7 12 1 1 1 100 1 10 12 1 10 12 1 1 7 1 9 7 12 1 1 1 10 12 1 1 10 100 12 1 1 10 12 1 10 12 1 1 10 12 1 10 12 1 1 100 1 11 12 1 1 10 12 1 10 7 12 1 1 1 10 12 10 12 1 10 12 1 10 12 10 12 1 11 100 12 1 1 1 10 7 12 1 1 1 100 1 10 12 1 10 100 1 10 12 1 10 100 1 10 12 1 10 100 1 10 12 1 10 10 12 1 1 10 12 1 10 12 1 10 12 1 10 12 1 10 12 1 10 100 12 1 1 1 10 12 1 10 100 12 1 1 1 10 12 1 10 12 1 10 7 12 1 1 1 10 12 1 10 12 1 10 12 1 10 12 1 10 12 1 10 12 1 10 12 1 10 12 1 10 12 1 10 12 1 10 12 1 10 12 1 10 12 1 10 12 1 10 12 1 10 12 1 1 10 12 1 1 10 7 12 1 1 1 10 12 1 8 1 7 1 10 12 10 12 1 10 12 1 1 10 12 1 1 9 100 12 1 1 1 100 1 10 12 1 9 100 1 100 1 10 12 1 9 100 1 100 1 10 12 1 9 100 1 100 1 10 12 1 9 100 1 100 1 10 12 1 9 100 1 100 1 10 12 1 9 100 1 10 12 1 100 1 10 12 1 10 12 1 9 12 1 100 1 10 10 12 1 1 10 12 1 10 12 1 10 12 1 10 12 1 10 12 1 10 12 1 10 12 1 10 12 1 10 12 1 8 1 8 1 10 12 1 10 12 1 8 1 10 12 1 10 12 1 10 12 1 10 100 12 1 1 1 3 10 100 1 10 10 12 1 1 11 100 12 1 1 10 12 1 1 10 12 1 10 12 1 10 12 1 10 12 1 10 12 1 10 12 1 10 12 1 10 12 1 11 12 1 8 1 10 11 12 1 11 100 12 1 1 1 11 100 12 1 1 1 11 12 1 1 18 12 1 1 11 12 1 1 11 100 12 1 1 1 18 12 1 11 100 12 1 1 1 18 12 1 11 100 12 1 1 1 18 12 1 100 1 10 100 12 1 1 1 10 12 1 10 12 1 10 12 1 10 12 1 10 12 1 10 12 1 10 12 1 10 12 1 1 10 12 1 10 100 12 1 1 10 12 1 10 12 1 10 12 1 1 10 12 1 10 12 1 10 12 1 1 10 12 1 10 12 1 10 12 1 1 10 12 1 10 12 1 10 12 1 10 12 1 10 12 10 12 1 10 12 10 12 10 12 1 10 12 10 12 1 10 12 1 10 12 1 1 1 1 3 1 3 1 1 1 1 1 1 1 1 1 1 1 1 1 1 1 1 1 1 1 1 1 1 1 1 1 1 1 1 1 1 1 1 1 1 1 1 1 1 1 1 1 1 1 1 1 1 1 1 1 1 1 1 1 1 1 1 1 1 1 1 1 1 1 1 1 1 1 1 1 1 1 1 1 1 1 1 1 1 1 1 1 1 1 1 1 1 1 1 1 1 1 1 1 1 1 1 1 1 1 1 1 1 1 1 1 1 1 1 1 1 1 1 1 1 1 1 1 1 1 1 1 1 1 1 1 1 1 1 1 1 1 1 1 1 1 1 1 1 1 1 1 1 1 1 1 1 1 1 1 1 1 1 1 1 1 1 1 1 1 1 1 1 1 1 1 1 1 1 1 1 1 1 1 1 1 1 1 1 1 1 1 1 1 1 1 1 1 1 1 1 1 1 1 1 1 1 1 1 1 1 1 1 1 1 1 1 1 1 1 1 1 1 1 1 1 1 1 1 1 1 1 1 1 1 1 1 1 1 1 1 1 1 1 1 1 1 1 1 1 1 1 1 1 1 1 1 1 1 1 1 1 1 1 1 1 1 1 1 1 1 1 100 1 1 15 10 100 12 1 1 1 16 15 10 12 15 10 12 15 10 12 15 10 12 1 1 100 1 100 1 1 1 1 100 1 1 1 1 1 1 100 1 1 100 1 1 100 1 1 1 100 1 100 1 1
staticfield java/util/Arrays $assertionsDisabled Z 1
ciInstanceKlass java/lang/Boolean 1 1 151 10 7 12 1 1 1 9 7 12 1 1 1 10 12 1 1 10 12 1 8 1 10 7 12 1 1 9 12 1 1 9 12 1 8 1 10 12 1 1 10 12 1 1 10 7 12 1 1 1 100 1 100 1 10 12 1 1 9 100 12 1 1 9 12 10 100 12 1 1 1 10 12 1 1 8 1 10 7 12 1 1 1 9 12 1 1 100 1 100 1 100 1 1 1 1 1 1 5 0 1 1 1 1 1 1 1 1 1 1 3 1 1 1 1 1 1 1 1 1 1 1 1 1 1 1 1 1 1 1 1 100 1 1 1 1 1 1 1 1 1 1 100 1 1 1 1 1 1 1 1
staticfield java/lang/Boolean TRUE Ljava/lang/Boolean; java/lang/Boolean
staticfield java/lang/Boolean FALSE Ljava/lang/Boolean; java/lang/Boolean
staticfield java/lang/Boolean TYPE Ljava/lang/Class; java/lang/Class
instanceKlass java/util/concurrent/locks/AbstractQueuedSynchronizer
ciInstanceKlass java/util/concurrent/locks/AbstractOwnableSynchronizer 1 1 32 10 7 12 1 1 1 9 7 12 1 1 1 100 1 1 1 1 5 0 1 1 1 1 1 1 1 1 1 1 1 1
instanceKlass java/math/BigInteger
instanceKlass java/util/concurrent/atomic/AtomicLong
instanceKlass java/util/concurrent/atomic/AtomicInteger
instanceKlass java/lang/Long
instanceKlass java/lang/Integer
instanceKlass java/lang/Short
instanceKlass java/lang/Byte
instanceKlass java/lang/Double
instanceKlass java/lang/Float
ciInstanceKlass java/lang/Number 1 1 37 10 7 12 1 1 1 10 100 12 1 1 1 100 1 1 1 1 5 0 1 1 1 1 1 1 1 1 1 1 1 1 1 1 1 1 1
instanceKlass java/lang/LiveStackFrameInfo
ciInstanceKlass java/lang/StackFrameInfo 0 0 132 10 100 12 1 1 1 9 100 12 1 1 1 9 100 1 9 12 1 1 11 100 12 1 1 1 9 12 1 1 11 12 1 1 10 12 1 1 10 100 12 1 1 1 10 12 1 11 12 1 11 12 1 1 11 12 1 10 12 1 1 9 12 1 1 10 12 1 1 10 100 12 1 1 10 12 1 1 11 12 1 1 10 12 1 9 12 1 1 10 12 1 1 100 1 8 1 10 12 1 10 100 12 1 1 1 100 1 1 1 1 1 1 1 1 1 1 1 1 1 1 1 1 1 1 100 1 1 1 1 1 1
ciInstanceKlass java/lang/LiveStackFrameInfo 0 0 97 10 100 12 1 1 1 9 100 12 1 1 1 9 12 1 9 12 1 9 12 1 9 12 1 1 100 1 10 12 1 1 10 12 1 8 1 10 12 1 1 8 1 8 1 8 1 10 100 1 10 12 1 100 1 10 12 1 100 1 100 1 1 1 3 1 3 1 1 1 1 1 1 1 1 1 1 1 1 1 1 1 1 1 1 1 1 1 1 1 1 1 1 1 100 1 1
ciInstanceKlass java/lang/Character 1 1 576 7 1 100 1 100 1 9 12 1 1 8 1 9 12 1 1 100 1 9 12 1 1 10 100 12 1 1 1 10 100 12 1 1 1 10 100 12 1 1 1 10 7 12 1 1 1 9 7 12 1 1 1 10 12 1 10 12 1 1 10 12 1 1 10 7 12 1 1 10 12 1 1 3 3 3 3 3 10 12 1 1 10 12 1 3 11 7 12 1 1 1 11 12 1 1 10 12 1 1 10 12 1 1 100 1 10 10 12 1 3 10 12 1 1 10 12 1 10 12 1 1 100 1 8 1 10 12 1 1 10 12 1 10 12 1 10 12 1 10 12 1 10 12 1 1 10 12 1 10 7 12 1 1 10 10 12 1 10 10 12 1 10 12 1 1 10 12 1 10 10 12 1 10 12 1 10 12 1 10 12 1 10 12 1 10 12 1 10 12 1 10 12 10 10 12 10 10 12 1 10 10 12 1 10 10 12 1 10 10 12 1 10 10 12 1 10 10 12 1 10 10 12 1 1 10 10 12 1 10 5 0 10 12 1 10 12 1 10 10 12 1 10 10 12 1 1 10 10 12 1 10 10 12 1 9 12 1 1 100 1 10 10 12 1 10 12 1 1 3 10 100 12 1 1 1 10 12 1 10 100 12 1 1 100 1 10 10 12 1 1 10 12 1 1 10 12 1 1 8 1 10 12 1 9 100 12 1 1 1 10 12 1 10 10 12 1 10 12 1 1 10 12 1 10 10 12 1 1 10 10 12 1 1 100 1 8 1 10 12 1 1 10 7 12 1 1 1 8 1 10 12 1 1 9 12 1 1 100 1 100 1 100 1 1 1 1 3 1 3 1 3 1 3 1 1 1 1 1 3 1 1 3 1 3 1 3 1 3 1 3 1 3 1 3 1 3 1 3 1 3 1 3 1 3 1 3 1 3 1 3 1 3 1 3 1 3 1 3 1 3 1 3 1 3 1 3 1 3 1 3 1 3 1 3 1 3 1 1 1 1 1 1 1 1 1 1 1 1 1 1 1 1 1 1 1 3 1 1 1 1 1 1 1 3 1 1 3 1 1 1 1 1 3 1 1 5 0 1 1 1 1 1 1 1 1 1 1 1 1 1 1 1 1 1 1 1 1 1 1 1 1 1 1 1 1 1 1 1 1 1 1 1 1 1 1 1 1 1 1 1 1 1 1 1 1 1 1 1 1 1 1 1 1 1 1 1 1 1 1 1 1 1 1 1 1 1 1 1 1 1 1 1 1 1 1 1 1 1 1 1 1 1 1 1 1 1 100 1 100 1 1 1 1 1 1
staticfield java/lang/Character TYPE Ljava/lang/Class; java/lang/Class
staticfield java/lang/Character $assertionsDisabled Z 1
ciInstanceKlass java/lang/Float 1 1 223 7 1 100 1 10 100 12 1 1 1 10 100 12 1 1 1 4 100 1 10 12 1 1 10 12 1 1 8 1 8 1 10 100 12 1 1 1 10 12 1 1 10 12 1 1 10 4 4 4 10 7 12 1 1 9 12 1 1 10 12 1 1 10 12 1 10 12 1 10 12 1 1 10 12 1 10 12 1 3 10 12 1 1 10 12 1 1 10 12 1 10 100 12 1 1 1 10 12 1 1 10 12 1 1 8 1 10 7 12 1 1 1 9 12 1 1 100 1 100 1 100 1 1 1 1 1 4 1 1 1 4 1 1 3 1 3 1 3 1 3 1 1 1 1 5 0 1 1 1 1 1 1 1 1 1 1 100 1 1 1 1 1 1 1 1 1 1 1 1 1 3 1 1 1 1 1 1 1 1 1 1 1 1 1 1 1 1 1 1 1 1 1 1 1 1 1 1 1 1 1 1 1 1 1 1 1 1 1 1 100 1 1 1 1 1 1 1 100 1 100 1 1
staticfield java/lang/Float TYPE Ljava/lang/Class; java/lang/Class
ciInstanceKlass java/lang/Double 1 1 285 7 1 100 1 10 7 12 1 1 1 10 12 1 1 10 12 1 100 1 10 12 1 1 10 100 12 1 1 1 6 0 8 1 10 12 1 1 8 1 10 12 1 1 8 1 6 0 10 12 1 1 100 1 5 0 5 0 8 1 8 1 10 100 12 1 1 1 10 100 12 1 1 1 8 1 10 12 1 1 8 1 8 1 8 1 10 12 1 1 10 12 1 10 12 1 1 10 12 1 10 12 1 10 12 1 1 10 12 1 10 6 0 6 0 6 0 10 7 12 1 1 9 12 1 1 10 12 1 10 12 1 10 12 1 10 12 1 5 0 10 12 1 1 10 12 1 10 12 1 10 100 12 1 1 1 10 12 1 1 10 12 1 1 8 1 10 7 12 1 1 1 9 12 1 1 100 1 100 1 100 1 1 1 1 1 6 0 1 1 1 6 0 1 1 3 1 3 1 3 1 3 1 1 1 1 5 0 1 1 1 1 1 1 1 1 1 1 1 1 1 1 1 1 100 1 1 1 1 1 1 1 1 1 1 1 1 3 1 1 1 1 1 1 1 1 1 1 1 1 1 1 1 1 1 1 1 1 1 1 1 1 1 1 1 1 1 1 1 1 1 1 100 1 1 1 1 1 1 1 100 1 100 1 1
staticfield java/lang/Double TYPE Ljava/lang/Class; java/lang/Class
ciInstanceKlass java/lang/Byte 1 1 215 7 1 100 1 10 100 12 1 1 1 9 12 1 1 8 1 9 12 1 1 100 1 10 12 1 1 10 12 1 1 10 100 12 1 1 1 10 100 12 1 1 1 9 7 12 1 1 1 10 12 1 1 100 1 100 1 10 12 1 1 8 1 10 12 1 1 8 1 10 12 1 10 12 1 10 12 1 10 12 1 1 10 12 1 10 12 1 10 12 1 1 10 8 1 8 1 10 7 1 9 12 1 1 10 12 1 10 12 1 1 10 12 1 1 10 12 1 1 10 12 1 5 0 10 12 1 1 8 1 10 7 12 1 1 1 9 12 1 1 100 1 100 1 1 1 3 1 3 1 1 1 1 3 1 3 1 1 5 0 1 1 1 1 1 1 1 1 1 1 1 1 1 1 1 1 1 1 1 1 1 1 1 1 1 1 1 1 1 1 1 1 1 1 1 1 1 1 1 1 1 1 1 1 1 1 1 1 1 1 1 1 1 1 1
staticfield java/lang/Byte TYPE Ljava/lang/Class; java/lang/Class
ciInstanceKlass java/lang/Short 1 1 224 7 1 100 1 100 1 10 100 12 1 1 1 10 12 1 1 100 1 100 1 10 12 1 1 8 1 10 12 1 1 8 1 10 12 1 10 12 1 10 12 1 10 12 1 1 10 12 1 1 10 12 1 9 12 1 1 8 1 9 12 1 1 100 1 10 12 1 1 10 12 1 10 100 12 1 1 1 10 100 12 1 1 1 9 100 12 1 1 1 10 12 1 10 12 1 1 10 8 1 8 1 10 100 1 9 12 1 1 10 12 1 10 12 1 1 10 12 1 1 10 12 1 1 10 12 1 3 3 5 0 10 12 1 1 8 1 10 7 12 1 1 1 9 12 1 1 100 1 100 1 1 1 3 1 3 1 1 1 1 3 1 3 1 1 5 0 1 1 1 1 1 1 1 1 1 1 1 1 1 1 1 1 1 1 1 1 1 1 1 1 1 1 1 3 1 1 1 1 1 1 1 1 1 1 1 1 1 1 1 1 1 1 1 1 1 1 1 1 1 1 1 1 1
staticfield java/lang/Short TYPE Ljava/lang/Class; java/lang/Class
ciInstanceKlass java/lang/Integer 1 1 445 7 1 100 1 7 1 7 1 10 12 1 1 9 12 1 1 9 12 1 1 10 100 12 1 1 1 10 12 1 1 10 100 12 1 1 1 10 10 12 1 1 10 100 12 1 1 1 10 12 1 10 12 1 1 10 7 12 1 1 1 10 12 1 1 10 12 1 1 10 12 1 10 12 1 10 12 1 1 10 10 12 1 9 12 1 1 9 12 1 100 1 8 1 10 12 1 100 1 10 12 1 8 1 10 12 1 1 10 12 1 8 1 10 12 1 8 1 10 12 1 1 3 10 12 1 1 3 10 12 1 1 10 12 1 1 10 7 12 1 1 1 11 7 1 100 1 10 11 10 12 1 1 8 1 10 12 1 1 8 1 100 1 10 12 1 1 10 12 1 1 5 0 8 1 10 12 1 10 12 1 10 12 1 10 12 1 1 7 1 9 12 1 1 9 12 1 1 10 12 1 10 7 1 9 12 1 10 12 1 10 12 1 10 12 1 1 10 7 12 1 1 1 100 1 100 1 10 12 1 1 10 12 1 1 8 1 8 1 10 12 1 1 8 1 8 1 8 1 8 1 8 1 8 1 10 12 1 10 12 1 10 12 1 5 0 3 3 3 3 10 12 1 3 10 12 1 10 100 12 1 1 1 10 12 1 1 10 12 1 1 8 1 10 7 12 1 1 1 9 12 1 1 3 3 3 3 3 3 9 12 1 1 100 1 100 1 100 1 1 1 1 1 1 1 3 1 3 1 1 5 0 1 1 1 1 1 1 1 1 1 100 1 1 1 1 1 1 1 1 1 1 1 1 1 1 1 1 1 1 1 1 1 1 1 1 1 1 1 1 1 1 1 1 1 1 1 1 1 1 1 3 1 1 1 1 1 1 1 1 1 1 1 1 1 1 1 1 100 1 1 1 1 1 1 1 1 1 1 1 1 1 1 1 1 1 1 1 1 1 1 1 1 1 1 1 1 1 1 1 100 1 1 1 1 1 1 1 1 1 100 1 100 1 1
staticfield java/lang/Integer TYPE Ljava/lang/Class; java/lang/Class
staticfield java/lang/Integer digits [C 36
staticfield java/lang/Integer DigitTens [B 100
staticfield java/lang/Integer DigitOnes [B 100
staticfield java/lang/Integer sizeTable [I 10
ciMethod java/lang/Integer intValue ()I 270 0 135 0 -1
ciInstanceKlass java/lang/Integer$IntegerCache 1 1 93 10 100 12 1 1 1 7 1 10 7 12 1 1 1 9 7 12 1 1 1 8 1 10 7 12 1 1 1 10 12 1 1 10 100 12 1 1 1 3 10 12 1 100 1 9 12 1 1 10 7 12 1 1 1 9 12 1 1 10 12 1 9 12 1 100 1 10 1 1 3 1 1 1 1 1 1 1 1 1 1 1 1 1 1 100 1 100 1 1 1 1 1
staticfield java/lang/Integer$IntegerCache high I 127
staticfield java/lang/Integer$IntegerCache cache [Ljava/lang/Integer; 256 [Ljava/lang/Integer;
staticfield java/lang/Integer$IntegerCache $assertionsDisabled Z 1
ciMethod java/lang/Integer <init> (I)V 514 0 405777 0 -1
ciMethod java/lang/Integer valueOf (I)Ljava/lang/Integer; 34 0 2979643 0 -1
ciInstanceKlass java/lang/Long 1 1 506 7 1 100 1 7 1 7 1 10 12 1 1 9 12 1 1 9 7 12 1 1 1 10 100 12 1 1 1 10 12 1 1 10 100 12 1 1 1 10 10 12 10 12 1 10 12 1 10 12 1 5 0 5 0 100 1 10 12 1 1 10 12 1 1 10 12 1 10 12 1 10 12 1 10 12 1 1 10 100 12 1 1 10 12 1 10 12 1 1 10 12 1 1 10 12 1 1 10 12 1 1 10 100 12 1 1 1 10 12 1 1 10 12 1 10 12 1 10 12 1 10 12 1 1 10 10 12 1 5 0 5 0 9 12 1 1 9 12 1 5 0 100 1 8 1 10 12 1 8 1 10 12 1 8 1 8 1 10 12 1 1 5 0 10 12 1 1 5 0 10 12 1 1 10 12 1 1 10 100 12 1 1 1 11 100 1 100 1 10 11 10 12 1 1 8 1 10 12 1 1 8 1 100 1 10 12 1 1 10 12 1 8 1 8 1 11 12 1 1 10 12 1 10 12 1 10 12 1 5 0 5 0 9 7 12 1 1 1 10 12 1 10 12 1 1 8 1 8 1 10 12 1 1 8 1 8 1 8 1 8 1 8 1 8 1 10 12 1 10 12 1 10 12 1 1 10 7 1 9 12 1 1 10 12 1 10 12 1 1 10 100 12 1 1 1 100 1 100 1 10 12 1 1 10 12 1 1 5 0 10 12 1 10 12 1 5 0 5 0 5 0 10 12 1 1 5 0 5 0 10 12 1 10 12 1 10 100 12 1 1 1 10 12 1 1 10 12 1 1 8 1 10 7 12 1 1 1 9 12 1 1 100 1 100 1 100 1 1 1 1 5 0 1 1 1 1 3 1 3 1 5 0 1 1 1 1 1 1 1 1 1 100 1 1 1 1 1 1 1 1 1 1 1 1 1 1 1 1 1 1 1 1 1 1 1 1 1 1 1 1 1 1 1 1 1 1 1 1 1 1 1 1 1 1 1 1 1 1 1 1 1 1 1 1 1 1 3 1 1 1 1 1 1 1 1 1 1 1 1 1 1 1 100 1 1 1 1 1 1 1 1 1 1 1 1 1 1 1 1 1 1 1 1 1 1 1 1 1 1 1 100 1 1 1 1 1 1 1 1 1 100 1 100 1 1
staticfield java/lang/Long TYPE Ljava/lang/Class; java/lang/Class
instanceKlass java/lang/ref/PhantomReference
instanceKlass java/lang/ref/FinalReference
instanceKlass java/lang/ref/WeakReference
instanceKlass java/lang/ref/SoftReference
ciInstanceKlass java/lang/ref/Reference 1 1 195 9 7 12 1 1 1 9 7 12 1 1 10 12 1 1 10 12 1 1 9 12 1 1 10 12 1 1 9 12 1 1 9 12 1 1 7 1 10 12 1 10 7 12 1 1 10 12 1 10 12 1 1 10 12 1 9 12 1 10 12 1 1 10 12 1 10 12 1 9 12 1 100 1 100 1 10 12 1 9 12 1 9 12 1 100 1 10 10 12 1 10 10 7 12 1 1 10 7 12 1 1 1 10 12 1 1 10 7 12 1 1 7 1 8 1 10 12 1 10 12 1 1 10 12 1 1 10 12 1 7 1 10 10 7 12 1 1 1 1 1 1 1 1 1 1 1 1 1 1 1 1 1 1 1 100 1 1 1 100 1 1 1 1 1 1 1 1 1 1 1 1 1 1 1 1 1 1 1 1 1 1 1 1 1 1 1 1 1 1 1 1 1 1 1
staticfield java/lang/ref/Reference processPendingLock Ljava/lang/Object; java/lang/Object
staticfield java/lang/ref/Reference $assertionsDisabled Z 1
instanceKlass sun/security/util/MemoryCache$SoftCacheEntry
instanceKlass java/lang/invoke/LambdaFormEditor$Transform
ciInstanceKlass java/lang/ref/SoftReference 1 1 47 10 7 12 1 1 1 9 7 12 1 1 1 9 12 1 10 12 1 10 12 1 1 1 1 1 1 1 1 1 1 1 1 1 1 1 1 1 1 1 1 100 1 1 1 1 1
instanceKlass java/util/logging/LogManager$LoggerWeakRef
instanceKlass java/util/logging/Level$KnownLevel
instanceKlass java/lang/invoke/MethodType$ConcurrentWeakInternSet$WeakEntry
instanceKlass java/lang/ThreadLocal$ThreadLocalMap$Entry
instanceKlass java/util/WeakHashMap$Entry
ciInstanceKlass java/lang/ref/WeakReference 1 1 31 10 7 12 1 1 1 10 12 1 100 1 1 1 1 1 1 1 1 1 1 1 1 1 1 1 1 1 1 1 1
instanceKlass java/lang/ref/Finalizer
ciInstanceKlass java/lang/ref/FinalReference 1 1 47 10 100 12 1 1 1 10 100 12 1 1 1 10 12 1 1 100 1 8 1 10 12 1 1 1 1 1 1 1 1 1 1 1 1 1 1 1 1 1 1 1 1 1 1 1 1
ciInstanceKlass java/lang/ref/Finalizer 1 1 152 9 7 12 1 1 1 10 100 12 1 1 1 9 12 1 1 9 12 1 1 9 12 1 9 12 1 10 12 1 10 12 1 1 9 12 1 1 100 1 10 12 1 100 1 11 100 12 1 1 100 1 10 12 1 100 1 10 12 1 10 100 12 1 1 1 10 100 12 1 1 1 100 1 10 10 12 1 10 7 12 1 1 1 7 1 10 7 1 10 10 7 12 1 1 1 10 12 1 1 10 7 12 1 1 7 1 10 12 1 10 12 1 1 10 12 1 1 10 12 1 1 1 1 1 1 1 1 1 1 1 1 1 1 1 1 1 1 1 1 1 1 1 1 1 1 1 1 1 1 1 1
staticfield java/lang/ref/Finalizer lock Ljava/lang/Object; java/lang/Object
staticfield java/lang/ref/Finalizer $assertionsDisabled Z 1
instanceKlass jdk/internal/ref/PhantomCleanable
instanceKlass jdk/internal/ref/Cleaner
ciInstanceKlass java/lang/ref/PhantomReference 1 1 39 10 100 12 1 1 1 10 7 12 1 1 1 1 1 1 1 1 1 1 1 1 1 1 1 1 1 1 1 1 1 1 1 1 1 1 1 1 1
instanceKlass java/lang/reflect/Executable
instanceKlass java/lang/reflect/Field
ciInstanceKlass java/lang/reflect/AccessibleObject 1 1 398 10 7 12 1 1 1 9 100 12 1 1 1 10 100 12 1 1 1 10 7 12 1 1 10 7 12 1 1 1 10 100 12 1 1 1 10 12 1 1 10 12 1 1 9 12 1 1 100 1 10 7 12 1 1 1 11 12 1 100 1 10 12 1 7 1 100 1 10 12 1 10 12 1 1 7 1 10 100 12 1 1 1 10 12 1 1 100 1 10 12 1 1 100 1 10 10 10 7 12 1 1 1 10 12 1 1 10 12 1 10 12 1 10 12 1 1 10 12 1 8 1 100 1 10 10 12 1 1 8 1 10 12 1 10 12 1 8 1 8 1 8 1 8 1 8 1 8 1 100 1 10 12 1 10 12 1 9 12 1 1 10 12 1 1 10 12 1 10 11 100 1 100 1 8 1 10 10 12 1 10 12 1 1 8 1 10 12 1 8 1 10 12 1 1 10 100 1 8 1 10 11 7 12 1 1 10 12 1 1 10 12 1 1 10 12 1 1 9 12 1 1 100 1 10 12 1 7 1 10 12 1 10 12 1 1 10 100 1 10 12 1 10 12 10 12 1 10 12 1 1 10 12 1 10 12 1 1 10 12 1 9 12 1 10 100 12 1 1 8 1 10 100 12 1 1 1 8 1 10 100 12 1 1 1 9 12 1 100 1 10 7 1 10 10 7 12 1 1 1 7 1 10 10 7 12 1 1 1 7 1 9 12 1 1 1 1 1 1 1 1 1 1 1 1 1 1 1 1 1 1 1 1 1 1 1 1 1 1 1 1 1 1 1 1 1 1 1 1 1 1 1 1 1 1 1 1 1 1 1 1 1 1 1 1 1 1 1 1 1 1 1 1 1 1 1 1 1 1 1 1 1 1 1 1 1 1 1 1 1 1 1 1 1 1 1 1 1
staticfield java/lang/reflect/AccessibleObject reflectionFactory Ljdk/internal/reflect/ReflectionFactory; jdk/internal/reflect/ReflectionFactory
instanceKlass java/lang/reflect/Constructor
instanceKlass java/lang/reflect/Method
ciInstanceKlass java/lang/reflect/Executable 1 1 548 10 7 12 1 1 1 10 7 12 1 1 1 10 7 12 1 1 1 11 7 12 1 1 1 10 7 12 1 1 1 10 12 1 1 10 100 12 1 1 1 10 100 12 1 1 1 10 12 1 8 1 10 10 12 1 1 10 12 1 1 10 100 12 1 1 1 18 12 1 1 11 100 12 1 1 1 8 1 8 1 8 1 10 100 12 1 1 1 11 12 1 1 100 1 8 1 8 1 10 12 1 100 1 8 1 10 12 1 8 1 11 100 12 1 1 1 100 1 10 12 1 1 11 12 1 8 1 18 8 1 10 12 1 10 12 1 1 18 8 1 10 12 1 100 1 10 12 1 10 12 1 11 100 12 1 1 10 12 1 1 8 1 8 1 10 12 1 1 10 12 1 1 10 10 12 1 100 1 10 10 12 1 10 12 1 1 10 100 12 1 1 10 12 1 10 12 1 10 12 1 1 10 100 12 1 1 10 12 1 10 12 1 10 100 12 1 1 1 10 12 1 8 1 10 12 1 10 12 1 3 100 1 8 1 10 12 1 10 12 1 10 10 12 1 10 12 1 1 8 1 8 1 8 1 9 12 1 10 12 1 100 1 8 1 9 12 1 10 12 1 10 12 1 1 10 12 1 1 10 12 1 10 12 10 12 1 100 1 10 12 1 10 12 1 1 100 1 10 100 12 1 1 1 100 1 10 7 12 1 1 1 10 12 1 1 11 7 12 1 1 10 7 12 1 1 10 100 12 1 1 1 10 12 1 1 9 12 1 10 12 1 1 10 12 1 10 12 1 1 9 100 12 1 1 1 10 100 12 1 1 1 10 12 1 10 12 1 1 9 12 1 10 10 10 10 100 12 1 1 1 10 12 1 9 12 1 10 12 1 1 9 12 1 100 1 100 1 1 1 1 1 1 1 1 1 1 1 1 1 1 1 1 1 1 1 1 1 1 1 1 1 1 1 1 1 1 1 1 1 1 100 1 1 1 1 1 1 1 1 100 1 1 1 1 1 1 1 1 1 1 1 1 100 1 1 1 1 1 1 1 1 1 1 1 1 1 1 1 1 1 1 1 1 1 1 1 1 1 1 1 1 1 1 1 1 1 1 1 1 1 1 1 1 1 100 1 1 1 1 1 1 1 1 1 1 1 1 1 1 1 1 1 1 1 1 1 100 1 100 1 1 15 10 100 12 1 1 1 16 15 16 1 16 1 15 10 12 16 1 100 1 1 100 1 100 1 1
ciInstanceKlass java/lang/reflect/Constructor 1 1 433 10 100 12 1 1 1 10 100 12 1 1 9 7 12 1 1 1 10 12 1 1 10 12 1 1 10 100 12 1 1 9 12 1 1 10 7 12 1 1 1 9 12 1 1 9 12 1 1 9 12 1 9 12 1 1 9 12 1 9 12 1 1 9 12 1 1 9 12 1 100 1 8 1 10 12 1 10 12 1 9 12 1 1 10 7 12 1 1 10 7 12 1 1 1 10 12 1 1 10 12 1 1 10 12 1 7 1 100 1 8 1 10 10 12 1 10 12 1 10 12 1 1 10 12 1 1 9 100 12 1 1 1 10 7 12 1 1 10 12 1 1 10 12 1 10 12 1 1 10 100 12 1 1 1 10 100 12 1 1 10 12 1 1 10 12 1 10 100 12 1 1 1 8 1 10 10 12 1 100 1 8 1 10 12 1 10 12 1 1 10 12 1 1 10 12 1 10 12 1 10 12 1 1 10 12 1 1 9 12 1 1 10 12 1 1 10 12 1 1 10 12 1 8 1 10 12 1 1 11 7 12 1 1 1 10 12 1 1 10 12 1 10 12 1 9 12 1 1 10 7 12 1 1 1 10 12 1 1 10 12 1 1 10 12 1 1 10 12 1 1 10 12 1 9 100 12 1 1 10 12 1 10 12 1 10 12 1 100 1 8 1 10 10 12 1 1 10 12 1 10 10 12 1 1 10 12 1 1 10 100 12 1 1 1 11 100 12 1 1 1 10 12 1 1 9 100 12 1 1 1 10 100 12 1 1 1 10 12 1 1 1 1 1 1 1 1 1 1 1 1 1 1 1 1 1 1 1 1 1 1 1 1 1 1 1 1 1 1 1 1 1 1 1 1 1 1 1 1 1 1 1 1 1 1 1 1 1 1 1 100 1 100 1 100 1 100 1 1 1 1 1 1 1 1 1 1 1 1 1 1 1 1 1 1 1 1 1 1 1 1 1 1 1 1 1 1 1 1 1 100 1 1
ciInstanceKlass java/lang/reflect/Method 1 1 450 9 7 12 1 1 1 10 100 12 1 1 1 10 100 12 1 1 9 12 1 1 10 12 1 1 10 12 1 1 10 100 12 1 1 10 7 12 1 1 1 9 12 1 1 9 12 1 9 12 1 1 9 12 1 9 12 1 9 12 1 1 9 12 1 9 12 1 1 9 12 1 9 12 1 9 12 1 1 100 1 8 1 10 12 1 10 12 1 9 12 1 1 8 1 10 7 12 1 1 10 7 12 1 1 1 10 12 1 1 10 12 1 1 10 12 1 10 12 1 1 10 12 1 1 9 100 12 1 1 1 10 12 1 1 10 12 10 100 12 1 1 10 12 1 1 10 12 1 10 12 1 10 12 1 10 100 12 1 1 1 10 12 1 1 10 100 1 10 100 12 1 1 1 10 100 12 1 1 10 12 1 1 10 12 1 1 10 12 1 10 100 12 1 1 1 10 12 1 10 8 1 10 12 1 10 12 1 100 1 8 1 8 1 8 1 10 12 1 10 12 1 1 10 12 1 1 10 10 12 1 1 10 12 1 11 100 1 9 12 1 1 10 12 1 1 10 12 1 10 12 1 1 10 12 1 1 11 7 12 1 1 1 10 12 1 10 12 1 10 12 1 10 12 1 10 12 1 9 12 1 1 10 7 12 1 1 1 10 12 1 1 10 100 12 1 1 1 10 100 12 1 1 1 10 100 12 1 1 1 11 100 12 1 1 1 10 100 12 1 1 1 100 1 100 1 100 1 10 12 1 10 12 1 1 10 12 1 100 1 8 1 10 12 1 10 10 12 1 1 10 12 1 1 10 12 1 1 10 12 1 1 8 1 10 12 1 1 1 1 1 1 1 1 1 1 1 1 1 1 1 1 1 1 1 1 1 1 1 1 1 1 1 1 1 1 1 1 1 1 1 1 1 1 1 1 1 1 1 1 1 1 1 1 1 1 1 1 1 100 1 100 1 100 1 1 1 1 1 1 1 1 1 1 1 1 1 1 1 1 1 1 1 1 1 1 1 1 1 1
ciInstanceKlass java/lang/reflect/Field 1 1 437 9 7 12 1 1 1 10 12 1 1 10 100 12 1 1 1 10 100 12 1 1 9 12 1 1 10 12 1 1 10 12 1 1 10 100 12 1 1 10 7 12 1 1 1 9 12 1 1 9 12 1 9 12 1 9 12 1 1 9 12 1 1 9 12 1 9 12 1 1 9 12 1 1 100 1 8 1 10 12 1 10 12 1 9 12 1 1 9 12 1 10 12 1 10 7 12 1 1 10 12 1 1 10 12 1 1 10 12 1 10 12 1 1 100 1 10 12 1 1 10 12 1 1 10 12 1 1 10 12 1 10 12 1 10 100 1 10 100 12 1 1 100 1 10 8 1 10 12 1 1 10 12 1 1 8 1 10 12 10 12 1 8 1 8 1 10 11 100 1 9 12 1 10 12 1 1 10 12 1 1 11 100 12 1 1 1 11 12 1 1 11 12 1 1 11 12 1 1 11 12 1 1 11 12 1 1 11 12 1 1 11 12 1 1 11 12 1 1 11 12 1 1 11 12 1 1 11 12 1 1 11 12 1 1 11 12 1 1 11 12 1 1 11 12 1 1 11 12 1 1 11 12 1 1 10 12 1 10 100 12 1 1 10 12 1 10 12 1 1 10 12 9 12 1 1 10 100 12 1 1 1 10 12 1 1 10 100 12 1 1 10 12 1 1 11 100 1 10 12 1 100 1 10 100 12 1 1 1 10 100 12 1 1 1 9 12 1 10 100 12 1 1 1 11 100 12 1 1 1 10 12 1 1 10 12 1 1 9 100 12 1 1 1 10 100 12 1 1 1 10 12 1 1 100 1 1 1 1 1 1 1 1 1 1 1 1 1 1 1 1 1 1 1 1 1 1 1 1 1 1 1 1 1 1 1 1 1 1 1 100 1 1 1 1 1 1 1 1 1 1 1 1 1 1 1 1 1 1 1 1 1 1 1 1 1 1 1 1 1 1 1 1 1 1 100 1 1 1 1 1 1 1 1 100 1 1
ciInstanceKlass java/lang/reflect/Parameter 0 0 226 10 100 12 1 1 1 9 100 12 1 1 1 9 12 1 1 9 12 1 1 9 12 1 10 12 1 1 10 12 1 1 10 100 12 1 1 1 100 1 10 10 12 1 1 11 100 12 1 1 1 10 12 1 10 100 12 1 1 1 10 12 1 1 10 12 1 10 12 1 8 1 8 1 10 100 12 1 1 1 10 12 1 10 12 10 12 1 8 1 10 12 1 9 12 1 1 10 12 1 1 9 12 1 1 10 12 1 1 10 12 1 1 10 12 1 1 10 12 1 10 10 12 1 10 100 12 1 1 1 10 12 1 1 11 100 12 1 1 10 100 12 1 1 100 1 10 100 12 1 1 1 10 12 1 1 10 12 1 1 10 12 1 1 10 12 1 1 9 12 1 100 1 10 11 12 1 1 11 12 1 1 100 1 1 1 1 1 1 1 1 1 1 1 1 1 1 1 1 1 1 1 1 1 1 1 1 1 1 1 1 1 1 1 1 1 1 1 1 1 1 100 1 1 1 1
ciInstanceKlass java/util/function/Function 1 1 77 10 7 12 1 1 1 18 12 1 1 18 18 12 1 11 7 12 1 100 1 1 1 1 1 1 1 1 1 1 1 1 1 1 1 1 1 1 1 1 1 1 1 1 1 1 1 1 1 1 1 1 1 1 15 10 7 12 1 1 1 16 15 11 12 15 11 12 15 11 12 1 100 1 100 1 1
ciInstanceKlass java/lang/StringBuffer 0 0 470 10 100 12 1 1 1 10 12 1 10 12 1 10 12 1 1 9 100 12 1 1 1 10 12 1 1 10 12 1 10 12 1 1 9 12 1 1 10 12 1 10 12 1 1 10 12 1 1 10 12 1 10 12 1 1 10 12 1 10 12 1 1 10 12 1 1 10 100 12 1 1 1 10 12 1 1 10 12 1 10 12 1 10 12 1 10 12 1 10 12 1 10 12 1 10 12 1 10 12 1 10 12 1 10 12 1 10 12 1 10 12 1 10 12 1 10 12 1 1 10 12 1 10 12 1 1 10 12 1 1 10 10 12 1 1 10 12 1 10 12 1 10 12 1 10 12 1 10 12 1 10 12 1 10 12 10 12 1 10 12 1 10 12 1 10 12 1 1 10 12 1 10 12 1 10 10 12 1 1 10 12 1 1 9 12 1 1 10 100 12 1 1 1 10 100 1 10 10 100 12 1 1 1 10 10 12 1 10 8 10 100 12 1 1 1 8 10 12 1 8 1 10 12 1 10 12 1 10 100 12 1 1 1 10 100 12 1 1 1 100 1 10 12 100 1 8 1 10 10 12 1 1 10 12 1 1 10 12 1 1 10 12 1 10 12 1 10 12 1 10 12 1 10 12 1 10 12 1 10 12 1 10 12 1 10 12 1 10 12 1 10 12 1 10 12 1 10 12 1 10 12 1 10 12 1 10 12 1 10 12 10 12 10 12 1 10 12 1 10 12 1 10 12 10 12 1 10 12 1 10 12 1 10 12 1 10 12 1 10 12 1 10 12 1 10 12 1 10 12 1 10 12 1 10 12 1 100 1 10 12 1 9 100 12 1 1 1 9 100 1 9 12 1 1 100 1 100 1 100 1 1 1 1 5 0 1 1 1 1 1 1 1 1 1 1 1 1 1 1 1 1 1 1 1 1 1 1 1 1 1 1 1 1 1 1 1 1 1 1 1 1 1 1 1 1 1 1 1 1 1 1 1 1 1 1 1 1 1 1 1 1 1 1 1 1 100 1 1 1 1 1 100 1 1 1 1 1 1 1 1 1 1 1 1 1 1 1 1 1
instanceKlass java/lang/StringBuilder
instanceKlass java/lang/StringBuffer
ciInstanceKlass java/lang/AbstractStringBuilder 1 1 547 7 1 7 1 10 7 12 1 1 1 9 7 12 1 1 1 9 12 1 9 12 1 1 9 12 1 1 10 100 12 1 1 1 10 12 1 1 3 3 10 12 1 10 12 1 1 11 7 1 100 1 100 1 10 8 1 10 12 1 10 12 1 10 12 1 1 10 12 1 10 12 1 10 12 1 9 12 1 1 10 12 1 1 10 7 12 1 1 1 10 10 12 1 10 12 1 10 12 1 1 10 12 1 1 10 7 12 1 1 1 10 7 12 1 1 1 100 1 8 1 10 10 12 1 1 100 1 10 12 10 12 1 1 10 10 12 1 1 10 12 1 1 10 12 1 1 10 12 1 1 100 1 10 10 12 1 10 100 12 1 1 1 10 12 1 1 10 12 1 10 12 1 1 10 10 12 1 1 10 12 10 12 1 10 12 1 1 10 12 1 1 10 12 1 1 10 12 1 10 10 12 1 1 10 12 1 10 12 1 1 8 1 10 12 1 1 10 12 1 10 12 1 10 12 1 10 12 1 10 12 1 10 12 1 10 100 12 1 1 10 12 1 10 12 1 10 100 12 1 1 1 10 12 1 10 12 1 10 12 1 10 12 1 10 12 1 1 10 12 1 10 12 1 1 10 12 1 1 10 10 7 12 1 1 1 10 12 1 10 12 1 10 12 1 1 10 12 1 10 12 1 10 12 1 10 12 1 10 12 1 10 12 1 10 12 1 10 12 1 10 12 1 1 10 12 1 10 12 1 10 12 10 12 1 1 18 12 1 1 100 1 10 100 12 1 1 1 18 10 12 1 1 10 12 1 10 12 1 1 11 12 1 10 12 1 10 12 1 10 10 12 1 10 8 1 8 1 8 1 10 10 100 1 10 12 1 100 1 10 100 1 10 100 1 1 1 3 1 1 1 1 1 1 1 1 1 1 100 1 1 1 1 1 1 1 1 1 1 1 1 1 1 1 1 1 1 1 1 1 1 1 1 1 1 1 1 1 1 1 1 1 1 1 1 1 1 1 1 1 1 1 1 1 1 1 1 1 1 1 1 1 1 1 1 1 1 1 1 1 1 1 1 1 1 1 1 1 1 1 1 1 1 1 1 1 1 1 1 1 1 1 1 1 1 1 1 1 1 1 1 1 1 1 1 1 100 1 1 100 1 1 1 1 1 100 1 1 1 1 1 1 15 10 100 12 1 1 1 16 1 15 10 12 16 15 10 12 1 1 1 1 100 1 100 1 1
staticfield java/lang/AbstractStringBuilder EMPTYVALUE [B 0
ciInstanceKlass java/lang/SecurityManager 0 0 576 10 100 12 1 1 1 9 100 12 1 1 1 10 100 12 1 1 1 100 1 8 1 10 12 1 10 12 1 1 10 100 12 1 1 1 10 100 1 10 100 1 10 9 100 12 1 1 1 10 100 12 1 1 1 10 12 1 1 10 100 12 1 1 100 1 8 1 10 9 12 1 1 9 12 1 8 1 9 12 1 100 1 10 8 1 10 12 1 1 10 12 1 10 12 1 1 100 1 10 10 12 1 1 100 1 8 1 10 12 1 8 1 8 1 8 1 8 1 8 1 8 1 10 12 1 8 1 8 1 8 1 8 1 8 1 10 100 12 1 1 1 10 12 1 1 8 1 100 1 8 1 10 8 1 8 1 8 1 8 1 8 1 10 100 12 1 1 8 1 100 1 8 1 8 1 10 8 1 10 12 1 100 1 8 1 10 10 12 1 1 10 12 1 10 12 1 10 12 1 10 100 12 1 1 1 10 12 1 10 100 12 1 1 11 100 12 1 1 1 18 12 1 1 11 100 12 1 1 1 18 12 1 1 11 12 1 1 18 18 11 12 1 18 12 1 11 12 1 1 9 12 1 1 9 12 1 9 12 1 9 12 1 100 1 10 100 12 1 1 10 12 1 10 12 1 18 12 1 18 10 100 12 1 1 1 18 12 1 10 12 1 18 18 8 1 10 12 1 9 12 1 1 11 100 12 1 1 1 8 1 100 1 10 12 1 10 12 1 1 10 12 1 1 9 12 1 1 10 12 1 10 12 1 1 8 1 100 1 10 9 12 1 8 1 10 12 1 8 1 100 1 10 10 100 12 1 1 10 100 1 9 100 12 1 1 1 11 12 1 1 10 12 1 11 12 1 10 12 1 100 1 10 10 12 1 1 10 12 1 1 1 1 1 1 1 1 1 1 1 100 1 1 1 1 1 1 1 1 1 1 1 1 1 1 1 1 1 1 1 1 1 1 1 1 1 1 1 1 1 1 1 1 1 1 1 1 1 1 1 1 1 1 1 1 1 1 1 1 1 1 1 1 1 1 1 1 3 1 1 1 1 1 1 1 1 1 1 100 1 1 1 1 1 1 1 1 1 1 1 1 1 1 1 1 1 1 1 1 1 1 1 1 1 1 1 1 1 1 1 1 1 1 1 1 1 1 15 10 100 12 1 1 1 16 15 10 100 12 1 1 1 16 1 16 15 10 12 16 1 15 10 12 16 15 11 100 1 16 1 16 1 15 10 12 16 15 10 12 16 15 10 12 1 16 1 15 11 12 1 15 10 12 16 15 10 16 1 1 1 1 100 1 100 1 1
instanceKlass com/android/tools/r8/internal/FJ
instanceKlass com/android/tools/r8/graph/o4
instanceKlass com/android/tools/r8/internal/fs0
instanceKlass com/android/tools/r8/internal/ks0
instanceKlass com/android/tools/r8/internal/Zr0
instanceKlass com/android/tools/r8/internal/hI
instanceKlass java/util/ConcurrentModificationException
instanceKlass java/util/NoSuchElementException
instanceKlass com/android/tools/r8/internal/iI
instanceKlass java/io/UncheckedIOException
instanceKlass com/android/tools/r8/internal/g
instanceKlass com/android/tools/r8/internal/jf
instanceKlass java/lang/UnsupportedOperationException
instanceKlass java/lang/IllegalStateException
instanceKlass com/android/tools/r8/internal/Au
instanceKlass com/android/tools/r8/internal/u8
instanceKlass java/lang/IndexOutOfBoundsException
instanceKlass java/lang/IllegalArgumentException
instanceKlass java/lang/ArithmeticException
instanceKlass java/lang/NullPointerException
instanceKlass java/lang/IllegalMonitorStateException
instanceKlass java/lang/ArrayStoreException
instanceKlass java/lang/ClassCastException
ciInstanceKlass java/lang/RuntimeException 1 1 40 10 7 12 1 1 1 10 12 1 10 12 1 10 12 1 10 12 1 100 1 1 1 1 5 0 1 1 1 1 1 1 1 1 1 1 1 1 1 1
instanceKlass java/lang/NumberFormatException
ciInstanceKlass java/lang/IllegalArgumentException 1 1 35 10 7 12 1 1 1 10 12 1 10 12 1 10 12 1 100 1 1 1 1 5 0 1 1 1 1 1 1 1 1 1 1 1 1
ciInstanceKlass java/lang/ArithmeticException 1 1 26 10 100 12 1 1 1 10 12 1 100 1 1 1 1 5 0 1 1 1 1 1 1 1 1 1
ciInstanceKlass java/lang/NullPointerException 1 1 52 10 100 12 1 1 1 10 12 1 9 100 12 1 1 1 10 12 1 1 9 12 1 1 10 12 1 1 10 12 1 1 1 1 5 0 1 1 1 1 1 1 1 1 100 1 100 1 100 1 1 1
instanceKlass java/util/EnumMap
instanceKlass com/android/tools/r8/internal/HT
instanceKlass java/util/TreeMap
instanceKlass java/util/IdentityHashMap
instanceKlass java/util/WeakHashMap
instanceKlass java/util/Collections$EmptyMap
instanceKlass sun/util/PreHashedMap
instanceKlass java/util/HashMap
instanceKlass java/util/ImmutableCollections$AbstractImmutableMap
instanceKlass java/util/concurrent/ConcurrentHashMap
ciInstanceKlass java/util/AbstractMap 1 1 192 10 7 12 1 1 1 10 7 12 1 1 1 11 7 12 1 1 1 10 11 12 1 1 11 7 12 1 1 1 11 12 1 1 7 1 11 12 1 10 12 1 1 11 12 1 100 1 10 11 12 1 11 7 1 10 12 1 1 11 12 1 9 12 1 1 7 1 10 12 1 9 12 1 1 100 1 10 11 11 12 1 1 11 12 1 100 1 100 1 11 12 1 8 1 100 1 10 10 12 1 1 8 1 10 12 1 10 12 1 1 10 12 1 1 1 1 1 1 1 1 1 1 1 1 1 1 1 1 1 1 1 1 1 1 1 1 1 1 1 1 1 1 1 1 1 1 1 1 1 1 1 1 100 1 1 1 1 1 1 1 1 1 1 1 1 1 1 1 1 100 1 1 1 1 1 1 1 1 1 100 1 100 1 100 1 100 1 1 1 1 1
ciInstanceKlass java/security/AccessControlContext 1 1 373 9 7 12 1 1 1 9 12 1 1 10 100 12 1 1 1 8 1 10 100 12 1 1 1 10 7 12 1 1 1 9 12 1 9 12 1 1 9 12 1 1 10 7 12 1 1 100 1 10 12 1 11 100 12 1 1 1 11 12 1 11 12 1 11 12 1 1 7 1 11 12 1 1 10 12 1 10 7 12 1 1 1 9 100 12 1 1 1 10 100 12 1 1 1 11 100 12 1 1 1 10 7 1 100 1 8 1 10 12 1 10 12 1 1 7 1 10 7 12 1 1 1 9 12 1 9 12 1 9 12 1 9 12 1 1 9 12 1 1 9 12 1 9 12 1 10 7 12 1 1 1 9 12 1 10 12 1 1 10 12 1 1 8 1 10 12 1 1 10 12 1 1 10 100 12 1 1 1 100 1 10 10 12 1 1 10 100 12 1 1 1 10 8 1 10 100 12 1 1 8 1 10 100 12 1 1 8 1 8 1 10 12 1 8 1 10 12 1 8 1 10 12 1 10 12 1 10 12 1 1 8 1 8 1 100 1 10 12 1 10 12 1 1 100 1 10 12 1 8 1 10 12 1 10 12 1 10 8 1 10 12 1 1 10 12 1 1 10 12 1 1 10 12 1 1 10 12 1 10 12 1 10 12 1 10 12 1 1 10 10 10 12 1 1 1 1 1 1 1 1 1 1 1 1 1 1 1 1 1 1 1 1 1 1 1 1 100 1 1 1 1 1 1 1 1 1 1 1 1 1 1 1 1 1 1 1 1 1 1 1 1 1 1 1 1 1 1 1 1 1 1 1 1 1 1 1 1 1 1 1 1 1 1 1 1 1 1 1 1 3 1 1
ciInstanceKlass java/net/URL 1 1 743 10 7 12 1 1 1 10 12 1 10 7 12 1 1 9 12 1 1 9 12 1 10 7 12 1 1 1 10 12 1 1 10 12 1 1 9 12 1 1 10 7 12 1 1 1 8 1 10 12 1 1 100 1 10 10 12 1 1 8 1 10 12 1 1 9 12 1 100 1 8 1 10 12 1 10 12 1 8 1 9 12 1 10 12 1 1 9 12 1 10 12 1 10 12 1 9 12 1 9 12 1 8 1 9 12 1 10 12 1 1 8 1 9 12 1 1 10 12 1 1 10 7 12 1 1 1 8 1 10 12 1 7 1 10 12 1 10 12 1 10 12 1 10 12 1 1 10 12 1 1 8 1 10 12 1 1 10 12 1 8 1 9 12 1 8 1 10 12 1 10 7 12 1 1 1 100 1 10 12 1 10 12 1 1 10 100 12 1 1 1 100 1 8 1 10 10 12 1 8 1 10 12 1 1 10 12 1 10 12 1 10 12 1 10 12 1 10 12 1 8 1 10 12 1 10 10 7 12 1 1 1 10 12 1 9 100 12 1 1 1 10 100 12 1 1 1 9 12 1 1 10 12 1 10 100 12 1 1 1 100 1 100 1 10 12 1 10 12 1 10 12 1 10 12 1 10 12 1 10 12 10 10 10 12 1 100 1 10 12 1 10 12 1 1 8 1 9 100 12 1 1 1 10 100 12 1 1 1 10 12 1 1 9 100 12 1 1 1 10 12 1 1 100 1 10 12 1 10 12 1 10 10 12 1 1 10 12 1 1 10 12 1 10 12 1 10 12 1 10 7 12 1 1 1 10 12 1 1 10 12 1 9 12 1 1 9 12 1 1 100 1 8 1 10 10 12 1 9 12 1 1 10 7 12 1 1 8 1 10 100 12 1 1 8 1 10 12 1 1 10 12 1 8 1 8 1 10 7 12 1 1 1 100 1 10 100 12 1 1 1 10 12 1 10 12 1 100 1 10 9 12 1 1 10 7 12 1 1 8 1 10 12 1 1 100 1 10 10 100 12 1 1 1 8 9 100 12 1 1 1 10 12 1 10 12 1 10 12 1 10 12 1 10 100 12 1 1 11 7 12 1 1 10 12 1 10 12 1 9 12 1 10 12 1 1 10 100 12 1 1 10 100 12 1 1 1 8 10 100 12 1 1 100 1 10 8 8 10 12 1 8 8 8 100 1 10 12 1 9 12 1 1 10 12 1 10 12 1 1 10 12 1 10 12 10 12 1 1 10 12 1 1 10 10 10 12 1 10 12 1 10 12 1 10 12 1 10 12 1 10 10 12 1 100 1 8 1 10 10 10 12 1 1 10 12 1 10 12 1 1 8 1 7 1 10 10 10 7 1 10 12 1 9 7 12 1 1 1 9 12 1 1 7 1 10 10 7 12 1 1 1 100 1 1 1 1 1 5 0 1 1 1 1 1 1 1 1 1 1 1 1 1 1 1 1 1 1 1 1 1 1 1 1 1 1 1 1 1 1 1 1 1 1 1 1 1 1 1 100 1 1 1 1 1 1 1 1 1 1 1 1 1 1 1 1 1 1 1 1 1 1 1 1 1 1 1 1 1 1 1 1 1 1 1 1 1 100 1 1 1 1 1 1 1 1 1 1 1 1 1 1 1 1 100 1 1 1 1 1 1 1 1 1 1 1 1 1 1 1 1 1 1
staticfield java/net/URL defaultFactory Ljava/net/URLStreamHandlerFactory; java/net/URL$DefaultFactory
staticfield java/net/URL streamHandlerLock Ljava/lang/Object; java/lang/Object
staticfield java/net/URL serialPersistentFields [Ljava/io/ObjectStreamField; 7 [Ljava/io/ObjectStreamField;
ciInstanceKlass java/util/jar/Manifest 1 1 336 10 7 12 1 1 1 7 1 10 9 7 12 1 1 1 7 1 10 9 12 1 1 9 12 1 1 10 12 1 10 12 1 1 10 12 1 1 10 12 1 1 10 12 1 1 11 7 1 11 12 1 1 10 12 1 1 10 100 12 1 1 1 100 1 100 1 10 8 1 10 12 1 1 10 12 1 1 10 12 1 10 12 1 11 100 1 10 12 1 10 12 1 1 11 12 1 1 10 12 1 11 12 1 1 11 100 12 1 1 1 11 100 12 1 1 11 12 1 1 100 1 10 12 1 8 1 11 12 1 7 1 10 12 1 1 11 12 1 10 12 1 10 12 1 10 100 12 1 1 1 8 1 10 12 1 1 10 9 7 12 1 1 1 10 12 1 1 10 100 12 1 10 12 1 10 12 1 9 100 12 1 1 1 8 1 10 12 1 8 1 8 1 7 1 10 12 1 10 12 1 10 12 1 1 100 1 8 1 10 12 1 1 8 1 10 10 12 1 1 8 1 10 12 1 1 10 7 12 1 1 1 10 12 1 10 11 12 1 1 10 12 1 10 7 12 1 1 1 10 12 1 1 10 12 1 1 11 10 12 1 11 10 12 1 100 1 1 1 1 1 1 1 1 1 1 1 1 1 1 1 1 1 1 1 1 1 1 1 1 1 1 1 1 1 1 1 1 1 1 1 1 1 1 1 1 1 1 1 100 1 1 1 1 1 1 1 1 1 1 1 1 1 1 100 1 1 1 1 1 1 1 1 1 1 1
ciInstanceKlass java/util/Objects 1 1 151 10 7 12 1 1 1 100 1 8 1 10 12 1 10 12 1 1 10 7 12 1 1 1 10 12 1 1 10 12 1 10 100 12 1 1 1 10 12 1 1 11 100 12 1 1 1 100 1 10 10 12 1 8 1 10 100 12 1 1 1 8 1 100 1 11 12 1 1 8 1 10 7 12 1 1 1 10 12 1 1 10 12 1 10 12 1 10 12 1 10 12 1 1 1 1 1 1 1 1 1 1 1 1 1 1 1 1 1 1 1 1 1 1 1 1 1 1 1 1 1 1 1 1 1 1 1 1 1 1 1 1 1 1 1 1 1 1 1 1 1 1 1 1 1 1 1 1 1 1 1
ciInstanceKlass java/lang/Iterable 1 1 62 10 7 12 1 1 1 11 7 12 1 1 1 11 7 12 1 1 1 11 12 1 1 11 7 12 1 1 1 10 100 12 1 1 1 100 1 1 1 1 1 1 1 1 1 1 1 1 1 1 1 1 1 1 1 1 1 1 1 1 1 1
instanceKlass com/android/tools/r8/internal/w0
instanceKlass java/util/IdentityHashMap$Values
instanceKlass com/android/tools/r8/internal/U0
instanceKlass com/android/tools/r8/internal/V
instanceKlass com/android/tools/r8/internal/x1
instanceKlass com/android/tools/r8/internal/a1
instanceKlass java/util/AbstractQueue
instanceKlass java/util/HashMap$Values
instanceKlass com/android/tools/r8/internal/SA
instanceKlass java/util/LinkedHashMap$LinkedValues
instanceKlass java/util/ArrayDeque
instanceKlass java/util/AbstractSet
instanceKlass java/util/ImmutableCollections$AbstractImmutableCollection
instanceKlass java/util/AbstractList
ciInstanceKlass java/util/AbstractCollection 1 1 160 10 7 12 1 1 1 10 7 12 1 1 1 10 12 1 1 11 7 12 1 1 1 11 12 1 1 10 12 1 1 10 100 12 1 1 1 10 12 1 1 10 12 1 1 10 7 12 1 1 10 7 12 1 1 1 7 1 10 100 12 1 1 1 10 100 12 1 1 1 100 1 10 11 12 1 11 7 1 10 12 1 10 12 1 10 7 12 1 1 1 11 8 1 100 1 10 10 12 1 1 8 1 10 12 1 10 12 1 1 1 1 1 1 1 1 1 1 1 1 1 1 1 1 1 1 1 1 1 1 1 1 1 1 1 1 1 1 1 1 1 1 1 1 1 1 1 1 1 1 1 1 1 1 1 1 1 1 1 1
ciInstanceKlass java/util/RandomAccess 1 0 7 100 1 100 1 1 1
ciInstanceKlass java/util/List 1 1 217 10 100 12 1 1 1 11 100 12 1 1 1 11 100 12 1 1 1 11 12 1 1 11 100 12 1 1 11 12 1 1 11 12 1 1 10 100 12 1 1 1 100 1 100 1 10 12 1 1 100 1 10 100 12 1 1 1 9 7 12 1 1 1 7 1 10 12 10 12 1 7 1 10 12 1 1 10 12 1 10 12 1 1 100 1 1 1 1 1 1 1 1 1 1 1 1 1 1 1 1 1 1 1 1 1 1 1 1 1 1 1 1 1 1 1 1 1 1 1 1 1 1 1 1 1 1 1 1 1 1 1 1 1 1 100 1 100 1 1 1 1 1 1 1 1 1 1 1 1 1 1 1 1 1 1 1 1 1 1 1 1 1 1 1 1 1 1 1 1 1 1 1 1 1 1 1 1 1 1 1 1 1 1 1 1 1 1 1 1 1 1 1 1 1 1 1 1 1 1 1 1 1 1 1 1 1 1 1 1 100 1 1 100 1 1 1
ciMethod java/util/AbstractCollection size ()I 0 0 1 0 -1
ciMethod java/util/AbstractCollection iterator ()Ljava/util/Iterator; 0 0 1 0 -1
ciMethod java/util/AbstractCollection <init> ()V 518 0 5521194 0 64
instanceKlass com/android/tools/r8/internal/UR
instanceKlass java/util/AbstractList$SubList
instanceKlass java/util/Collections$CopiesList
instanceKlass java/util/AbstractSequentialList
instanceKlass java/util/Collections$SingletonList
instanceKlass java/util/ArrayList$SubList
instanceKlass java/util/Vector
instanceKlass sun/security/jca/ProviderList$ServiceList
instanceKlass sun/security/jca/ProviderList$3
instanceKlass java/util/Arrays$ArrayList
instanceKlass java/util/Collections$EmptyList
instanceKlass java/util/ArrayList
ciInstanceKlass java/util/AbstractList 1 1 218 10 7 12 1 1 1 9 7 12 1 1 1 10 12 1 1 10 12 1 1 100 1 10 10 12 1 1 11 100 12 1 1 1 11 12 1 1 11 12 1 10 100 12 1 1 1 10 12 1 11 12 1 11 12 1 11 12 1 10 12 1 1 10 12 1 1 11 100 12 1 1 1 11 100 1 11 100 1 10 12 1 100 1 10 12 1 10 12 1 1 7 1 100 1 10 12 1 7 1 10 100 1 100 1 10 8 1 10 12 1 1 10 12 1 10 12 1 1 10 12 1 8 1 100 1 8 1 8 1 8 1 10 100 1 11 10 10 12 1 11 12 1 10 12 1 1 8 1 8 1 1 1 1 1 1 1 1 1 1 1 1 1 1 1 1 1 1 1 1 1 1 1 1 1 1 1 1 1 1 1 1 1 1 1 1 1 1 1 1 1 1 1 1 1 1 1 1 1 1 1 1 1 1 1 1 1 1 100 1 100 1 1 1 1 1 1 1
ciInstanceKlass jdk/internal/util/Preconditions 1 1 170 10 100 12 1 1 1 11 100 12 1 1 1 11 100 12 1 1 1 100 1 100 1 10 100 12 1 1 1 10 12 1 8 1 100 1 10 100 12 1 1 1 10 12 1 1 8 1 8 1 10 100 12 1 1 7 1 10 12 1 8 1 10 100 12 1 1 1 8 1 10 12 1 1 10 12 1 1 11 12 1 8 1 8 1 11 12 1 1 8 1 8 1 8 1 10 12 1 1 10 12 1 1 10 12 1 10 12 1 10 12 1 10 12 1 1 1 1 1 1 1 1 1 1 1 1 1 1 1 1 1 1 1 1 1 1 1 1 1 1 1 1 1 1 1 1 1 1 1 1 1 1 1 1 1 1 1 1 1 1 1 1 1 1 1 1 1 1 1 1
ciMethod java/util/Objects checkIndex (II)I 1024 0 4385874 0 -1
ciInstanceKlass java/lang/AssertionStatusDirectives 0 0 24 10 100 12 1 1 1 100 1 1 1 1 1 1 1 1 1 1 1 1 1 1 1 1
ciInstanceKlass java/lang/invoke/MethodHandleNatives$CallSiteContext 1 1 49 10 7 12 1 1 1 7 1 10 10 7 12 1 1 1 10 7 12 1 1 1 10 7 12 1 1 1 100 1 1 1 1 1 1 1 1 1 1 1 1 1 1 1 1 1 100 1 1
ciInstanceKlass jdk/internal/invoke/NativeEntryPoint 0 0 92 10 100 12 1 1 1 9 100 12 1 1 1 10 100 12 1 1 1 100 1 9 12 1 9 12 1 9 12 1 1 9 12 1 1 9 12 1 1 100 1 8 1 10 12 1 11 100 12 1 1 1 10 12 1 1 10 12 1 11 100 12 1 1 11 12 1 10 12 1 1 10 12 1 1 1 1 1 1 1 1 1 1 1 1 1 1 1 1 1 1 1
instanceKlass java/lang/invoke/VolatileCallSite
instanceKlass java/lang/invoke/MutableCallSite
instanceKlass java/lang/invoke/ConstantCallSite
ciInstanceKlass java/lang/invoke/CallSite 1 1 302 10 7 12 1 1 1 10 7 12 1 1 1 9 7 12 1 1 1 10 12 1 1 9 12 1 1 10 7 12 1 1 1 10 12 1 100 1 10 12 1 1 10 12 1 1 9 100 12 1 1 1 10 100 12 1 1 10 12 1 1 100 1 100 1 10 10 100 12 1 1 1 10 12 1 1 8 1 10 12 1 10 12 1 1 10 12 1 10 12 1 1 10 12 1 1 10 10 100 12 1 1 10 12 1 1 9 12 1 9 100 12 1 1 1 8 1 10 7 12 1 1 1 10 12 1 1 100 1 10 12 1 1 9 12 1 8 1 100 1 10 12 1 10 12 1 100 1 8 1 10 10 12 1 10 12 1 1 100 1 10 12 1 1 10 12 1 10 12 1 10 12 1 1 10 12 1 1 9 12 1 1 8 10 12 1 1 9 12 1 1 100 1 10 10 12 1 10 100 12 1 1 1 10 12 1 1 10 12 1 1 10 12 1 10 7 12 1 1 1 100 1 8 1 10 10 12 10 12 1 1 100 1 100 1 100 1 8 1 10 12 1 10 7 12 1 1 1 1 1 1 1 1 1 1 1 1 1 1 1 1 1 1 1 1 1 1 1 1 1 1 1 1 1 1 1 1 1 1 1 1 1 1 1 1 1 1 1 1 1 1 1 1 1 1 1 1 1 1 1 1 1
staticfield java/lang/invoke/CallSite $assertionsDisabled Z 1
ciInstanceKlass java/lang/invoke/VolatileCallSite 0 0 37 10 100 12 1 1 1 10 12 1 10 100 12 1 1 1 10 12 1 10 12 1 1 1 1 1 1 1 1 1 1 1 1 1 1 1 1
ciInstanceKlass java/lang/invoke/MethodType 1 1 771 7 1 10 7 12 1 1 1 9 12 1 1 9 12 1 1 9 12 1 1 10 7 12 1 1 1 9 7 12 1 1 8 1 10 100 12 1 1 1 9 7 1 9 7 1 10 12 1 1 100 1 10 8 1 10 12 1 1 10 12 1 10 12 1 1 100 1 8 1 10 12 1 100 1 10 10 12 1 10 12 1 1 10 12 1 1 11 7 12 1 1 1 9 12 1 11 12 1 1 7 7 1 10 7 12 1 1 1 10 12 1 9 12 1 1 10 7 12 1 1 10 12 1 1 10 7 12 1 1 1 10 7 12 1 1 1 10 12 1 9 12 1 1 10 12 1 1 100 1 10 12 1 1 10 12 1 1 10 12 1 1 10 12 1 1 10 12 1 1 10 12 1 10 12 1 10 12 1 1 10 12 1 8 1 8 1 10 12 1 1 9 12 1 1 100 1 10 10 12 1 1 10 12 1 10 12 1 1 10 12 1 1 10 12 1 10 12 1 1 10 12 1 8 1 10 12 1 1 10 100 12 1 1 1 10 12 1 10 12 1 1 10 12 1 10 12 1 10 12 1 1 10 12 1 10 12 1 9 12 1 10 12 1 10 10 12 1 1 10 12 1 9 12 1 1 10 12 1 1 10 12 1 1 10 12 1 1 10 12 1 1 7 1 10 12 10 12 1 10 12 1 100 1 8 1 8 1 8 1 10 12 1 10 12 1 10 12 1 10 11 12 1 1 11 12 1 10 100 12 1 1 1 9 12 1 10 12 1 10 12 1 1 10 12 1 1 10 12 1 10 12 1 10 100 12 1 1 1 10 12 1 1 10 12 1 10 12 1 10 12 1 10 9 12 1 1 7 1 10 12 1 10 12 1 1 9 100 12 1 1 1 10 100 12 1 1 1 10 100 12 1 1 1 10 12 1 1 10 100 12 1 1 1 10 12 1 1 8 1 10 7 12 1 1 1 11 12 1 1 9 12 1 1 10 12 1 1 10 12 1 10 12 1 1 10 12 1 1 10 100 12 1 1 100 1 10 12 1 1 11 100 12 1 1 1 18 12 1 1 11 12 1 1 18 12 1 11 12 1 100 1 11 100 12 1 1 10 12 1 100 1 10 12 1 10 100 12 1 1 10 12 1 1 9 12 1 1 9 100 12 1 1 1 10 100 12 1 1 1 9 12 1 10 100 12 1 1 10 12 1 100 10 12 1 1 10 12 1 10 7 1 7 1 9 12 1 1 100 1 100 1 100 1 1 1 5 0 1 1 1 1 1 1 1 3 1 3 1 3 1 1 1 1 1 1 1 1 1 1 1 1 1 1 1 1 1 1 1 1 1 1 1 1 1 1 1 1 1 1 1 1 1 1 1 1 1 1 1 1 1 1 1 1 1 1 1 1 1 1 1 1 1 1 1 1 1 1 1 1 1 1 1 1 1 1 1 1 1 1 1 1 1 1 1 1 1 1 1 1 1 1 1 1 1 1 1 1 1 1 1 1 1 1 1 1 1 1 1 1 1 1 1 1 1 1 1 1 1 1 1 1 1 1 1 1 1 1 1 1 1 1 1 1 1 1 1 100 1 100 1 1 1 1 1 1 1 1 1 1 1 1 1 100 1 1 1 100 1 1 1 1 1 1 1 1 1 1 1 1 1 1 1 1 1 1 1 1 1 15 10 100 12 1 1 1 16 15 10 12 16 16 15 10 12 16 1 1 1 1 100 1 1 100 1 1 100 1 100 1 1
staticfield java/lang/invoke/MethodType internTable Ljava/lang/invoke/MethodType$ConcurrentWeakInternSet; java/lang/invoke/MethodType$ConcurrentWeakInternSet
staticfield java/lang/invoke/MethodType NO_PTYPES [Ljava/lang/Class; 0 [Ljava/lang/Class;
staticfield java/lang/invoke/MethodType objectOnlyTypes [Ljava/lang/invoke/MethodType; 20 [Ljava/lang/invoke/MethodType;
staticfield java/lang/invoke/MethodType METHOD_HANDLE_ARRAY [Ljava/lang/Class; 1 [Ljava/lang/Class;
staticfield java/lang/invoke/MethodType serialPersistentFields [Ljava/io/ObjectStreamField; 0 [Ljava/io/ObjectStreamField;
staticfield java/lang/invoke/MethodType $assertionsDisabled Z 1
ciInstanceKlass java/lang/BootstrapMethodError 0 0 45 10 100 12 1 1 1 10 12 1 10 12 1 10 100 12 1 1 1 10 100 12 1 1 1 1 1 1 5 0 1 1 1 1 1 1 1 1 1 1 1 100 1 1 1
ciInstanceKlass jdk/internal/loader/ClassLoaders$AppClassLoader 1 1 119 8 1 10 7 12 1 1 1 10 7 12 1 1 1 10 100 12 1 1 1 10 12 1 1 10 100 12 1 1 1 10 12 1 1 10 12 1 1 7 1 8 1 10 12 10 7 12 1 1 1 10 100 12 1 1 10 12 1 1 10 12 1 1 10 7 12 1 1 1 100 1 10 12 1 1 1 1 1 1 1 1 1 1 1 1 1 1 1 1 1 1 1 1 1 100 1 1 1 1 1 1 1 1 1 1 1 1 1 1 1 1 1 1 1 100 1 1 1
ciInstanceKlass jdk/internal/loader/ClassLoaders$PlatformClassLoader 1 1 42 8 1 10 7 12 1 1 1 10 7 12 1 1 1 100 1 10 12 1 100 1 1 1 1 1 1 1 1 1 1 1 1 1 1 100 1 1 1 100 1 1
ciInstanceKlass java/lang/ArrayStoreException 1 1 26 10 100 12 1 1 1 10 12 1 100 1 1 1 1 5 0 1 1 1 1 1 1 1 1 1
ciInstanceKlass java/lang/ClassCastException 1 1 26 10 100 12 1 1 1 10 12 1 100 1 1 1 1 5 0 1 1 1 1 1 1 1 1 1
ciInstanceKlass java/lang/NoClassDefFoundError 0 0 26 10 100 12 1 1 1 10 12 1 100 1 1 1 1 5 0 1 1 1 1 1 1 1 1 1
ciInstanceKlass java/lang/IllegalMonitorStateException 1 1 26 10 100 12 1 1 1 10 12 1 100 1 1 1 1 5 0 1 1 1 1 1 1 1 1 1
ciInstanceKlass java/lang/StackOverflowError 1 1 26 10 100 12 1 1 1 10 12 1 100 1 1 1 1 5 0 1 1 1 1 1 1 1 1 1
instanceKlass java/lang/StackOverflowError
instanceKlass java/lang/OutOfMemoryError
instanceKlass java/lang/InternalError
ciInstanceKlass java/lang/VirtualMachineError 1 1 34 10 100 12 1 1 1 10 12 1 10 12 1 10 12 1 100 1 1 1 1 5 0 1 1 1 1 1 1 1 1 1 1 1
ciInstanceKlass java/lang/OutOfMemoryError 1 1 26 10 100 12 1 1 1 10 12 1 100 1 1 1 1 5 0 1 1 1 1 1 1 1 1 1
ciInstanceKlass java/lang/InternalError 0 0 34 10 100 12 1 1 1 10 12 1 10 12 1 10 12 1 100 1 1 1 1 5 0 1 1 1 1 1 1 1 1 1 1 1
ciInstanceKlass java/lang/StackTraceElement 0 0 224 10 100 12 1 1 1 10 100 12 1 1 9 12 1 1 9 12 1 1 9 12 1 9 12 1 8 1 10 100 12 1 1 1 100 1 9 12 1 8 1 9 12 1 9 12 1 9 12 1 1 8 1 10 12 1 1 10 12 1 100 1 10 10 12 1 1 8 1 10 12 1 1 10 12 1 8 1 8 1 8 1 10 12 1 8 1 8 1 10 12 1 8 1 8 1 10 12 1 1 10 12 1 10 12 1 1 10 12 1 9 12 1 1 10 100 12 1 1 1 10 12 1 1 100 1 10 12 1 1 10 100 12 1 1 10 100 12 1 1 1 10 100 12 1 1 10 100 12 1 1 10 10 12 1 1 10 12 1 10 12 1 1 100 1 1 1 1 1 3 1 3 1 1 5 0 1 1 1 1 1 1 1 1 1 1 1 1 1 1 1 1 1 1 1 1 1 1 1 1 1 1 100 1 100 1 1 1 1 1 1 1 1 1 1 100 1 1 1 1 1 1 1 1
instanceKlass java/nio/IntBuffer
instanceKlass java/nio/LongBuffer
instanceKlass java/nio/CharBuffer
instanceKlass java/nio/ByteBuffer
ciInstanceKlass java/nio/Buffer 1 1 224 100 1 10 7 12 1 1 1 9 7 12 1 1 1 9 12 1 9 12 1 1 9 12 1 9 12 1 1 10 12 1 1 10 12 1 1 10 12 100 1 100 1 10 8 1 10 12 1 1 10 12 1 8 1 8 1 10 12 1 1 10 12 1 8 1 9 12 1 1 100 1 8 1 10 12 1 8 1 8 1 9 12 10 12 1 8 1 8 1 8 1 10 12 1 8 1 8 1 8 1 100 1 10 100 1 10 100 1 10 100 1 10 10 100 12 1 1 1 10 11 100 12 1 1 10 7 12 1 1 1 10 7 12 1 1 1 9 12 1 1 10 7 12 1 1 1 9 12 1 1 7 1 10 10 7 12 1 1 1 1 1 3 1 1 1 1 1 1 1 1 1 1 1 1 1 1 1 1 1 1 100 1 1 1 1 1 1 1 1 1 1 1 1 1 1 1 1 1 1 1 1 1 1 1 1 1 1 1 1 1 1 1 1 1 1 1 1 1 1 1 1 1 1
staticfield java/nio/Buffer UNSAFE Ljdk/internal/misc/Unsafe; jdk/internal/misc/Unsafe
staticfield java/nio/Buffer SCOPED_MEMORY_ACCESS Ljdk/internal/misc/ScopedMemoryAccess; jdk/internal/misc/ScopedMemoryAccess
staticfield java/nio/Buffer $assertionsDisabled Z 1
ciInstanceKlass jdk/internal/util/ArraysSupport 1 1 271 7 1 100 1 8 1 10 12 1 1 10 12 1 1 10 100 12 1 1 9 7 12 1 1 1 9 12 1 1 10 7 12 1 1 1 9 12 1 1 10 7 12 1 1 1 9 12 1 10 12 9 12 1 10 12 1 1 10 12 9 12 1 9 12 1 10 12 1 1 9 12 1 9 12 1 9 12 1 9 12 1 9 12 1 9 12 1 9 12 1 10 12 1 1 10 100 12 1 1 1 9 12 1 9 12 1 10 12 1 1 10 12 1 9 12 1 10 12 1 10 100 12 1 1 1 9 12 1 9 12 1 10 12 1 10 12 1 10 7 12 1 1 1 3 10 12 1 100 1 100 1 10 8 1 10 12 1 1 10 12 1 8 1 8 1 10 12 1 1 10 10 12 1 1 10 12 1 1 9 12 1 10 12 1 9 12 1 9 12 1 9 12 1 9 12 1 9 12 1 9 12 1 9 12 1 100 1 1 1 1 1 1 1 1 1 1 1 1 1 1 1 1 1 1 1 1 1 1 1 1 1 1 1 1 1 1 1 1 1 1 1 1 1 1 1 1 1 1 1 1 1 1 1 1 1 1 1 1 1 1 1 1 1 1 1 1 1 1 1 1
staticfield jdk/internal/util/ArraysSupport U Ljdk/internal/misc/Unsafe; jdk/internal/misc/Unsafe
staticfield jdk/internal/util/ArraysSupport BIG_ENDIAN Z 0
staticfield jdk/internal/util/ArraysSupport LOG2_ARRAY_BOOLEAN_INDEX_SCALE I 0
staticfield jdk/internal/util/ArraysSupport LOG2_ARRAY_BYTE_INDEX_SCALE I 0
staticfield jdk/internal/util/ArraysSupport LOG2_ARRAY_CHAR_INDEX_SCALE I 1
staticfield jdk/internal/util/ArraysSupport LOG2_ARRAY_SHORT_INDEX_SCALE I 1
staticfield jdk/internal/util/ArraysSupport LOG2_ARRAY_INT_INDEX_SCALE I 2
staticfield jdk/internal/util/ArraysSupport LOG2_ARRAY_LONG_INDEX_SCALE I 3
staticfield jdk/internal/util/ArraysSupport LOG2_ARRAY_FLOAT_INDEX_SCALE I 2
staticfield jdk/internal/util/ArraysSupport LOG2_ARRAY_DOUBLE_INDEX_SCALE I 3
staticfield jdk/internal/util/ArraysSupport LOG2_BYTE_BIT_SIZE I 3
ciMethod java/util/Map computeIfAbsent (Ljava/lang/Object;Ljava/util/function/Function;)Ljava/lang/Object; 512 0 380589 0 -1
ciMethod jdk/internal/util/ArraysSupport newLength (III)I 512 0 12431 0 128
ciMethod jdk/internal/util/ArraysSupport hugeLength (II)I 0 0 1 0 -1
ciInstanceKlass jdk/internal/misc/UnsafeConstants 1 1 34 10 100 12 1 1 1 9 7 12 1 1 1 9 12 1 9 12 1 1 9 12 1 9 12 1 1 1 1 1 1 1 1 1
staticfield jdk/internal/misc/UnsafeConstants ADDRESS_SIZE0 I 8
staticfield jdk/internal/misc/UnsafeConstants PAGE_SIZE I 4096
staticfield jdk/internal/misc/UnsafeConstants BIG_ENDIAN Z 0
staticfield jdk/internal/misc/UnsafeConstants UNALIGNED_ACCESS Z 1
staticfield jdk/internal/misc/UnsafeConstants DATA_CACHE_LINE_FLUSH_SIZE I 0
instanceKlass java/lang/invoke/DelegatingMethodHandle
instanceKlass java/lang/invoke/BoundMethodHandle
instanceKlass java/lang/invoke/DirectMethodHandle
ciInstanceKlass java/lang/invoke/MethodHandle 1 1 641 100 1 9 7 12 1 1 1 10 7 12 1 1 1 10 7 12 1 1 1 7 1 7 1 10 12 1 1 9 12 1 1 10 12 1 10 12 1 1 10 12 1 1 10 100 12 1 1 1 10 12 1 1 10 12 1 1 11 100 12 1 1 1 10 12 1 1 10 12 1 10 12 1 9 12 1 1 10 12 1 1 100 1 100 1 10 8 1 10 12 1 1 10 12 1 8 1 10 12 1 1 10 12 1 10 7 12 1 1 1 10 12 1 10 12 1 1 10 12 1 1 10 12 1 1 10 12 1 1 10 7 12 1 1 1 10 100 12 1 1 1 7 1 10 12 1 1 10 12 1 1 10 12 1 1 8 1 10 7 12 1 1 1 8 1 10 12 1 1 10 12 1 1 10 12 1 1 10 12 1 8 1 10 12 1 1 8 1 10 12 1 8 1 10 100 12 1 1 1 9 12 1 1 100 1 10 9 100 12 1 1 1 9 100 1 8 1 10 12 1 1 10 12 1 10 12 1 1 10 12 1 10 12 1 1 10 12 1 10 12 1 1 10 12 1 10 12 1 1 10 12 1 1 8 1 10 12 1 1 8 1 10 12 1 10 12 1 1 10 12 1 10 12 1 10 12 1 1 9 100 12 1 1 1 10 12 1 1 11 12 1 10 12 1 10 12 1 1 10 100 12 1 1 1 100 1 11 12 1 10 100 1 11 12 1 100 1 10 12 1 11 12 1 9 100 12 1 1 1 11 12 1 1 11 100 12 1 1 1 10 12 1 1 9 12 1 11 12 1 9 12 1 9 12 1 9 12 1 11 12 1 1 9 12 1 9 12 1 9 12 1 9 12 1 9 12 1 9 12 1 9 12 1 8 1 10 12 1 10 12 1 8 1 10 12 1 10 12 1 10 10 7 12 1 1 10 12 1 1 100 1 8 1 10 12 1 1 10 12 1 1 10 12 1 10 12 1 100 1 10 100 12 1 1 1 10 12 1 9 7 12 1 1 1 10 12 1 1 10 12 1 1 8 1 9 12 1 9 12 1 1 9 12 1 1 10 12 1 7 1 10 12 1 10 12 1 1 9 12 1 1 9 12 1 1 10 7 12 1 1 1 11 7 12 1 1 9 12 1 10 12 1 1 9 12 1 10 12 1 8 10 12 1 1 8 1 1 1 1 1 1 100 1 1 1 1 1 1 1 1 1 1 1 1 1 1 1 1 1 1 1 1 1 1 1 1 1 1 1 1 1 1 1 1 1 1 1 1 1 1 1 1 1 1 1 1 1 1 1 1 1 1 1 1 1 1 1 1 1 1 1 1 1 1 1 1 1 1 1 1 1 100 1 1 1 1 1 1 1 1 1 100 1 1 1 1 1 1 1 1 1 1 1 1 1 1 1 1 1 1 1 1 1 1 1 1 1 1 1 100 1 1 100 1 1 100 1 1 1 1
staticfield java/lang/invoke/MethodHandle FORM_OFFSET J 20
staticfield java/lang/invoke/MethodHandle UPDATE_OFFSET J 13
staticfield java/lang/invoke/MethodHandle $assertionsDisabled Z 1
instanceKlass java/lang/invoke/DirectMethodHandle$Interface
instanceKlass java/lang/invoke/DirectMethodHandle$Special
instanceKlass java/lang/invoke/DirectMethodHandle$Constructor
instanceKlass java/lang/invoke/DirectMethodHandle$Accessor
ciInstanceKlass java/lang/invoke/DirectMethodHandle 1 1 940 7 1 7 1 100 1 7 1 7 1 10 7 12 1 1 1 10 7 12 1 1 1 100 1 10 12 1 10 12 1 1 10 7 12 1 1 10 12 1 1 10 12 1 10 12 1 7 1 10 12 1 1 10 12 1 1 10 12 1 10 12 1 1 10 7 12 1 1 1 10 12 1 9 12 1 1 100 1 10 9 12 1 1 9 12 1 10 12 1 10 12 1 10 12 1 1 10 12 1 10 12 1 10 12 1 10 7 12 1 1 1 10 12 1 10 12 1 1 8 1 10 12 1 1 7 1 10 12 1 7 1 10 10 12 1 10 12 1 10 12 1 10 7 12 1 1 1 10 12 1 1 100 1 10 12 1 10 12 1 7 1 10 12 1 10 12 1 1 10 12 1 1 10 12 1 8 10 100 12 1 1 1 10 12 1 10 12 1 10 12 1 1 10 12 1 9 7 12 1 1 1 7 1 10 12 1 10 7 12 1 1 1 10 12 1 10 12 1 1 9 12 1 1 100 1 10 8 1 10 12 1 1 10 12 1 10 12 1 10 10 12 1 10 12 1 10 12 1 10 12 1 10 12 1 1 10 12 1 10 12 1 1 10 12 1 10 12 1 1 10 10 7 12 1 1 1 10 12 1 10 12 1 1 10 12 1 10 12 1 1 8 1 9 7 12 1 1 1 8 1 9 12 1 9 12 1 8 1 9 12 1 9 12 1 8 1 9 12 1 9 12 1 8 1 10 12 1 10 12 1 1 9 12 1 1 7 1 10 12 1 1 100 1 10 7 12 1 1 1 10 12 1 1 10 12 1 10 12 1 1 7 1 10 12 1 1 10 12 1 10 12 1 1 7 1 10 12 1 1 10 7 12 1 1 1 10 12 1 10 12 1 10 12 1 9 12 1 1 10 7 1 9 12 9 12 1 10 7 12 1 1 1 10 12 1 7 1 7 1 7 1 9 12 1 1 10 7 12 1 10 12 1 1 10 12 1 100 1 10 12 1 10 12 1 1 9 100 12 1 1 1 10 12 1 1 100 1 10 100 12 1 1 1 10 12 1 10 12 1 8 1 9 12 1 9 12 1 10 12 1 9 12 1 1 10 100 12 1 1 1 9 12 1 1 9 12 1 1 10 12 1 10 12 1 10 12 1 10 12 1 10 12 1 1 10 12 1 10 7 12 1 1 9 12 1 10 12 1 10 12 1 10 12 1 10 12 1 1 10 12 1 1 9 12 1 1 10 12 1 1 9 7 12 1 1 1 9 12 1 9 12 1 9 12 1 9 12 1 9 12 1 9 12 1 9 12 1 9 12 1 9 12 1 9 12 1 9 12 1 9 12 1 9 12 1 9 12 1 9 12 1 9 12 1 9 12 1 9 12 1 9 12 1 9 12 1 9 12 1 9 12 1 9 12 1 9 12 1 9 12 1 9 12 1 9 12 1 9 12 1 9 12 1 9 12 1 9 12 1 9 12 1 9 12 1 9 12 1 9 12 1 9 12 1 8 1 9 12 1 1 9 12 1 1 10 12 1 10 12 1 1 9 7 1 10 12 1 9 12 1 1 10 12 10 12 1 10 12 1 10 12 1 10 8 1 8 1 8 1 8 1 10 12 1 1 9 12 1 1 10 12 1 10 100 12 1 1 1 8 9 12 1 1 10 12 1 1 8 1 8 8 9 12 1 8 1 8 8 8 8 8 1 8 10 12 1 10 12 1 8 1 8 1 10 12 1 10 12 1 10 12 1 10 12 1 1 7 1 1 1 1 3 1 3 1 3 1 3 1 3 1 3 1 3 1 3 1 3 1 3 1 1 1 1 1 1 1 1 1 1 3 1 3 1 1 1 1 3 1 1 1 1 1 1 1 1 1 1 1 1 1 1 1 1 1 1 1 1 1 1 1 1 1 1 1 1 1 1 1 1 1 1 1 1 1 1 1 1 1 1 1 1 1 1 1 1 1 1 1 1 1 1 1 1 100 1 1 1 1 1 1 1 1 1 1 1 1 100 1 1 1 1 1 1 1 1 1 1 1 1 1 1 1 1 1 1 1 1 1 1 1 1 1 1 1 1 1 1 1 1 1 1 1 1 1 1 1 1 1 1 1 1 1 1 1 1 1 1 1
staticfield java/lang/invoke/DirectMethodHandle IMPL_NAMES Ljava/lang/invoke/MemberName$Factory; java/lang/invoke/MemberName$Factory
staticfield java/lang/invoke/DirectMethodHandle FT_UNCHECKED_REF I 8
staticfield java/lang/invoke/DirectMethodHandle ACCESSOR_FORMS [Ljava/lang/invoke/LambdaForm; 132 [Ljava/lang/invoke/LambdaForm;
staticfield java/lang/invoke/DirectMethodHandle ALL_WRAPPERS [Lsun/invoke/util/Wrapper; 10 [Lsun/invoke/util/Wrapper;
staticfield java/lang/invoke/DirectMethodHandle NFS [Ljava/lang/invoke/LambdaForm$NamedFunction; 12 [Ljava/lang/invoke/LambdaForm$NamedFunction;
staticfield java/lang/invoke/DirectMethodHandle OBJ_OBJ_TYPE Ljava/lang/invoke/MethodType; java/lang/invoke/MethodType
staticfield java/lang/invoke/DirectMethodHandle LONG_OBJ_TYPE Ljava/lang/invoke/MethodType; java/lang/invoke/MethodType
staticfield java/lang/invoke/DirectMethodHandle $assertionsDisabled Z 1
ciInstanceKlass java/lang/invoke/LambdaForm 1 1 1052 100 1 9 7 12 1 1 1 10 7 12 1 1 1 10 7 12 1 1 9 12 1 1 9 12 1 1 10 12 1 1 100 1 10 9 12 1 10 12 1 1 9 12 1 10 7 12 1 1 1 9 12 1 9 12 1 9 12 1 1 9 12 1 10 12 1 1 7 1 10 12 1 10 100 12 1 1 1 10 100 12 1 1 1 10 12 1 10 12 1 1 9 100 12 1 1 1 10 12 1 1 9 12 1 10 12 1 1 10 12 1 10 12 1 1 10 12 1 1 10 100 12 1 1 1 7 1 10 10 12 1 1 8 1 10 12 1 10 12 1 10 12 1 1 7 1 10 7 12 1 1 1 10 12 1 1 10 12 1 10 12 1 1 9 12 1 1 9 12 1 9 12 1 1 10 12 1 9 12 1 10 100 12 1 1 1 10 12 1 1 10 12 1 9 12 1 1 10 100 12 1 1 1 10 12 1 10 12 1 10 12 1 10 12 1 10 12 1 10 12 1 1 10 12 1 10 12 1 1 8 1 10 12 1 10 12 1 8 1 8 1 9 12 1 9 12 1 9 12 1 1 10 12 1 1 10 12 1 9 12 1 10 12 1 1 10 7 12 1 1 1 10 12 1 1 10 12 1 10 12 1 10 12 1 1 9 12 1 10 12 1 8 1 8 1 8 1 8 1 8 1 8 1 8 1 8 1 10 12 1 9 12 1 7 1 10 12 1 1 9 12 1 10 12 1 10 12 1 1 10 12 10 12 1 10 12 1 1 10 12 1 1 10 10 12 1 1 10 12 1 1 7 1 8 1 10 12 1 1 10 12 1 10 12 1 1 10 8 1 10 12 1 1 8 1 8 1 8 1 10 12 1 9 12 1 1 10 12 1 1 10 12 1 1 100 1 10 12 1 1 10 12 1 10 7 12 1 1 1 10 12 1 1 9 12 1 1 8 1 10 100 12 1 1 1 10 7 12 1 1 10 12 10 10 12 1 1 9 12 1 8 10 12 1 1 100 1 10 12 1 1 10 12 1 9 7 12 1 1 9 12 1 1 8 1 10 100 12 1 1 10 12 1 1 100 1 100 1 10 10 12 1 1 10 12 1 1 8 1 8 1 100 1 8 1 10 12 10 12 1 10 12 1 10 12 1 1 8 1 8 1 9 100 12 1 1 1 10 12 1 10 12 1 1 8 1 8 1 8 1 100 1 8 1 100 1 8 1 100 1 8 1 10 12 1 8 1 9 10 7 12 1 1 1 10 12 1 9 12 1 1 10 12 1 10 10 12 1 10 12 1 10 12 1 10 12 1 1 10 12 1 10 12 1 1 10 12 1 1 10 12 1 1 8 1 100 10 12 1 10 12 1 9 12 1 1 10 7 12 1 1 8 1 8 1 100 1 8 1 8 1 8 1 8 1 8 1 8 1 8 1 8 1 10 12 1 1 10 12 1 1 10 12 1 10 12 1 8 1 8 1 8 1 10 12 1 8 1 10 12 1 8 1 8 1 8 1 8 1 8 1 10 12 1 10 12 1 10 12 1 1 10 7 12 1 1 1 10 12 1 10 12 1 10 12 1 10 12 1 10 12 1 10 12 1 10 12 1 9 12 1 1 8 1 10 12 1 1 9 12 1 1 10 12 1 1 9 12 1 9 12 1 1 9 12 1 9 12 1 1 7 1 10 7 12 1 1 1 9 12 1 10 12 1 10 12 1 8 1 10 12 1 9 12 1 1 7 1 10 7 12 1 1 1 8 1 100 1 10 12 1 9 12 1 9 12 1 10 12 1 10 12 1 10 7 12 1 1 1 10 12 1 9 7 12 1 1 10 12 1 1 10 12 1 10 12 1 9 12 10 12 1 10 10 12 1 9 9 12 1 7 9 12 1 1 10 12 1 1 9 12 1 10 12 1 10 7 1 9 1 1 1 1 3 1 3 1 3 1 1 1 1 1 1 1 1 1 1 1 1 1 1 1 1 1 1 1 1 1 1 1 1 1 1 1 1 1 1 1 1 1 1 1 1 1 1 1 1 1 1 1 1 1 1 1 1 1 1 1 1 1 1 1 1 100 1 1 1 1 1 1 1 1 1 1 1 1 1 1 1 1 1 1 1 1 1 1 1 1 1 1 1 1 1 1 1 1 1 1 1 1 1 1 1 1 1 1 1 1 1 1 1 1 1 1 1 1 1 1 1 1 1 1 1 100 1 1 1 1 1 1 1 1 1 1 1 1 1 1 1 1 1 1 1 1 1 1 1 1 1 1 1 1 1 1 1 1 1 1 100 1 1 1 1 1 1 1 1 1 1 1 1 1 1 1 1 1 1 1 1 1 1 100 1 1 1 100 1 1 100 1 1 1 1 1 1 1 1 1 1 1
staticfield java/lang/invoke/LambdaForm COMPILE_THRESHOLD I 0
staticfield java/lang/invoke/LambdaForm INTERNED_ARGUMENTS [[Ljava/lang/invoke/LambdaForm$Name; 5 [[Ljava/lang/invoke/LambdaForm$Name;
staticfield java/lang/invoke/LambdaForm IMPL_NAMES Ljava/lang/invoke/MemberName$Factory; java/lang/invoke/MemberName$Factory
staticfield java/lang/invoke/LambdaForm LF_identity [Ljava/lang/invoke/LambdaForm; 6 [Ljava/lang/invoke/LambdaForm;
staticfield java/lang/invoke/LambdaForm LF_zero [Ljava/lang/invoke/LambdaForm; 6 [Ljava/lang/invoke/LambdaForm;
staticfield java/lang/invoke/LambdaForm NF_identity [Ljava/lang/invoke/LambdaForm$NamedFunction; 6 [Ljava/lang/invoke/LambdaForm$NamedFunction;
staticfield java/lang/invoke/LambdaForm NF_zero [Ljava/lang/invoke/LambdaForm$NamedFunction; 6 [Ljava/lang/invoke/LambdaForm$NamedFunction;
staticfield java/lang/invoke/LambdaForm createFormsLock Ljava/lang/Object; java/lang/Object
staticfield java/lang/invoke/LambdaForm DEBUG_NAME_COUNTERS Ljava/util/HashMap; null
staticfield java/lang/invoke/LambdaForm DEBUG_NAMES Ljava/util/HashMap; null
staticfield java/lang/invoke/LambdaForm TRACE_INTERPRETER Z 0
staticfield java/lang/invoke/LambdaForm $assertionsDisabled Z 1
ciInstanceKlass java/lang/invoke/MethodHandleNatives 1 1 684 100 1 10 7 12 1 1 1 9 7 12 1 1 1 10 12 1 1 100 1 10 10 12 1 1 10 12 1 10 12 1 8 1 8 1 8 1 8 1 8 1 8 1 8 1 8 1 8 1 8 1 10 12 1 1 7 1 10 7 12 1 1 1 10 100 12 1 1 1 7 1 10 10 12 1 1 8 1 10 12 1 8 1 10 12 1 1 8 1 10 12 1 1 9 100 12 1 1 1 8 1 10 100 12 1 1 1 100 1 10 12 100 1 100 1 8 1 7 1 10 10 12 1 7 1 9 7 12 1 1 10 12 1 1 10 12 1 10 7 12 1 1 1 7 1 10 12 1 1 10 7 12 1 1 1 10 12 1 10 12 1 1 10 12 1 1 9 12 1 8 1 10 12 1 8 1 10 12 1 8 1 8 1 8 1 100 1 10 12 1 8 1 10 12 1 1 10 12 1 10 100 12 1 1 1 100 1 8 1 10 100 12 1 1 1 7 1 8 1 10 12 1 8 1 8 1 8 1 8 1 8 1 10 12 1 1 10 12 1 1 10 12 1 10 12 1 1 10 12 1 1 7 1 10 12 1 100 1 100 1 10 12 1 10 12 1 8 1 8 1 10 10 12 1 1 10 12 1 1 8 1 10 100 12 1 1 1 8 1 8 1 10 12 1 1 10 7 12 1 1 1 100 1 10 12 1 1 7 1 9 12 1 1 10 7 12 1 1 1 10 10 12 1 9 12 1 10 12 1 1 9 12 1 9 12 1 10 12 1 1 10 12 1 10 12 1 1 7 1 7 1 10 12 1 1 10 12 1 10 12 1 1 10 7 12 1 1 1 10 12 1 8 1 10 12 1 10 12 1 10 12 1 1 10 12 1 10 7 12 1 1 1 10 12 1 1 100 1 8 1 10 9 7 12 1 1 1 10 12 1 1 10 12 1 1 100 1 10 12 1 1 10 12 1 1 100 1 100 1 10 10 100 1 100 1 10 100 1 10 10 12 1 1 10 100 1 10 12 1 10 12 1 10 12 1 1 10 12 1 1 10 12 1 1 10 12 1 10 12 1 1 10 8 1 100 1 10 12 1 10 12 1 10 12 1 10 12 1 10 12 1 1 10 12 1 9 12 1 1 10 7 12 1 1 1 9 12 1 1 11 7 12 1 1 1 10 12 1 10 12 1 10 10 12 1 10 7 12 1 1 1 1 1 1 1 1 1 1 1 1 1 1 1 100 1 1 1 1 1 1 1 1 1 1 1 1 1 1 1 1 1 1 1 1 1 1 1 1 1 1 1 1 1 1 1 1 1 1 1 1 1 1 1 1 1 1 1 1 1 1 1 1 1 1 1 1 1 1 1 1 1 1 1 1 1 1 1 1 1 1 1 1 1 1 1 1 1 1 1 1 1 1 1 1 1 1 1 1 1 1 1 1 1 1 1 1 1 1 1 1 1 1 100 1 1 1 1 1 1 1 1 1 1 1 1 1 1 1 1 1 1 1 1 1 1 1 1 1 1 1 1 100 1 1 1 1 1 1 1 100 1 1 1
staticfield java/lang/invoke/MethodHandleNatives JLA Ljdk/internal/access/JavaLangAccess; java/lang/System$2
staticfield java/lang/invoke/MethodHandleNatives $assertionsDisabled Z 1
ciInstanceKlass jdk/internal/reflect/CallerSensitive 0 0 17 100 1 100 1 100 1 1 1 1 1 1 1 1 1 1 1
ciInstanceKlass jdk/internal/reflect/ConstantPool 1 1 142 10 100 12 1 1 1 9 7 12 1 1 1 10 12 1 1 10 12 1 1 10 12 1 10 12 1 1 10 12 1 1 10 12 1 10 12 1 1 10 12 1 10 12 1 1 10 12 1 10 12 1 10 12 1 10 12 1 1 10 12 1 1 10 12 1 1 10 12 1 1 10 12 1 10 12 1 1 10 100 12 1 1 1 8 11 7 12 1 1 1 10 7 12 1 1 1 1 1 1 1 1 1 1 1 1 1 1 1 1 1 1 1 1 1 1 1 1 1 1 1 1 1 1 1 1 1 1 1 1 1 1 1 1 1 1 1 1 1 1 1 1
ciInstanceKlass jdk/internal/reflect/UnsafeStaticFieldAccessorImpl 0 0 47 10 100 12 1 1 1 9 100 12 1 1 1 10 100 12 1 1 1 9 12 1 1 8 11 100 12 1 1 1 10 100 12 1 1 1 1 1 1 1 1 1 1 1 1 1 1
instanceKlass jdk/internal/reflect/UnsafeFieldAccessorImpl
ciInstanceKlass jdk/internal/reflect/FieldAccessorImpl 1 1 59 10 100 12 1 1 1 100 1 100 1 1 1 1 1 1 1 1 1 100 1 1 1 1 1 1 1 1 1 1 1 1 1 1 1 1 1 1 1 100 1 1 1 1 1 1 1 1 1 1 1 1 1 1 1 1 1 1 1
instanceKlass jdk/internal/reflect/UnsafeStaticFieldAccessorImpl
ciInstanceKlass jdk/internal/reflect/UnsafeFieldAccessorImpl 1 1 254 10 100 12 1 1 1 9 7 12 1 1 1 10 100 12 1 1 1 10 100 12 1 1 1 9 12 1 1 10 7 12 1 1 1 9 12 1 1 10 12 1 10 12 1 9 12 1 10 12 1 1 10 100 12 1 1 10 100 12 1 1 1 10 12 1 1 100 1 10 10 12 1 1 10 12 1 1 8 1 10 10 12 1 100 1 8 1 10 12 1 8 1 10 12 1 8 1 10 12 1 100 1 10 12 1 1 10 8 1 10 12 1 1 8 1 10 100 12 1 1 8 1 10 100 12 1 1 8 1 10 100 12 1 1 8 1 10 100 12 1 1 8 1 10 100 12 1 1 8 1 10 100 12 1 1 8 1 10 100 12 1 1 8 1 10 100 12 1 1 10 12 1 1 8 1 8 1 8 1 8 1 8 1 8 1 10 100 12 1 1 1 8 1 8 1 8 1 10 12 10 12 1 1 1 1 1 1 1 1 1 1 1 1 1 1 1 1 1 1 1 1 1 1 1 1 1 1 1 1 1 1 1 1 1 1 1 1 1 1 1 1 1 1 1 1 1 1 1 1 1 1 1 1
staticfield jdk/internal/reflect/UnsafeFieldAccessorImpl unsafe Ljdk/internal/misc/Unsafe; jdk/internal/misc/Unsafe
ciInstanceKlass jdk/internal/reflect/NativeConstructorAccessorImpl 1 1 126 10 7 12 1 1 1 9 7 12 1 1 1 9 12 1 1 10 7 12 1 1 1 10 7 12 1 1 1 10 7 12 1 1 1 9 12 1 9 12 1 1 9 12 1 1 10 7 12 1 1 1 7 1 10 10 12 1 1 10 12 1 10 12 1 10 12 1 1 9 12 1 1 10 7 12 1 1 1 100 1 10 12 1 1 10 12 1 1 8 10 12 1 1 1 1 1 1 1 1 1 1 1 1 1 1 1 1 1 1 1 1 1 1 100 1 100 1 100 1 1 1 1 1 1 1
staticfield jdk/internal/reflect/NativeConstructorAccessorImpl U Ljdk/internal/misc/Unsafe; jdk/internal/misc/Unsafe
staticfield jdk/internal/reflect/NativeConstructorAccessorImpl GENERATED_OFFSET J 16
ciInstanceKlass java/lang/invoke/ConstantCallSite 1 1 65 10 7 12 1 1 1 9 7 12 1 1 1 9 12 1 1 10 7 12 1 1 1 10 12 1 100 1 10 12 9 12 1 1 100 1 10 10 12 1 1 10 12 1 1 1 1 1 1 1 1 1 1 1 1 1 100 1 1 1 1 1 1 1 1
staticfield java/lang/invoke/ConstantCallSite UNSAFE Ljdk/internal/misc/Unsafe; jdk/internal/misc/Unsafe
ciInstanceKlass java/lang/invoke/MutableCallSite 0 0 63 10 100 12 1 1 1 10 12 1 9 100 12 1 1 1 10 12 1 10 12 1 1 9 12 1 1 10 100 12 1 1 1 10 100 12 1 1 1 10 12 1 1 1 1 1 1 1 1 1 1 1 1 1 1 1 1 1 1 100 1 1 1
instanceKlass java/lang/invoke/VarHandleReferences$Array
instanceKlass java/lang/invoke/VarHandleReferences$FieldInstanceReadOnly
instanceKlass java/lang/invoke/VarHandleInts$FieldStaticReadOnly
instanceKlass java/lang/invoke/VarHandleLongs$FieldInstanceReadOnly
instanceKlass java/lang/invoke/VarHandleInts$FieldInstanceReadOnly
instanceKlass java/lang/invoke/VarHandleByteArrayAsLongs$ByteArrayViewVarHandle
instanceKlass java/lang/invoke/VarHandleByteArrayAsInts$ByteArrayViewVarHandle
instanceKlass java/lang/invoke/VarHandleReferences$FieldStaticReadOnly
ciInstanceKlass java/lang/invoke/VarHandle 1 1 390 10 7 12 1 1 1 10 7 12 1 1 9 12 1 1 9 12 1 1 100 1 10 8 1 10 12 1 1 10 7 12 1 1 1 10 12 1 1 10 100 12 1 1 1 9 100 12 1 1 1 10 12 1 1 10 100 12 1 1 1 10 12 1 1 9 12 1 10 12 1 9 12 1 1 10 7 12 1 1 10 12 1 9 7 12 1 1 1 9 12 1 1 10 12 1 1 100 1 100 1 10 8 1 10 12 1 1 10 12 1 8 1 10 12 1 10 12 1 10 12 1 1 9 7 12 1 1 1 10 12 1 10 12 1 1 10 12 1 10 10 100 12 1 1 1 10 12 1 1 10 12 1 1 10 100 12 1 1 1 10 100 12 1 1 1 10 100 12 1 1 1 9 12 1 1 10 9 12 1 1 10 12 1 10 12 1 10 12 1 1 10 12 1 10 100 12 1 1 1 9 12 1 1 10 12 1 1 9 12 1 10 12 1 10 12 1 10 100 12 1 1 100 1 10 9 7 12 1 1 1 9 12 1 1 10 7 12 1 1 1 10 12 1 10 12 1 10 12 1 10 12 1 10 12 1 10 12 1 1 7 1 10 10 7 12 1 1 1 9 12 1 1 8 10 12 1 1 7 1 10 12 1 1 100 1 1 1 1 1 1 1 1 1 1 1 1 1 1 1 1 1 1 1 1 1 1 1 1 1 1 1 1 1 1 1 1 1 1 1 1 1 1 1 1 1 1 1 1 1 1 1 1 1 1 1 1 1 1 1 1 1 1 1 1 1 1 1 1 1 1 1 1 1 1 1 1 1 1 1 1 1 1 1 1 1 1 1 1 1 1 1 1 1 100 1 100 1 100 1 1 1 1 1 1 1 100 1 1 1
staticfield java/lang/invoke/VarHandle AIOOBE_SUPPLIER Ljava/util/function/BiFunction; jdk/internal/util/Preconditions$1
staticfield java/lang/invoke/VarHandle VFORM_OFFSET J 16
staticfield java/lang/invoke/VarHandle $assertionsDisabled Z 1
ciInstanceKlass java/lang/invoke/MemberName 1 1 757 7 1 7 1 100 1 9 12 1 1 10 7 12 1 1 1 9 12 1 1 10 12 1 1 10 12 1 1 10 12 1 1 10 12 1 10 12 1 1 10 7 12 1 1 1 10 12 1 9 100 12 1 1 10 12 1 100 1 100 1 10 12 1 8 1 10 12 1 1 10 12 1 10 12 1 1 10 12 1 9 12 1 1 8 1 10 100 12 1 1 1 7 1 10 10 12 1 1 100 1 100 1 10 12 1 1 9 12 1 1 100 1 8 1 10 12 1 10 12 1 10 12 1 10 12 1 10 12 1 1 10 12 1 10 12 1 10 12 1 1 10 12 1 1 10 12 1 8 1 8 1 8 1 10 100 12 1 1 1 10 12 1 9 12 1 1 3 10 12 1 10 12 1 10 12 1 10 10 7 12 1 1 1 10 12 1 10 12 1 10 12 1 10 12 1 7 1 8 10 12 1 1 10 12 1 1 8 1 9 100 1 8 9 100 1 10 12 1 1 10 12 1 10 12 1 8 1 10 12 1 1 10 12 1 10 12 1 10 12 1 10 12 1 1 100 1 10 12 1 1 10 12 1 8 1 10 12 1 10 12 1 8 1 10 12 1 1 10 12 1 1 100 1 10 12 1 1 10 12 8 1 8 1 100 1 10 12 1 10 100 12 1 1 1 100 1 10 12 10 12 1 10 12 1 10 12 1 10 12 1 10 10 12 1 10 12 1 10 12 1 3 10 12 1 3 10 12 1 3 3 3 3 3 3 3 100 1 10 12 1 10 7 12 1 1 1 10 12 1 3 9 12 1 10 12 1 1 3 10 12 1 10 10 7 12 1 1 1 10 12 1 1 10 100 1 10 10 12 1 10 12 1 10 12 1 10 10 12 1 1 10 12 1 10 12 1 10 12 1 100 1 10 10 10 12 100 1 10 10 10 12 1 1 10 12 1 1 10 10 12 1 8 10 100 1 10 12 1 10 100 1 10 12 1 10 12 1 10 12 1 10 10 12 1 10 12 1 1 10 12 1 1 10 12 1 10 12 1 10 12 1 100 1 10 12 1 1 100 1 8 1 10 7 1 10 12 1 10 12 10 12 1 1 10 12 1 10 12 1 8 1 8 1 8 1 8 1 10 12 1 10 12 1 10 12 1 1 8 1 8 1 10 12 1 8 1 10 10 12 1 10 12 1 8 1 8 1 10 10 12 1 8 1 10 100 12 1 1 1 8 1 10 12 1 10 12 1 1 10 12 1 8 1 8 1 8 1 8 1 100 1 10 8 1 8 1 8 1 8 1 10 12 1 100 1 100 1 100 1 10 100 1 10 100 1 10 100 12 1 1 1 9 7 12 1 1 1 100 1 100 1 1 1 1 1 1 1 3 1 3 1 3 1 3 1 3 1 3 1 1 1 1 1 1 1 1 3 1 3 1 1 1 1 3 1 1 1 1 1 1 1 1 1 1 1 1 1 1 1 1 1 1 1 1 1 1 1 1 1 1 1 1 1 1 1 1 1 1 1 1 1 1 1 1 1 1 1 1 1 1 1 1 1 1 1 1 1 1 1 1 1 1 1 1 1 1 1 1 1 1 1 1 1 1 1 1 1 1 1 1 1 1 1 1 1 1 1 1 1 1 1 1 1 1 1 1 1 1 1 1 1 1 1 1 1 1 1 1 1 1 100 1 1 1 1 1 1 1 1 1 1 1 1 1 1 1
staticfield java/lang/invoke/MemberName $assertionsDisabled Z 1
ciInstanceKlass java/lang/invoke/ResolvedMethodName 1 1 16 10 100 12 1 1 1 100 1 1 1 1 1 1 1 1
ciInstanceKlass java/lang/StackWalker 0 0 235 9 100 12 1 1 1 10 100 12 1 1 1 100 1 10 100 12 1 1 1 10 12 1 1 11 100 12 1 1 1 10 12 1 1 10 12 1 1 10 12 1 1 100 1 8 1 10 12 1 10 12 1 10 12 1 10 100 12 1 1 9 12 1 1 9 12 1 1 9 12 1 1 9 12 1 1 10 12 1 1 9 12 1 1 10 100 12 1 1 1 11 12 1 1 100 1 8 1 10 10 100 12 1 1 9 12 1 1 10 12 1 1 10 100 12 1 1 1 10 100 12 1 1 1 18 12 1 1 100 1 8 1 10 10 12 1 1 10 100 12 1 1 1 9 100 12 1 1 11 100 12 1 1 1 10 12 1 1 1 1 1 1 1 1 1 1 1 1 1 1 1 1 1 1 1 1 1 1 1 1 1 1 1 1 1 1 1 1 1 1 1 1 1 1 1 1 1 1 1 1 1 1 1 1 1 1 1 100 1 1 15 10 100 12 1 1 1 16 15 10 12 16 1 1 1 1 1 1 1 100 1 100 1 1
ciInstanceKlass java/lang/StackStreamFactory$AbstractStackWalker 1 0 306 100 1 100 1 3 10 100 12 1 1 1 10 100 12 1 1 10 100 12 1 1 1 9 12 1 1 10 12 1 1 9 12 1 1 9 12 1 1 9 12 1 1 9 12 1 9 100 12 1 1 1 10 100 12 1 1 1 10 12 1 1 9 12 1 1 10 100 12 1 1 1 10 12 1 1 9 12 1 1 9 100 12 1 1 1 100 1 10 8 1 10 12 1 1 10 12 1 8 1 10 12 1 1 10 100 12 1 1 1 100 1 8 1 10 12 1 8 1 10 12 9 100 12 1 1 1 10 100 12 1 1 9 12 1 8 1 5 0 8 1 8 1 9 12 1 1 10 12 1 1 10 12 1 1 10 12 1 9 12 1 10 12 1 10 12 1 10 12 1 10 12 1 1 10 12 1 10 12 1 1 8 1 10 12 1 10 12 1 10 12 1 10 12 1 1 8 1 10 12 1 1 10 12 1 1 10 12 1 1 10 12 1 10 12 1 10 100 12 1 1 1 9 12 1 8 1 10 12 1 10 12 1 10 12 1 10 12 1 10 12 1 10 12 1 10 12 1 1 10 12 1 1 10 12 1 1 10 12 1 8 1 1 1 1 1 1 1 1 1 1 1 1 1 1 1 1 1 1 100 1 1 1 1 100 1 1 1 1 1 1 1 1 1 1 1 1 1 1 1 1 1 1 1 1 1
ciInstanceKlass jdk/internal/module/Modules 1 1 504 10 100 12 1 1 1 9 7 12 1 1 1 11 7 12 1 1 1 11 12 1 1 11 12 1 1 11 12 1 1 11 12 1 11 12 1 11 12 1 11 12 1 11 12 1 1 10 100 12 1 1 1 10 100 12 1 1 1 18 12 1 1 10 100 12 1 1 1 100 1 10 100 12 1 1 1 10 100 12 1 1 1 10 100 12 1 1 10 12 1 1 11 12 1 9 12 1 1 11 100 12 1 1 1 10 12 1 1 10 10 12 1 10 9 12 1 1 10 100 12 1 1 10 12 1 1 10 100 12 1 1 100 1 11 100 12 1 1 1 10 100 12 1 1 1 11 100 12 1 1 10 12 1 1 10 100 12 1 1 10 100 12 1 1 1 10 12 1 1 10 12 1 1 11 12 1 1 18 12 1 1 11 100 12 1 1 10 100 12 1 1 1 11 100 12 1 1 1 100 1 11 12 1 1 11 100 12 1 1 1 11 12 1 1 10 12 1 1 10 100 12 1 1 18 12 1 1 11 12 1 1 18 12 1 1 11 12 1 1 10 12 1 18 18 10 12 1 1 9 12 1 1 11 100 12 1 1 1 100 1 10 11 12 1 11 12 1 1 11 12 1 1 10 100 1 10 12 1 1 10 100 12 1 1 10 12 1 1 11 12 10 12 1 1 100 1 10 18 12 1 10 12 1 1 100 1 8 1 10 12 1 10 100 12 1 1 18 12 1 11 11 12 10 12 1 10 10 100 1 18 12 1 10 10 10 7 12 1 1 10 7 12 1 1 1 10 12 1 1 1 1 1 1 1 1 1 1 1 1 1 1 1 1 1 1 1 1 1 1 1 1 1 1 1 1 1 1 1 1 1 100 1 1 1 1 1 1 1 1 1 1 1 1 1 1 1 1 1 1 1 1 1 1 1 1 1 1 1 1 1 1 1 1 1 1 1 100 1 1 1 1 1 1 1 1 1 1 1 1 1 1 1 1 1 1 1 1 1 1 1 15 10 100 12 1 1 1 16 15 10 12 1 16 16 15 10 12 1 16 1 16 1 15 10 12 1 16 1 16 1 15 10 12 16 1 15 10 16 1 15 10 12 16 1 15 10 12 16 15 10 12 16 15 10 12 1 1 1 100 1 100 1 1
staticfield jdk/internal/module/Modules JLA Ljdk/internal/access/JavaLangAccess; java/lang/System$2
staticfield jdk/internal/module/Modules JLMA Ljdk/internal/access/JavaLangModuleAccess; java/lang/module/ModuleDescriptor$1
staticfield jdk/internal/module/Modules $assertionsDisabled Z 1
ciInstanceKlass java/lang/invoke/Invokers$Holder 1 1 99 1 100 1 100 1 1 1 1 1 1 1 7 1 7 1 7 1 1 12 10 1 1 12 10 1 1 12 10 1 1 100 1 1 12 9 1 1 1 12 10 1 1 1 12 10 1 1 12 10 1 1 1 12 10 1 1 100 1 1 12 10 1 1 12 10 1 1 12 10 1 12 10 1 1 12 10 1 1 12 10 1 12 10 1 12 10 12 10 1 1 12 10 1 12 10 1 1 1
ciMethod java/lang/invoke/Invokers$Holder linkToTargetMethod (Ljava/lang/Object;)Ljava/lang/Object; 1024 0 7185994 0 -1
ciInstanceKlass java/util/Comparator 1 1 288 10 100 12 1 1 1 10 7 12 1 1 1 18 12 1 1 7 1 7 1 11 12 1 1 11 12 1 11 12 1 11 12 1 1 11 12 1 1 11 12 1 1 10 12 1 9 100 12 1 1 1 100 1 10 12 1 1 18 12 1 18 12 18 12 18 12 18 12 10 100 12 1 1 1 10 100 12 1 1 1 8 1 10 12 1 1 8 1 8 1 8 1 8 1 8 1 10 12 1 10 12 1 8 10 100 1 10 12 1 8 10 12 1 8 1 10 12 1 10 12 1 8 1 10 12 1 1 100 1 8 1 100 1 8 1 8 1 100 1 8 1 8 1 7 1 100 1 8 1 10 12 1 11 12 1 1 10 100 12 1 1 11 12 1 1 10 100 12 1 1 11 12 1 1 10 7 12 1 1 11 12 1 100 1 11 12 1 11 12 1 1 1 1 1 1 1 1 1 1 1 1 1 1 1 1 1 1 1 1 1 1 1 1 1 1 1 1 1 1 1 1 1 1 1 1 1 1 1 1 1 1 1 1 1 1 1 1 1 1 1 1 1 1 1 1 1 1 1 1 15 10 7 12 1 1 1 16 15 11 12 3 3 15 11 12 15 11 12 15 11 12 15 11 12 15 11 12 1 100 1 1 1 100 1 100 1 1
ciInstanceKlass java/util/LinkedList$Node 1 1 39 10 7 12 1 1 1 9 7 12 1 1 1 9 12 1 1 9 12 1 1 1 1 1 1 1 1 1 1 1 1 1 1 1 1 100 1 1 1
ciInstanceKlass java/util/LinkedList 1 1 330 10 7 12 1 1 1 9 7 12 1 1 1 10 10 12 1 1 9 12 1 1 7 1 10 12 1 9 12 1 9 12 1 9 12 1 9 12 1 9 12 1 1 100 1 10 10 12 1 1 10 12 1 10 12 1 1 10 12 1 10 12 1 1 10 12 1 10 7 12 1 1 1 10 12 1 10 12 1 1 11 7 12 1 1 1 10 12 1 1 10 12 1 10 12 1 1 100 1 10 8 1 10 12 1 1 10 12 1 8 1 10 12 1 1 10 12 1 1 100 1 10 12 1 1 10 12 1 10 12 1 10 12 1 1 10 12 1 10 12 1 10 12 1 10 12 1 10 12 1 7 1 10 12 1 100 1 10 12 1 10 12 1 100 1 100 1 10 12 1 10 12 1 1 10 12 1 1 10 100 12 1 1 10 100 12 1 1 1 100 1 10 100 12 1 1 10 12 1 10 12 1 10 100 12 1 1 10 12 1 1 10 12 1 100 1 10 12 1 100 1 100 1 100 1 100 1 1 1 1 1 1 5 0 1 1 1 1 1 1 1 1 1 1 1 1 1 1 1 1 1 1 1 1 1 1 1 1 1 1 1 1 1 1 1 1 1 1 1 1 1 1 1 1 1 1 1 1 1 1 1 1 1 1 1 1 1 1 1 1 1 1 1 1 1 1 1 1 1 1 1 1 1 1 1 1 1 1 1 1 1 1 100 1 1 1 100 1 1 1 1 1 1 1 1 1 1 1 1 1
instanceKlass java/util/LinkedList
ciInstanceKlass java/util/AbstractSequentialList 1 1 110 10 7 12 1 1 1 10 7 12 1 1 1 11 100 12 1 1 1 100 1 100 1 100 1 10 8 1 10 12 1 1 10 12 1 10 12 1 1 10 12 1 11 12 1 1 11 12 1 11 12 1 11 100 12 1 1 1 11 100 12 1 1 1 11 10 12 1 1 1 1 1 1 1 1 1 1 1 1 1 1 1 1 1 1 1 1 1 1 1 1 1 1 1 1 1 1 1 1 1 1 1 1 1 1 1 1 1 1 1
ciMethod java/util/LinkedList size ()I 256 0 128 0 0
ciMethod java/util/LinkedList get (I)Ljava/lang/Object; 4194 0 1640846 0 352
ciMethod java/util/LinkedList node (I)Ljava/util/LinkedList$Node; 4144 0 73762 0 256
ciInstanceKlass java/util/IdentityHashMap 1 1 397 9 7 12 1 1 1 10 7 12 1 1 1 10 12 1 1 100 1 100 1 10 8 1 10 12 1 1 10 12 1 10 12 1 1 10 12 1 10 12 1 1 3 3 10 7 12 1 1 7 1 9 12 1 1 11 7 12 1 1 1 6 0 10 12 10 12 1 1 9 12 1 10 7 12 1 1 1 10 12 1 1 10 12 1 1 10 12 1 1 10 12 1 1 9 12 1 3 3 100 1 8 1 10 11 12 1 1 11 7 12 1 1 1 11 7 12 1 1 1 11 12 1 1 7 1 11 12 1 11 12 1 10 12 1 1 10 12 1 10 10 12 1 1 10 11 12 1 1 10 12 1 10 12 1 9 12 1 10 100 100 1 100 1 10 12 1 9 12 1 7 1 10 12 1 9 12 1 1 7 1 10 7 1 10 10 100 12 1 1 10 12 1 10 12 1 1 10 100 12 1 1 1 10 12 1 100 1 8 1 10 10 100 12 1 1 1 11 100 12 1 1 1 10 12 1 10 12 1 1 10 10 100 12 1 1 11 100 12 1 1 100 1 10 11 100 12 1 1 10 100 1 100 1 1 1 3 1 3 1 1 1 1 1 5 0 1 1 1 1 1 1 1 1 1 1 1 1 1 1 1 1 1 1 1 1 1 1 1 1 1 1 1 1 1 1 1 1 1 1 1 1 1 1 1 1 1 1 1 1 1 1 1 1 1 1 1 1 1 1 1 1 1 1 1 1 1 100 1 1 1 1 1 1 1 100 1 1 1 1 100 1 1 1 1 1 1 1 1 1 1 1 1 1 1 1 1 1 1 1 1 1 1 100 1 100 1 100 1 100 1 100 1 100 1 100 1 100 1 100 1 1 1 1 1 1 100 1 1 1 1 1 1 1 1 1 1
staticfield java/util/IdentityHashMap NULL_KEY Ljava/lang/Object; java/lang/Object
ciMethod java/util/IdentityHashMap isEmpty ()Z 4106 0 91364 0 -1
ciInstanceKlass java/util/function/BiFunction 1 1 65 10 100 12 1 1 1 18 12 1 1 11 100 12 1 1 11 100 12 1 100 1 1 1 1 1 1 1 1 1 1 1 1 1 1 1 1 1 1 1 1 1 1 1 1 1 1 1 15 10 100 12 1 1 1 16 15 11 12 1 100 1 100 1 1
instanceKlass java/util/ArrayList$ListItr
ciInstanceKlass java/util/ArrayList$Itr 1 1 103 9 7 12 1 1 1 10 7 12 1 1 1 9 12 1 1 9 7 12 1 1 9 12 1 9 12 1 9 12 1 10 12 1 100 1 10 9 12 1 1 100 1 10 100 1 10 10 12 1 1 100 1 10 100 12 1 1 1 10 12 1 1 11 100 12 1 1 1 100 1 1 1 1 1 1 1 1 1 1 1 1 1 1 1 100 1 1 1 1 1 1 1 1 1 1 1 1 1 1 1 1 1
ciMethod java/util/ArrayList$Itr hasNext ()Z 512 0 734492 0 -1
ciMethod java/util/ArrayList$Itr next ()Ljava/lang/Object; 512 0 11066 0 -1
ciMethod java/util/ArrayList$Itr <init> (Ljava/util/ArrayList;)V 368 0 3560640 0 -1
ciMethod java/util/ArrayList$Itr checkForComodification ()V 510 0 11078 0 -1
ciInstanceKlass java/util/ListIterator 1 0 27 100 1 100 1 100 1 1 1 1 1 1 1 1 1 1 1 1 1 1 1 1 1 1 1 1 1
ciMethod java/util/ListIterator add (Ljava/lang/Object;)V 0 0 1 0 -1
ciMethod java/util/ListIterator hasNext ()Z 0 0 1 0 -1
ciMethod java/util/ListIterator next ()Ljava/lang/Object; 0 0 1 0 -1
ciInstanceKlass java/util/Collections$SetFromMap 1 1 181 10 7 12 1 1 1 11 7 12 1 1 1 100 1 8 1 10 12 1 9 7 12 1 1 1 11 12 1 1 9 12 1 1 11 12 1 11 12 1 1 11 12 1 1 11 12 1 1 9 7 12 1 1 1 11 12 1 1 11 7 12 1 1 1 11 12 1 1 11 12 1 10 100 12 1 1 1 11 12 1 11 12 1 11 12 1 1 11 12 1 11 12 1 11 12 1 1 11 12 1 1 11 12 1 1 11 12 1 1 11 12 1 10 100 12 1 1 100 1 1 1 1 1 1 1 5 0 1 1 1 1 1 1 1 1 1 1 1 1 1 1 1 1 1 1 1 1 1 1 1 1 1 1 1 1 1 1 1 1 1 1 1 1 1 1 1 1 1 100 1 100 1 1 1 1 1 100 1 1 1
ciMethod java/util/LinkedList isElementIndex (I)Z 540 0 1639605 0 0
ciMethod java/util/LinkedList checkElementIndex (I)V 988 0 1639803 0 0
ciMethod jdk/internal/util/Preconditions checkIndex (IILjava/util/function/BiFunction;)I 554 0 4809616 0 -1
ciMethod java/util/AbstractList <init> ()V 522 0 3357093 0 64
ciMethod java/util/List add (Ljava/lang/Object;)Z 0 0 1 0 -1
ciMethod java/util/List get (I)Ljava/lang/Object; 0 0 1 0 -1
ciMethod java/util/List size ()I 0 0 1 0 -1
ciMethod java/util/List iterator ()Ljava/util/Iterator; 0 0 1 0 -1
ciMethod java/util/List set (ILjava/lang/Object;)Ljava/lang/Object; 0 0 1 0 -1
ciMethod java/lang/Iterable iterator ()Ljava/util/Iterator; 0 0 1 0 -1
ciMethod java/util/Arrays copyOf ([Ljava/lang/Object;I)[Ljava/lang/Object; 66 0 412330 0 704
ciMethod java/util/Arrays copyOf ([Ljava/lang/Object;ILjava/lang/Class;)[Ljava/lang/Object; 176 0 84402 0 -1
ciMethod java/lang/Math ceil (D)D 514 0 447932 0 -1
ciMethod java/lang/Math max (JJ)J 512 0 295933 0 0
ciMethod java/lang/Math max (II)I 1024 0 941452 0 -1
ciMethod java/lang/Math min (JJ)J 1774 0 272485 0 0
ciMethod java/lang/Math min (II)I 518 0 801629 0 -1
ciMethod java/util/Map$Entry getKey ()Ljava/lang/Object; 0 0 1 0 -1
ciMethod java/util/Map$Entry getValue ()Ljava/lang/Object; 0 0 1 0 -1
ciMethod java/util/Set contains (Ljava/lang/Object;)Z 0 0 1 0 -1
ciMethod java/util/Set iterator ()Ljava/util/Iterator; 0 0 1 0 -1
ciMethod java/util/Set size ()I 0 0 1 0 -1
ciMethod java/util/Set isEmpty ()Z 0 0 1 0 -1
ciMethod java/util/Set clear ()V 0 0 1 0 -1
ciMethod java/util/Map entrySet ()Ljava/util/Set; 0 0 1 0 -1
ciMethod java/util/Map size ()I 0 0 1 0 -1
ciMethod java/util/ArrayList sort (Ljava/util/Comparator;)V 4266 0 25626 0 -1
ciMethod java/util/ArrayList iterator ()Ljava/util/Iterator; 368 0 3553053 0 -1
ciMethod java/util/ArrayList toArray ([Ljava/lang/Object;)[Ljava/lang/Object; 514 0 81987 0 -1
ciMethod java/util/ArrayList size ()I 770 0 385 0 0
ciMethod java/util/ArrayList isEmpty ()Z 512 0 1191640 0 -1
ciMethod java/util/ArrayList clear ()V 512 0 14801 0 -1
ciMethod java/util/ArrayList get (I)Ljava/lang/Object; 1024 0 4277566 0 192
ciMethod java/util/ArrayList add (Ljava/lang/Object;)Z 512 0 4527335 0 2016
ciMethod java/util/ArrayList <init> ()V 672 0 2137738 0 -1
ciMethod java/util/ArrayList <init> (I)V 4098 0 46225 0 800
ciMethod java/util/ArrayList add (Ljava/lang/Object;[Ljava/lang/Object;I)V 510 0 4532977 0 0
ciMethod java/util/ArrayList elementData (I)Ljava/lang/Object; 1024 0 4381338 0 0
ciMethod java/util/ArrayList grow (I)[Ljava/lang/Object; 46 0 7210 0 928
ciMethod java/util/ArrayList grow ()[Ljava/lang/Object; 46 0 841033 0 0
ciMethod java/util/Iterator hasNext ()Z 0 0 1 0 -1
ciMethod java/util/Iterator next ()Ljava/lang/Object; 0 0 1 0 -1
ciMethod java/lang/Object getClass ()Ljava/lang/Class; 256 0 128 0 -1
ciMethod java/lang/Object <init> ()V 1024 0 35240397 0 64
instanceKlass com/android/tools/r8/graph/J0$b$a
instanceKlass com/android/tools/r8/graph/J0$b
instanceKlass com/android/tools/r8/graph/J0$a
instanceKlass com/android/tools/r8/graph/t0
instanceKlass com/android/tools/r8/graph/e1
instanceKlass com/android/tools/r8/graph/v5
instanceKlass com/android/tools/r8/graph/r0
instanceKlass com/android/tools/r8/graph/L2
instanceKlass com/android/tools/r8/graph/O0
instanceKlass com/android/tools/r8/graph/E
instanceKlass com/android/tools/r8/graph/O2
instanceKlass com/android/tools/r8/graph/b1
ciInstanceKlass com/android/tools/r8/graph/n1 1 1 68 1 8 1 1 100 1 7 1 1 12 10 1 1 1 16 1 12 10 15 1 16 1 100 1 1 12 10 15 1 1 12 18 1 100 1 100 12 11 1 1 12 10 15 18 1 100 1 1 12 11 1 12 10 1 1 1 12 10 1 1 1 1 1 1 1 1 1
instanceKlass com/android/tools/r8/graph/h1
instanceKlass com/android/tools/r8/graph/E0
ciInstanceKlass com/android/tools/r8/graph/b1 1 1 193 1 8 1 1 7 1 7 1 1 1 1 1 1 1 1 12 10 1 100 1 12 10 1 100 1 1 12 11 1 100 1 1 1 1 12 10 1 100 1 12 10 1 12 10 12 9 1 1 1 1 1 1 1 12 10 1 1 1 12 10 1 1 16 12 10 15 1 16 1 100 1 1 12 10 15 1 12 18 1 12 10 1 1 1 1 1 1 1 1 1 1 100 1 1 1 1 1 1 1 1 1 12 10 12 10 1 100 1 1 12 9 12 10 1 100 1 12 10 1 100 1 1 12 10 12 9 1 100 1 8 1 12 10 1 1 16 12 10 15 1 16 1 1 12 18 1 12 10 15 1 16 1 12 18 1 100 1 1 12 11 1 1 12 11 12 10 15 18 12 10 15 18 12 10 1 100 12 11 12 10 1 1 7 1 12 10 1 1 1 1 1 1
staticfield com/android/tools/r8/graph/b1 c Z 1
ciInstanceKlass com/android/tools/r8/internal/ru 1 1 37 1 8 1 1 7 1 1 7 1 1 1 1 7 1 12 9 1 100 1 1 12 10 1 1 12 10 1 1 12 11 1 1 1 1 1 1
ciInstanceKlass com/android/tools/r8/internal/E20 1 1 57 1 8 1 1 7 1 1 100 1 100 1 100 1 1 1 1 1 12 11 1 1 1 1 7 1 1 12 9 1 1 1 1 1 100 1 12 10 12 11 1 1 1 12 11 12 11 1 1 12 11 1 1 1 1 1 1
instanceKlass com/android/tools/r8/graph/W0
instanceKlass com/android/tools/r8/graph/i0
instanceKlass com/android/tools/r8/graph/u0
instanceKlass com/android/tools/r8/graph/Z3
ciInstanceKlass com/android/tools/r8/graph/E 1 1 67 1 8 1 1 7 1 7 1 1 1 1 1 1 12 10 12 9 1 1 7 1 1 12 10 12 9 1 1 1 1 12 10 1 1 12 10 1 1 1 12 10 1 1 1 100 1 8 1 100 1 1 12 10 15 1 12 18 1 12 10 1 1 1 1 1 1
staticfield com/android/tools/r8/graph/E c Z 1
instanceKlass com/android/tools/r8/graph/D0
instanceKlass com/android/tools/r8/graph/z2
instanceKlass com/android/tools/r8/graph/F2
instanceKlass com/android/tools/r8/graph/I2
instanceKlass com/android/tools/r8/graph/G2
ciInstanceKlass com/android/tools/r8/graph/Z3 1 1 33 1 8 1 1 7 1 7 1 1 1 1 12 10 1 1 7 1 1 12 10 12 9 1 1 1 100 10 1 1 1 1 1
staticfield com/android/tools/r8/graph/Z3 d Z 1
instanceKlass com/android/tools/r8/graph/J2
instanceKlass com/android/tools/r8/graph/s2
ciInstanceKlass com/android/tools/r8/graph/G2 1 1 79 1 8 1 1 7 1 7 1 100 1 1 1 1 12 10 1 1 1 100 1 1 12 10 1 100 1 1 12 10 1 100 1 1 12 11 1 1 12 10 1 1 12 10 1 12 10 1 1 12 10 1 100 10 1 1 7 1 12 10 12 9 1 1 1 1 1 1 1 1 1 1 1 1 1 1 1 1 1
staticfield com/android/tools/r8/graph/G2 e Z 1
instanceKlass com/android/tools/r8/graph/x2
instanceKlass com/android/tools/r8/graph/l1
ciInstanceKlass com/android/tools/r8/graph/s2 1 1 129 1 8 1 1 7 1 1 7 1 100 1 1 1 1 1 1 1 1 1 12 10 12 9 1 100 10 1 100 1 100 12 9 12 9 1 1 1 12 10 1 1 7 1 1 12 10 1 1 1 1 1 1 1 1 1 1 1 1 1 1 1 1 12 10 1 16 12 10 15 1 16 1 100 1 1 12 10 15 1 1 12 18 1 100 1 12 10 1 12 10 1 100 1 12 10 1 100 1 1 12 11 1 1 1 12 10 1 1 1 1 1 1 1 1 1 100 1 8 1 1 12 10 1 1 1 8 1 1
staticfield com/android/tools/r8/graph/s2 h Z 1
instanceKlass com/android/tools/r8/internal/xc0
instanceKlass com/android/tools/r8/internal/aB
instanceKlass com/android/tools/r8/internal/bB
instanceKlass com/android/tools/r8/internal/uc0
instanceKlass com/android/tools/r8/internal/rk0
instanceKlass com/android/tools/r8/internal/OA
ciInstanceKlass com/android/tools/r8/internal/cB 1 1 248 1 8 1 1 7 1 7 1 7 1 7 1 1 1 1 1 1 12 10 1 7 1 7 1 1 12 10 1 1 12 10 1 1 1 7 1 1 12 10 1 1 12 11 1 7 1 12 11 1 1 1 7 11 1 1 12 10 1 1 12 10 1 1 1 12 10 1 7 1 12 9 1 7 12 10 1 12 10 1 100 10 1 1 1 100 1 12 10 1 1 1 1 1 1 1 1 1 1 1 1 16 15 1 100 1 1 12 10 15 1 1 12 18 1 100 1 12 10 1 7 1 12 10 1 7 1 12 10 1 12 11 1 100 1 1 12 11 1 1 12 11 1 12 10 1 1 12 10 1 1 1 1 1 7 1 12 10 1 1 12 10 1 1 1 1 1 1 1 1 3 1 8 1 7 1 1 12 10 1 100 1 100 1 12 10 1 12 10 1 12 10 1 12 9 1 1 12 10 1 7 1 12 11 10 1 1 1 7 1 12 10 1 1 1 1 1 7 1 1 12 10 100 1 12 10 1 7 1 1 12 10 1 1 1 1 1 1 1 100 1 8 1 1 12 10 1 1
staticfield com/android/tools/r8/internal/cB c I 0
ciInstanceKlass com/android/tools/r8/internal/Os0 0 0 21 1 8 1 1 100 1 100 1 1 12 10 1 12 10 1 12 10 1 1 1
ciInstanceKlass com/android/tools/r8/internal/rk0 1 1 93 1 8 1 1 7 1 7 1 1 1 1 1 12 10 1 7 1 1 12 10 12 9 1 1 1 7 1 1 12 10 1 1 1 7 12 10 1 1 1 7 1 1 12 10 1 7 12 11 1 1 1 1 1 12 10 1 100 1 12 9 1 1 1 100 1 8 1 12 10 12 10 1 1 12 10 1 12 10 10 1 1 1 1 12 10 1 12 10 1 1 1 1
ciInstanceKlass com/android/tools/r8/internal/uc0 1 1 62 1 8 1 1 7 1 7 1 1 1 1 1 1 1 12 10 12 9 1 1 7 12 10 12 9 1 1 1 1 1 1 1 1 1 1 7 1 1 12 10 1 1 1 1 1 7 1 12 10 1 1 1 7 1 12 10 1 1 1 1 1
staticfield com/android/tools/r8/internal/uc0 e Lcom/android/tools/r8/internal/uc0; com/android/tools/r8/internal/uc0
ciInstanceKlass com/android/tools/r8/internal/lz 1 1 41 1 8 1 1 7 1 7 1 1 5 0 1 7 1 1 12 10 5 0 1 1 1 12 10 12 10 1 1 7 1 12 10 1 12 10 3 1 1 1 1
ciInstanceKlass com/android/tools/r8/graph/J2 1 1 442 1 8 1 1 7 1 1 7 1 100 1 1 1 1 1 1 1 1 1 1 1 1 12 9 1 1 12 10 1 100 1 1 12 10 1 1 12 10 1 7 1 1 12 10 1 8 1 100 1 12 10 1 1 12 10 1 1 1 1 1 12 10 1 1 1 100 1 1 12 10 1 1 1 1 12 10 1 1 1 100 1 12 10 1 100 1 12 10 1 1 1 7 1 1 12 10 1 1 12 10 1 100 1 12 11 1 12 10 1 1 1 100 10 1 1 7 1 12 10 1 1 7 1 12 10 1 1 12 9 1 1 1 12 10 1 12 10 1 1 7 1 12 10 1 1 1 12 10 1 1 100 1 12 10 1 100 1 12 10 1 1 100 1 12 10 1 12 10 1 1 12 9 1 100 1 12 10 1 12 10 1 100 1 12 10 1 12 10 10 1 7 1 12 10 1 1 12 10 1 1 12 10 1 1 7 1 1 12 11 1 1 100 1 1 12 11 1 1 12 10 12 9 1 7 1 1 12 9 1 7 1 12 10 1 7 1 12 10 1 1 1 12 9 1 1 1 100 11 1 1 12 10 1 100 1 12 10 1 12 11 1 1 100 1 12 9 1 12 10 1 1 12 10 1 1 1 1 1 1 1 1 1 1 12 9 1 1 12 10 12 10 12 10 1 12 10 12 10 1 12 10 1 8 1 100 1 1 12 10 15 1 12 18 1 12 10 1 1 12 10 1 1 12 9 1 7 1 1 12 10 1 12 10 1 12 10 1 1 1 1 8 1 12 10 1 8 1 12 18 1 12 10 1 8 18 1 12 10 1 12 10 1 1 12 10 1 12 10 1 12 10 1 12 10 1 1 1 1 1 10 1 8 1 1 12 10 1 8 12 18 12 10 1 1 7 1 12 10 12 9 1 8 1 8 1 8 1 8 1 8 1 8 1 8 1 8 1 8 1 7 1 12 10 1 7 1 12 10 12 9 1 1 12 10 1 1 1 1 1 1 1
staticfield com/android/tools/r8/graph/J2 h [Lcom/android/tools/r8/graph/J2; 0 [Lcom/android/tools/r8/graph/J2;
staticfield com/android/tools/r8/graph/J2 i Lcom/android/tools/r8/internal/cB; com/android/tools/r8/internal/uc0
staticfield com/android/tools/r8/graph/J2 j Z 1
ciInstanceKlass com/android/tools/r8/utils/w$g 1 1 52 1 8 1 1 7 1 1 7 1 100 1 1 1 1 1 1 1 1 12 9 100 1 1 12 10 1 1 1 12 10 1 1 1 8 12 10 12 9 1 8 12 9 1 1 1 1 1 1 1 1 1
staticfield com/android/tools/r8/utils/w$g b Lcom/android/tools/r8/utils/w$g; com/android/tools/r8/utils/w$g
staticfield com/android/tools/r8/utils/w$g c Lcom/android/tools/r8/utils/w$g; com/android/tools/r8/utils/w$g
staticfield com/android/tools/r8/utils/w$g d [Lcom/android/tools/r8/utils/w$g; 2 [Lcom/android/tools/r8/utils/w$g;
ciInstanceKlass com/android/tools/r8/internal/U5 1 0 64 1 8 1 1 100 1 100 1 100 1 1 1 1 100 1 8 1 1 12 10 1 1 1 8 1 1 8 1 1 1 8 1 1 1 8 1 1 1 8 1 1 1 8 1 1 1 8 1 1 1 8 1 1 1 8 1 1 1 8 1 1 8 1
ciInstanceKlass com/android/tools/r8/internal/A2 1 1 287 1 8 1 1 7 1 1 7 1 7 1 100 1 1 1 1 1 1 1 1 1 1 1 1 1 1 1 1 1 1 1 1 1 1 1 1 1 1 1 1 1 1 1 1 1 1 1 1 1 1 1 1 1 1 1 1 1 1 1 12 9 7 1 1 12 10 1 1 1 12 10 12 9 1 12 9 1 1 1 12 10 1 100 1 1 12 10 1 12 9 1 100 1 12 10 12 9 12 9 12 9 1 12 11 12 9 12 9 12 9 12 9 12 9 12 9 12 9 12 9 12 9 12 9 12 9 12 9 12 9 12 9 12 9 12 9 12 9 12 9 12 9 12 9 12 9 12 9 12 9 12 9 12 9 12 9 12 9 12 9 12 9 12 9 12 9 12 9 12 9 12 9 1 1 7 1 1 12 10 8 12 10 1 8 8 8 8 1 8 1 8 8 8 1 8 8 1 8 1 8 8 1 8 8 1 8 1 8 8 1 8 8 1 8 8 8 1 8 8 1 8 8 8 8 1 8 1 8 1 8 1 8 1 8 1 8 1 8 3 12 9 12 9 1 1 1 12 10 1 8 1 100 1 1 12 10 15 1 12 18 1 1 12 11 1 1 7 1 12 10 12 10 12 10 1 1 1 12 10 1 1 1 1 1 1 1
staticfield com/android/tools/r8/internal/A2 c Lcom/android/tools/r8/internal/A2; com/android/tools/r8/internal/A2
staticfield com/android/tools/r8/internal/A2 d Lcom/android/tools/r8/internal/A2; com/android/tools/r8/internal/A2
staticfield com/android/tools/r8/internal/A2 e Lcom/android/tools/r8/internal/A2; com/android/tools/r8/internal/A2
staticfield com/android/tools/r8/internal/A2 f Lcom/android/tools/r8/internal/A2; com/android/tools/r8/internal/A2
staticfield com/android/tools/r8/internal/A2 g Lcom/android/tools/r8/internal/A2; com/android/tools/r8/internal/A2
staticfield com/android/tools/r8/internal/A2 h Lcom/android/tools/r8/internal/A2; com/android/tools/r8/internal/A2
staticfield com/android/tools/r8/internal/A2 i Lcom/android/tools/r8/internal/A2; com/android/tools/r8/internal/A2
staticfield com/android/tools/r8/internal/A2 j Lcom/android/tools/r8/internal/A2; com/android/tools/r8/internal/A2
staticfield com/android/tools/r8/internal/A2 k Lcom/android/tools/r8/internal/A2; com/android/tools/r8/internal/A2
staticfield com/android/tools/r8/internal/A2 l Lcom/android/tools/r8/internal/A2; com/android/tools/r8/internal/A2
staticfield com/android/tools/r8/internal/A2 m Lcom/android/tools/r8/internal/A2; com/android/tools/r8/internal/A2
staticfield com/android/tools/r8/internal/A2 n Lcom/android/tools/r8/internal/A2; com/android/tools/r8/internal/A2
staticfield com/android/tools/r8/internal/A2 o Lcom/android/tools/r8/internal/A2; com/android/tools/r8/internal/A2
staticfield com/android/tools/r8/internal/A2 p Lcom/android/tools/r8/internal/A2; com/android/tools/r8/internal/A2
staticfield com/android/tools/r8/internal/A2 q Lcom/android/tools/r8/internal/A2; com/android/tools/r8/internal/A2
staticfield com/android/tools/r8/internal/A2 r Lcom/android/tools/r8/internal/A2; com/android/tools/r8/internal/A2
staticfield com/android/tools/r8/internal/A2 s Lcom/android/tools/r8/internal/A2; com/android/tools/r8/internal/A2
staticfield com/android/tools/r8/internal/A2 t Lcom/android/tools/r8/internal/A2; com/android/tools/r8/internal/A2
staticfield com/android/tools/r8/internal/A2 u Lcom/android/tools/r8/internal/A2; com/android/tools/r8/internal/A2
staticfield com/android/tools/r8/internal/A2 v Lcom/android/tools/r8/internal/A2; com/android/tools/r8/internal/A2
staticfield com/android/tools/r8/internal/A2 w Lcom/android/tools/r8/internal/A2; com/android/tools/r8/internal/A2
staticfield com/android/tools/r8/internal/A2 x Lcom/android/tools/r8/internal/A2; com/android/tools/r8/internal/A2
staticfield com/android/tools/r8/internal/A2 y Lcom/android/tools/r8/internal/A2; com/android/tools/r8/internal/A2
staticfield com/android/tools/r8/internal/A2 z Lcom/android/tools/r8/internal/A2; com/android/tools/r8/internal/A2
staticfield com/android/tools/r8/internal/A2 A Lcom/android/tools/r8/internal/A2; com/android/tools/r8/internal/A2
staticfield com/android/tools/r8/internal/A2 B Lcom/android/tools/r8/internal/A2; com/android/tools/r8/internal/A2
staticfield com/android/tools/r8/internal/A2 C Lcom/android/tools/r8/internal/A2; com/android/tools/r8/internal/A2
staticfield com/android/tools/r8/internal/A2 D Lcom/android/tools/r8/internal/A2; com/android/tools/r8/internal/A2
staticfield com/android/tools/r8/internal/A2 E Lcom/android/tools/r8/internal/A2; com/android/tools/r8/internal/A2
staticfield com/android/tools/r8/internal/A2 F Lcom/android/tools/r8/internal/A2; com/android/tools/r8/internal/A2
staticfield com/android/tools/r8/internal/A2 G Lcom/android/tools/r8/internal/A2; com/android/tools/r8/internal/A2
staticfield com/android/tools/r8/internal/A2 H Lcom/android/tools/r8/internal/A2; com/android/tools/r8/internal/A2
staticfield com/android/tools/r8/internal/A2 I Lcom/android/tools/r8/internal/A2; com/android/tools/r8/internal/A2
staticfield com/android/tools/r8/internal/A2 J Lcom/android/tools/r8/internal/A2; com/android/tools/r8/internal/A2
staticfield com/android/tools/r8/internal/A2 K Lcom/android/tools/r8/internal/A2; com/android/tools/r8/internal/A2
staticfield com/android/tools/r8/internal/A2 L Lcom/android/tools/r8/internal/A2; com/android/tools/r8/internal/A2
staticfield com/android/tools/r8/internal/A2 M Lcom/android/tools/r8/internal/A2; com/android/tools/r8/internal/A2
staticfield com/android/tools/r8/internal/A2 N Lcom/android/tools/r8/internal/A2; com/android/tools/r8/internal/A2
staticfield com/android/tools/r8/internal/A2 O Lcom/android/tools/r8/internal/A2; com/android/tools/r8/internal/A2
staticfield com/android/tools/r8/internal/A2 P Lcom/android/tools/r8/internal/A2; com/android/tools/r8/internal/A2
staticfield com/android/tools/r8/internal/A2 Q [Lcom/android/tools/r8/internal/A2; 37 [Lcom/android/tools/r8/internal/A2;
staticfield com/android/tools/r8/internal/A2 R Z 1
instanceKlass com/android/tools/r8/internal/Ry
instanceKlass com/android/tools/r8/internal/lB
ciInstanceKlass com/android/tools/r8/internal/UA 1 1 33 1 8 1 1 7 1 7 1 100 1 1 1 1 1 1 12 10 12 9 12 9 1 1 1 1 1 1 100 10 1 1 1
ciInstanceKlass com/android/tools/r8/internal/T40 1 1 68 1 8 1 1 100 1 7 1 1 1 100 1 100 1 100 1 12 10 1 1 12 10 1 1 100 1 100 1 1 12 10 1 8 1 8 1 12 10 1 8 10 1 1 1 12 10 1 1 8 1 8 1 8 1 100 1 12 10 1 8 1 1 8 1 1 1 1
ciInstanceKlass com/android/tools/r8/graph/B1 1 1 2995 1 8 1 1 7 1 7 1 100 1 7 1 7 1 7 1 7 1 7 1 7 1 7 1 7 1 7 1 7 1 7 1 7 1 7 1 7 1 7 1 7 1 7 1 7 1 7 1 7 1 7 1 7 1 7 1 7 1 7 1 7 1 7 1 7 1 7 1 7 1 7 1 7 1 7 1 7 1 7 1 7 1 7 1 7 1 7 1 7 1 7 1 7 1 7 1 7 1 7 1 7 1 7 1 7 1 7 1 7 1 7 1 7 1 7 1 7 1 100 1 7 1 100 1 1 1 1 1 7 1 100 1 7 1 100 1 100 1 100 1 1 1 1 1 1 1 1 1 1 1 1 1 1 1 1 1 1 1 1 1 1 1 1 1 1 1 1 1 1 1 1 1 1 1 1 1 1 1 1 1 1 1 1 1 1 1 1 1 1 1 1 1 1 1 1 1 1 1 1 1 1 1 1 1 1 1 1 1 1 1 1 1 1 1 1 1 1 1 1 1 1 1 1 1 1 1 1 1 1 1 1 1 1 1 1 1 1 1 1 1 1 1 1 1 1 1 1 1 1 1 1 1 1 1 1 1 1 1 1 1 1 1 1 1 1 1 1 1 1 1 1 1 1 1 1 1 1 1 1 1 1 1 1 1 1 1 1 1 1 1 1 1 1 1 1 1 1 1 1 1 1 1 1 1 1 1 1 1 1 1 1 1 1 1 1 1 1 1 1 1 1 1 1 1 1 1 1 1 1 1 1 1 1 1 1 1 1 1 1 1 1 1 1 1 1 1 1 1 1 1 1 1 1 1 1 1 1 1 1 1 1 1 1 1 1 1 1 1 1 1 1 1 1 1 1 1 1 1 1 1 1 1 1 1 1 1 1 1 1 1 1 1 1 1 1 1 1 1 1 1 1 1 1 1 1 1 1 1 1 1 1 1 1 1 1 1 1 1 1 1 1 1 1 1 1 1 1 1 1 1 1 1 1 1 1 1 1 1 1 1 1 1 1 1 1 1 1 1 1 1 1 1 1 1 1 1 1 1 1 1 1 1 1 1 1 1 1 1 1 1 1 1 1 1 1 1 1 1 1 1 1 1 1 1 1 1 1 1 1 1 1 1 1 1 1 1 1 1 1 1 1 1 1 1 1 1 1 1 1 1 1 1 1 1 1 1 1 1 1 1 1 1 1 1 1 1 1 1 1 1 1 1 1 1 1 1 1 1 1 1 1 1 1 1 1 1 1 1 1 1 1 1 1 1 1 1 1 1 1 1 1 1 1 1 1 1 1 1 1 1 1 1 1 1 1 1 1 1 1 1 1 1 1 1 1 1 1 1 1 1 16 1 12 10 15 1 16 1 7 1 1 12 10 15 1 1 12 18 1 12 10 1 7 1 12 9 1 100 1 1 12 10 1 7 12 9 1 7 1 12 10 1 7 1 12 10 1 12 10 12 10 12 10 12 10 1 1 12 10 1 12 10 12 9 1 7 1 1 12 10 1 1 12 10 1 1 12 10 12 10 1 12 10 1 12 10 12 9 1 7 1 12 11 1 1 7 12 10 1 7 1 12 10 1 12 10 1 100 12 10 1 7 12 9 1 12 10 1 100 1 12 9 1 100 1 12 10 1 12 10 1 100 12 10 12 9 1 12 10 1 100 1 12 10 1 12 10 1 12 10 1 7 1 7 1 12 10 1 1 100 1 12 11 1 1 7 12 9 12 9 1 12 10 1 100 1 1 12 10 1 1 12 10 1 1 12 10 1 100 1 12 11 1 1 12 10 1 1 7 1 1 12 11 1 12 11 12 9 12 9 1 12 10 1 12 9 1 7 1 12 11 12 9 11 1 100 1 8 1 7 1 1 12 10 15 1 12 18 1 12 10 1 1 1 1 12 10 1 12 10 1 7 10 1 1 12 10 1 12 10 1 8 18 12 9 12 9 12 9 12 9 12 9 12 9 12 9 12 9 12 9 1 12 10 1 7 10 1 1 1 12 10 1 7 1 12 10 1 1 12 11 12 10 15 16 1 12 18 1 7 1 1 12 11 1 7 1 1 12 10 1 1 12 11 1 12 9 1 1 12 9 12 9 1 12 9 1 12 10 1 12 10 10 1 1 1 100 1 7 1 100 10 1 1 12 10 1 12 10 12 10 1 1 12 10 1 8 1 12 10 10 12 11 1 12 10 12 10 1 12 10 12 9 12 9 1 1 12 10 12 9 16 12 10 15 1 16 1 12 18 1 100 10 12 10 15 1 16 1 12 18 1 100 1 12 10 1 12 10 1 1 1 100 10 12 9 1 12 10 1 1 12 11 1 7 1 12 11 1 12 11 1 100 1 12 10 10 1 1 12 11 1 12 10 1 1 100 10 12 10 1 1 1 1 8 1 1 12 10 12 10 1 8 1 12 18 1 1 1 7 1 12 10 12 9 1 1 1 1 100 1 1 12 10 1 1 12 10 1 12 10 12 10 1 1 1 1 7 1 12 10 12 9 1 1 1 1 7 1 12 10 1 12 10 12 10 1 1 1 12 9 1 7 1 1 12 11 7 1 1 1 1 12 10 12 10 1 12 10 1 12 10 12 9 1 1 1 1 1 100 1 1 12 10 1 1 12 11 1 16 12 10 15 1 16 1 1 12 18 1 12 10 10 1 12 10 1 12 10 12 9 1 100 1 1 1 1 7 1 12 10 12 9 1 1 1 1 12 9 1 7 1 1 12 10 1 7 1 12 10 15 1 16 1 12 18 1 1 12 11 1 7 1 100 1 12 9 10 15 1 16 18 1 12 9 10 15 1 16 18 1 12 9 1 7 10 15 1 16 18 1 12 9 1 7 10 15 1 16 18 1 12 9 10 15 16 18 1 7 10 1 12 9 1 7 1 12 10 1 12 10 15 16 18 12 9 12 9 1 12 10 12 9 12 9 1 7 10 1 1 7 1 12 10 1 12 10 1 12 10 12 9 12 9 10 1 12 10 1 7 12 9 1 12 9 1 12 10 1 12 10 12 10 12 10 15 1 16 1 12 18 10 1 1 7 1 12 10 12 9 11 1 7 12 9 1 8 18 1 12 10 12 9 12 10 1 12 10 15 1 12 18 1 12 11 1 100 1 100 10 1 100 1 100 1 12 10 1 12 10 1 12 10 10 1 12 10 1 12 9 11 12 9 12 9 12 9 12 9 10 12 9 1 100 1 1 12 10 12 9 11 12 11 1 1 12 10 15 1 12 18 1 100 1 12 10 15 18 1 1 100 10 1 100 1 12 10 10 1 100 1 12 10 1 100 1 12 10 1 100 1 12 10 10 10 10 1 7 12 10 10 10 1 7 10 12 9 1 7 10 12 9 10 12 9 12 10 12 9 12 9 1 7 10 8 12 9 8 12 9 8 12 9 8 12 9 8 12 9 8 12 9 8 12 9 8 12 9 8 1 8 12 9 1 8 12 9 1 8 12 9 1 8 12 9 1 8 12 9 1 8 12 9 1 8 12 9 1 8 8 1 8 1 8 1 8 1 8 1 8 1 8 1 8 1 8 1 8 1 8 1 8 1 8 1 8 1 8 1 8 12 9 1 8 1 8 12 9 1 8 12 9 1 8 12 9 1 8 1 8 1 8 1 8 1 8 1 8 1 8 1 8 8 12 9 1 8 12 9 1 8 12 9 8 12 9 1 8 12 9 1 8 12 9 8 12 9 1 8 12 9 1 8 12 9 1 8 12 9 1 8 12 9 1 8 12 9 1 8 12 9 1 8 12 9 1 8 12 9 1 8 12 9 1 8 12 9 1 8 12 9 1 8 12 9 8 1 8 12 9 8 12 9 1 8 12 9 1 8 12 9 1 8 12 9 8 12 9 1 8 12 9 1 8 12 9 8 12 9 1 8 12 9 1 8 12 9 1 8 12 9 1 8 12 9 1 8 12 9 1 8 12 9 1 8 12 9 1 8 12 9 1 8 12 9 1 8 12 9 1 8 12 9 1 8 12 9 1 8 12 9 1 8 12 9 1 8 12 9 1 8 1 8 12 9 1 8 1 8 12 9 1 8 8 12 9 1 8 1 8 12 9 1 8 1 8 1 8 12 9 1 8 12 9 1 8 12 9 1 8 1 8 12 9 1 8 1 8 1 8 12 9 1 8 12 9 1 8 12 9 1 8 12 9 1 8 1 8 1 8 1 8 1 8 1 8 1 8 1 8 1 8 1 8 1 8 1 8 1 8 1 8 1 8 1 8 1 8 1 8 1 8 1 8 1 8 1 8 1 8 1 8 1 8 1 8 1 8 1 8 1 8 1 8 12 9 8 12 9 8 8 1 8 1 8 1 8 1 8 8 1 8 1 8 1 8 1 8 1 8 1 8 1 8 1 8 1 8 12 9 1 8 8 1 8 1 8 12 9 1 8 1 8 1 8 1 8 1 8 1 8 1 8 1 8 12 9 1 8 1 8 1 8 1 8 12 9 1 8 12 9 1 8 12 9 1 8 12 9 8 1 8 8 12 9 1 8 1 8 12 9 1 8 1 8 12 9 1 8 12 9 1 8 12 9 1 8 12 9 1 8 12 9 1 8 12 9 1 8 12 9 8 12 9 1 8 12 9 1 8 12 9 1 8 12 9 1 8 12 9 1 8 12 9 1 8 12 9 1 8 12 9 1 8 12 9 12 9 12 9 12 9 12 9 12 9 12 9 12 9 12 9 12 9 12 9 12 9 12 9 12 9 12 9 12 9 12 9 12 9 12 9 12 9 12 9 12 9 12 9 12 9 12 9 12 9 12 9 12 9 12 9 12 9 12 9 12 9 12 9 12 9 12 9 12 9 12 9 12 9 12 9 12 9 12 9 12 9 12 10 12 9 12 9 1 7 1 7 12 10 1 7 1 12 10 12 9 12 9 12 9 12 9 12 9 12 9 12 9 12 9 12 9 12 9 12 9 12 9 1 8 12 10 12 9 1 8 12 9 12 9 1 8 12 9 12 9 12 9 12 9 12 9 12 9 12 9 12 9 12 9 12 9 12 9 12 9 12 9 12 9 1 8 12 9 12 9 12 9 12 9 12 9 12 9 12 9 12 9 12 9 12 9 12 9 12 9 12 9 12 9 12 9 12 9 1 12 10 12 9 12 10 12 9 1 8 12 9 1 8 12 9 1 8 12 9 1 8 12 9 12 9 12 9 12 9 12 9 12 9 12 9 12 9 12 9 12 9 12 9 1 8 12 9 12 9 12 9 12 9 1 8 12 10 12 9 1 8 12 9 1 8 12 9 1 8 12 9 12 9 12 9 1 8 12 9 1 8 12 9 12 9 12 9 1 8 12 9 1 8 12 9 12 9 1 8 1 8 12 9 1 8 12 9 1 8 12 9 1 8 12 9 1 8 12 9 1 8 1 8 12 9 1 8 12 9 1 8 12 9 1 8 12 9 1 8 12 9 1 8 12 9 1 8 12 9 1 8 12 9 1 8 12 9 1 8 12 9 1 8 12 9 1 8 12 9 1 8 12 9 12 9 12 9 1 12 10 12 9 12 9 1 12 10 10 10 10 10 10 10 10 12 9 10 12 9 10 12 9 10 12 9 10 10 12 9 10 12 9 10 10 12 9 10 12 9 10 12 9 10 12 9 10 12 9 10 12 9 8 12 10 10 12 9 10 12 9 10 12 9 1 8 10 12 9 10 12 9 10 12 9 10 12 9 10 12 9 10 12 9 10 10 12 9 10 10 10 10 12 9 10 12 9 10 12 9 10 12 9 10 12 9 10 12 9 10 10 10 10 12 9 10 10 10 12 9 10 1 12 10 12 9 1 8 12 9 12 9 1 8 12 9 1 8 12 9 12 9 1 8 12 9 1 8 12 9 1 8 12 9 1 8 12 9 1 8 12 9 1 8 12 9 1 8 12 9 1 8 12 9 1 8 12 9 1 8 12 9 1 8 12 9 1 8 12 9 1 8 12 9 1 8 12 9 1 8 12 9 1 8 12 9 1 8 12 9 1 8 12 9 1 8 12 9 1 8 12 9 1 8 12 9 1 8 12 9 1 8 1 8 1 8 12 9 1 8 1 8 12 9 12 9 12 9 1 8 12 9 1 8 12 9 12 9 8 12 9 12 9 1 8 12 9 1 8 12 9 1 8 12 9 1 8 12 9 1 8 12 9 1 8 12 9 1 8 12 9 1 8 12 9 1 8 12 9 1 8 12 9 1 8 12 9 1 8 12 9 1 8 12 9 10 12 9 10 12 9 10 12 9 10 12 9 1 7 10 12 9 1 7 1 12 10 1 7 1 12 10 1 12 10 12 9 11 10 1 1 12 10 1 12 10 8 1 8 12 9 12 9 12 9 12 9 1 12 10 1 7 11 12 10 12 9 1 7 1 12 10 12 9 1 7 1 12 10 1 12 10 12 9 12 9 9 12 9 12 9 12 9 12 9 12 9 1 100 1 12 10 12 10 12 9 12 9 12 10 12 9 1 12 10 12 9 1 7 10 12 9 1 1 100 12 10 1 12 10 12 9 1 100 1 12 10 12 10 1 8 1 8 12 9 1 7 1 12 10 1 7 1 12 9 1 7 1 12 10 1 12 10 1 100 1 100 1 100 1 12 10 12 10 1 8 1 8 1 12 10 1 8 1 8 1 8 1 8 1 8 1 8 1 8 1 8 1 8 1 8 1 8 1 8 1 8 1 8 1 8 1 8 1 8 1 100 1 12 10 1 7 12 10 15 16 1 12 18 1 1 1 1 1 1 1 1 1
staticfield com/android/tools/r8/graph/B1 p6 Lcom/android/tools/r8/graph/J2; com/android/tools/r8/graph/J2
staticfield com/android/tools/r8/graph/B1 q6 Lcom/android/tools/r8/graph/I2; com/android/tools/r8/graph/I2
staticfield com/android/tools/r8/graph/B1 r6 Ljava/util/IdentityHashMap; java/util/IdentityHashMap
staticfield com/android/tools/r8/graph/B1 s6 Lcom/android/tools/r8/internal/cB; com/android/tools/r8/internal/uc0
staticfield com/android/tools/r8/graph/B1 t6 Lcom/android/tools/r8/internal/cB; com/android/tools/r8/internal/uc0
staticfield com/android/tools/r8/graph/B1 u6 Lcom/android/tools/r8/internal/cB; com/android/tools/r8/internal/uc0
staticfield com/android/tools/r8/graph/B1 v6 Z 1
instanceKlass com/android/tools/r8/internal/Wy
instanceKlass com/android/tools/r8/internal/az
ciInstanceKlass com/android/tools/r8/internal/HT 1 1 45 1 8 1 1 7 1 7 1 1 12 10 1 1 1 1 1 1 12 10 12 10 1 7 1 1 12 10 1 1 1 100 1 12 10 1 1 1 100 1 12 11 1 1 1
ciInstanceKlass com/android/tools/r8/internal/az 1 1 211 1 8 1 1 7 1 7 1 100 1 100 1 1 1 1 1 1 1 1 1 1 1 1 1 1 1 1 7 1 1 12 10 1 12 10 1 12 10 1 1 1 7 1 7 1 1 12 10 1 100 1 1 1 12 10 1 1 12 10 12 9 12 9 1 12 9 1 1 12 9 12 9 1 100 1 1 12 10 12 9 12 9 12 9 12 9 1 1 1 1 1 100 1 1 12 10 1 1 12 10 1 7 1 7 1 12 10 1 1 7 10 1 1 1 1 12 10 1 100 12 9 1 1 12 11 1 1 12 10 1 100 1 12 11 12 9 10 1 1 12 9 12 9 12 9 12 9 12 9 1 1 7 1 12 10 1 100 1 100 1 8 1 12 10 1 1 12 10 1 1 12 10 10 1 12 10 12 10 1 12 10 3 1 1 12 10 12 10 1 8 1 7 1 12 10 1 12 10 1 1 8 1 100 1 12 10 1 1 1 1
staticfield com/android/tools/r8/internal/az j I 0
ciInstanceKlass com/android/tools/r8/graph/x2 1 1 437 1 8 1 1 7 1 1 7 1 1 1 1 1 7 1 1 12 10 1 1 12 10 1 7 1 1 12 10 1 1 12 10 1 8 1 1 12 9 1 8 1 1 12 9 1 12 10 1 8 1 1 12 10 1 8 12 9 1 7 1 12 9 1 7 1 1 12 9 1 8 1 12 10 1 1 1 1 12 10 1 1 7 1 1 12 10 1 1 12 10 1 100 1 12 11 1 12 10 1 12 10 1 1 1 16 12 10 15 1 7 1 1 12 10 15 12 18 1 1 7 1 1 12 10 12 10 1 7 1 7 1 12 10 1 7 11 1 1 7 1 12 10 1 1 1 12 10 1 1 100 12 10 1 1 1 1 1 1 1 12 9 1 1 100 1 1 12 11 1 1 1 100 1 1 12 11 1 1 1 12 10 1 100 1 12 10 10 1 1 12 10 1 7 1 100 1 1 12 10 1 100 1 1 100 1 12 10 1 100 10 1 1 1 7 10 100 1 12 10 1 7 1 1 12 10 1 1 12 10 1 8 1 7 1 12 10 1 100 1 1 12 10 1 7 10 1 1 12 10 1 12 10 1 1 12 10 1 100 1 1 12 10 1 100 1 12 10 1 100 1 12 11 11 12 10 1 12 11 10 1 1 100 1 1 12 9 1 12 10 1 1 1 1 100 1 1 12 10 1 100 1 100 1 12 10 1 1 7 1 12 10 10 12 10 1 1 12 10 1 12 10 1 12 10 12 10 1 1 1 12 10 12 10 1 1 1 1 8 1 100 1 1 12 10 15 1 12 18 1 12 10 10 1 8 1 12 18 12 10 1 1 1 7 1 12 9 1 1 100 10 1 12 10 1 12 10 1 1 1 1 1 1 1 12 10 1 12 10 1 1 1 1 1 1 12 10 10 1 100 1 8 1 12 18 1 12 10 16 15 1 16 1 12 18 1 7 1 12 10 15 16 18 1 12 10 15 16 18 1 1 1 1 1 1 1 1
ciInstanceKlass com/android/tools/r8/graph/I2 1 1 352 1 8 1 1 7 1 1 7 1 100 1 100 1 100 1 1 1 1 1 1 1 1 1 1 12 9 1 1 12 10 1 7 1 1 12 10 1 12 9 100 1 1 12 10 1 1 12 10 1 1 1 1 1 12 10 1 12 10 1 1 12 10 1 1 12 10 1 1 1 1 1 12 10 1 12 10 12 10 12 10 1 1 12 10 1 100 12 9 1 100 1 12 10 1 1 1 1 1 1 12 10 12 10 1 12 10 12 10 1 1 1 1 100 10 1 1 12 10 1 1 12 10 1 12 10 1 1 7 1 12 9 1 7 1 12 11 1 1 7 1 12 10 1 1 7 1 12 10 1 1 1 1 12 10 12 10 1 100 1 8 1 12 10 1 1 100 1 12 10 1 100 1 12 10 1 12 10 1 1 12 10 1 1 1 100 1 1 12 9 1 12 10 1 1 7 1 12 10 1 1 12 10 1 1 12 10 1 1 7 1 1 12 9 1 7 1 12 11 1 12 10 1 1 100 10 1 1 12 10 1 8 1 8 1 100 1 1 12 10 1 8 10 12 10 1 12 10 1 1 12 10 1 1 8 12 10 1 100 1 100 12 10 12 9 1 100 1 1 12 10 1 100 1 1 12 10 1 12 10 1 1 1 12 10 1 1 12 10 1 1 1 1 1 1 10 1 1 12 10 1 12 10 1 7 1 12 10 1 7 1 12 10 1 1 7 1 12 10 12 9 1 8 1 100 1 1 12 10 15 12 18 12 10 1 8 1 12 18 1 8 1 12 18 1 1 1 1 1 1 1 1
staticfield com/android/tools/r8/graph/I2 g [Lcom/android/tools/r8/graph/I2; 0 [Lcom/android/tools/r8/graph/I2;
staticfield com/android/tools/r8/graph/I2 h Z 1
ciInstanceKlass com/android/tools/r8/internal/vx 1 0 13 1 8 1 1 100 1 100 1 1 1 1 1
ciInstanceKlass com/android/tools/r8/internal/xF 1 0 17 1 8 1 1 100 1 100 1 100 1 1 1 1 1 1 1
instanceKlass com/android/tools/r8/internal/JF
instanceKlass com/android/tools/r8/internal/S
ciInstanceKlass com/android/tools/r8/internal/P 1 1 53 1 8 1 1 7 1 7 1 7 1 100 1 1 12 10 1 1 1 100 10 1 1 1 1 1 1 7 1 1 12 10 1 12 11 1 1 12 11 1 12 10 12 10 1 1 12 10 1 1 1 1 1
ciInstanceKlass com/android/tools/r8/internal/IF 1 0 85 1 8 1 1 100 1 100 1 100 1 100 1 1 1 1 1 1 1 1 1 1 1 100 1 8 1 1 12 10 1 1 1 8 1 1 8 1 1 1 8 1 1 8 1 1 1 8 1 1 1 8 1 1 8 1 8 1 1 1 8 1 1 1 8 1 1 1 8 1 1 1 8 1 1 1 8 1 1 1 8 1 1 8 1
instanceKlass com/android/tools/r8/internal/U
instanceKlass com/android/tools/r8/internal/TF
instanceKlass com/android/tools/r8/internal/wF
ciInstanceKlass com/android/tools/r8/internal/S 1 1 165 1 8 1 1 7 1 7 1 7 1 1 12 10 1 1 1 1 1 7 1 1 12 11 1 1 12 11 1 7 1 1 12 11 1 7 1 1 12 11 1 7 12 11 1 7 1 12 11 1 12 10 1 12 11 1 100 1 12 10 1 1 1 12 11 1 1 7 11 12 10 1 100 1 12 11 1 100 12 11 1 1 1 1 12 11 1 1 1 100 1 8 1 12 10 1 8 1 1 12 10 1 100 1 1 12 10 1 8 1 8 1 12 10 1 8 12 10 1 1 1 12 10 1 1 1 1 1 1 100 1 8 1 1 12 10 1 1 1 8 1 1 1 8 1 1 1 8 1 1 1 8 1 1 1 8 1 1 1 8 1 1 8 1 1
ciInstanceKlass com/android/tools/r8/graph/F2 1 1 247 1 8 1 1 7 1 1 7 1 100 1 100 1 1 1 1 1 1 1 16 1 12 10 15 1 7 1 1 12 10 15 12 18 1 1 12 9 1 7 1 12 10 12 9 1 7 10 1 1 1 12 10 1 1 12 9 1 7 1 12 10 1 1 1 1 1 1 1 100 1 1 12 11 1 12 10 1 1 1 1 12 10 1 1 1 8 1 100 1 1 12 10 15 1 12 18 1 1 100 1 12 9 1 12 10 1 1 100 1 12 10 1 12 10 1 1 100 1 8 1 1 12 10 1 12 10 1 1 12 10 1 8 1 12 10 12 10 1 1 12 10 1 7 1 1 12 10 1 12 10 100 1 1 100 1 12 11 1 12 11 1 1 1 1 100 1 1 12 10 1 100 1 100 1 12 10 1 16 1 12 10 15 1 16 1 1 12 18 1 100 1 1 12 10 1 100 1 12 10 1 1 1 10 12 10 15 1 16 1 12 18 1 7 1 12 10 1 12 10 15 16 18 1 12 10 1 12 10 1 7 1 1 12 10 1 7 1 12 10 1 1 1 1 1 1 1
ciInstanceKlass com/android/tools/r8/internal/TF 1 1 182 1 8 1 1 7 1 7 1 100 1 1 1 1 1 1 1 1 1 1 1 1 1 1 1 1 1 1 1 1 1 12 9 6 0 1 7 1 1 12 11 1 7 1 1 12 10 12 9 1 12 10 12 9 1 7 1 1 12 10 1 12 10 5 0 1 1 12 10 5 0 1 12 10 12 10 1 12 9 12 9 1 12 10 12 9 1 7 100 12 9 12 9 1 1 12 10 1 1 1 1 100 1 1 1 7 1 1 12 10 1 12 10 1 1 1 1 12 9 1 7 1 1 12 10 1 1 12 9 1 100 10 12 10 1 1 100 1 1 12 10 1 12 9 1 7 10 1 12 10 1 1 12 10 10 10 1 100 1 100 12 10 12 10 1 1 7 11 10 4 10 1 100 1 8 1 12 10 1 1 1 1
ciInstanceKlass com/android/tools/r8/internal/J10 1 0 67 1 8 1 1 100 1 100 1 100 1 100 1 1 1 1 100 1 8 1 1 12 10 1 1 1 8 1 1 1 8 1 1 8 1 1 1 8 1 1 1 8 1 1 1 8 1 1 1 8 1 1 8 1 1 8 1 1 1 8 1 1 8 1 1 8 1
ciInstanceKlass com/android/tools/r8/internal/WG 1 0 73 1 8 1 1 100 1 100 1 100 1 100 1 1 1 1 100 1 8 1 1 12 10 1 1 1 8 1 1 8 1 1 1 8 1 1 8 1 1 8 1 1 1 8 1 1 1 8 1 1 1 8 1 1 1 8 1 1 8 1 1 8 1 1 1 8 1 1 8 1 1 8 1
ciInstanceKlass com/android/tools/r8/internal/ez 1 1 69 1 8 1 1 7 1 100 1 1 3 1 5 0 1 1 1 7 1 1 12 10 1 1 12 10 12 10 5 0 1 1 12 10 5 0 1 100 1 100 1 8 1 1 12 10 1 1 12 10 1 8 1 12 10 1 12 10 1 8 1 1 12 10 10 1 1 1 1
instanceKlass com/android/tools/r8/graph/S0
instanceKlass com/android/tools/r8/graph/Q0
instanceKlass com/android/tools/r8/graph/O0$a
instanceKlass com/android/tools/r8/graph/P0
instanceKlass com/android/tools/r8/graph/O0$d
instanceKlass com/android/tools/r8/graph/N0
instanceKlass com/android/tools/r8/graph/O0$b
instanceKlass com/android/tools/r8/graph/T0
instanceKlass com/android/tools/r8/graph/R0
ciInstanceKlass com/android/tools/r8/graph/O0 1 1 110 1 8 1 1 7 1 1 7 1 100 1 100 1 100 1 100 1 100 1 100 1 100 1 100 1 100 1 100 1 100 1 1 1 1 1 1 1 1 12 10 1 1 7 1 1 12 10 12 9 12 9 1 1 1 1 1 12 11 1 1 1 1 1 1 1 100 10 12 10 1 100 1 12 10 12 10 1 100 1 12 9 1 100 1 12 11 12 10 1 1 1 1 1 1 1 1 1 1 12 10 1 1 1 1 1 1 1 1 1
staticfield com/android/tools/r8/graph/O0 b [Lcom/android/tools/r8/graph/O0; 0 [Lcom/android/tools/r8/graph/O0;
staticfield com/android/tools/r8/graph/O0 c Z 1
ciInstanceKlass com/android/tools/r8/graph/O0$b 1 1 106 1 8 1 1 7 1 7 1 1 1 1 1 1 1 1 12 10 12 9 1 100 10 12 9 1 1 1 1 1 7 1 1 12 10 1 1 1 1 1 1 100 12 10 1 1 7 1 12 11 1 1 1 1 1 1 100 1 1 12 10 12 10 12 10 1 100 1 8 1 100 1 1 12 10 1 1 1 1 100 1 12 10 1 1 1 100 1 12 9 1 100 12 11 1 12 10 1 1 1 1 1 1 1 1 1
staticfield com/android/tools/r8/graph/O0$b e Z 1
ciInstanceKlass com/android/tools/r8/graph/L2 1 1 176 1 8 1 1 7 1 1 7 1 100 1 100 1 1 1 1 1 1 1 1 12 9 1 1 1 1 1 1 16 1 12 10 15 1 7 1 1 12 10 15 12 18 1 1 7 1 12 10 1 1 1 1 1 100 1 7 1 1 12 11 1 1 1 1 1 1 7 1 12 10 1 1 100 1 100 1 7 12 10 1 1 100 1 12 10 1 1 1 12 10 1 1 1 1 1 1 1 100 1 1 12 11 1 1 1 100 1 1 12 10 1 1 12 10 1 12 10 12 10 1 1 1 1 7 1 12 10 1 1 1 16 1 12 10 15 16 1 1 12 18 1 7 1 1 12 10 1 1 12 9 10 1 12 9 1 12 9 1 100 10 1 1 7 1 12 10 10 1 1 1 1 1 1 1 1
staticfield com/android/tools/r8/graph/L2 c Lcom/android/tools/r8/graph/L2; com/android/tools/r8/graph/L2
staticfield com/android/tools/r8/graph/L2 d Z 1
instanceKlass com/android/tools/r8/graph/g1
instanceKlass com/android/tools/r8/graph/j1
ciInstanceKlass com/android/tools/r8/graph/h1 1 1 131 1 8 1 1 7 1 1 7 1 100 1 100 1 1 1 1 1 1 1 1 1 12 10 12 9 12 9 12 9 1 1 1 100 1 1 12 11 1 1 1 1 1 1 1 1 1 1 1 1 12 10 1 7 1 12 10 1 1 1 1 1 1 12 10 1 1 1 1 1 1 1 1 12 10 1 7 1 12 10 1 1 12 10 1 1 1 16 12 10 15 1 16 1 100 1 1 12 10 15 1 1 12 18 12 10 15 1 16 18 12 10 1 1 1 1 1 1 1 1 1 12 10 1 1 1 1 1 1 1 1
ciInstanceKlass com/android/tools/r8/graph/j1 1 1 1317 1 8 1 1 7 1 1 7 1 100 1 7 1 7 1 7 1 1 7 1 100 1 1 100 1 100 1 1 100 1 1 100 1 100 1 100 1 100 1 100 1 100 1 1 100 1 1 100 1 100 1 100 1 1 1 1 1 1 1 1 1 1 1 1 1 1 1 1 1 1 1 1 1 1 1 1 1 1 1 1 1 1 1 1 1 1 12 9 12 9 1 100 1 12 10 1 12 10 1 7 1 12 10 1 1 12 10 1 7 1 12 10 1 100 1 1 12 9 1 100 1 1 12 10 1 8 1 100 1 1 12 10 15 1 12 18 1 100 1 12 10 1 8 1 12 9 1 12 9 1 12 10 1 8 1 12 10 1 12 9 1 8 1 12 9 1 1 12 9 1 100 1 12 10 1 100 1 12 10 1 12 10 1 12 10 1 100 1 12 10 1 100 1 12 10 1 1 12 10 1 1 12 10 1 100 1 12 10 1 100 1 100 1 100 1 100 1 12 10 1 12 10 1 12 10 10 1 12 10 1 100 1 12 10 1 12 10 1 12 10 1 12 10 1 100 1 12 10 1 12 10 1 12 10 1 12 10 1 12 10 1 12 10 1 12 10 1 12 10 1 1 12 9 1 7 1 12 9 1 100 1 12 10 1 12 10 1 100 12 10 1 100 1 12 10 1 100 1 12 10 1 100 1 100 1 12 9 1 12 10 1 100 10 1 100 1 12 10 1 1 12 9 1 12 10 1 100 10 1 100 1 12 10 1 12 10 1 1 100 1 12 10 1 16 1 12 10 15 1 16 1 100 1 1 12 10 15 1 1 12 18 12 10 15 18 1 12 10 1 1 12 10 12 10 12 10 1 12 10 1 7 1 12 10 1 7 12 10 15 1 16 1 12 18 1 12 10 12 9 12 9 1 1 12 10 1 100 1 1 12 10 1 100 1 12 11 1 100 1 12 10 12 9 1 100 1 12 9 12 9 1 100 1 1 12 10 1 12 9 1 12 10 1 12 9 1 12 10 1 1 12 10 1 12 10 1 100 12 9 12 9 12 9 12 11 1 100 1 12 10 1 1 100 12 10 12 9 9 12 9 1 100 1 1 12 10 1 12 10 1 12 9 1 1 12 9 1 1 1 1 16 12 10 15 12 18 1 1 1 12 10 1 12 10 1 1 1 1 1 12 10 1 1 12 10 1 1 1 7 1 12 10 1 12 9 1 1 1 12 10 12 9 1 7 12 9 1 1 100 10 12 10 10 10 1 8 1 12 18 12 10 1 8 18 1 1 100 1 1 12 11 1 12 10 1 12 10 1 100 1 100 1 12 10 1 12 9 12 9 1 1 12 10 1 1 12 10 1 1 7 12 10 1 12 10 1 1 12 10 1 12 10 1 12 10 12 10 1 12 10 12 10 1 12 10 1 1 12 10 1 12 10 1 1 1 12 10 1 1 12 10 1 1 1 12 9 1 7 1 12 9 1 1 100 1 1 12 10 1 100 1 7 1 12 10 1 100 1 8 1 12 18 1 12 10 1 100 1 100 12 10 1 12 10 12 10 1 100 1 12 10 12 10 1 100 1 12 11 12 10 1 12 10 12 10 12 10 12 10 1 1 12 9 1 7 1 12 9 12 9 12 9 12 9 12 9 12 9 12 9 1 1 1 12 10 1 12 10 12 9 1 10 1 1 100 1 12 10 1 1 1 12 10 1 12 10 9 1 12 10 1 12 10 1 12 10 1 12 10 12 9 1 1 1 12 9 1 1 1 7 1 7 1 12 11 12 11 1 1 12 10 1 1 100 1 12 10 1 12 10 1 100 1 8 10 1 12 9 100 1 12 10 12 10 1 1 12 10 1 8 10 1 1 100 1 12 10 1 1 12 10 1 7 1 12 10 1 1 7 1 1 12 10 1 12 9 12 9 12 9 1 1 12 10 16 1 12 10 15 1 16 1 12 18 1 12 10 12 10 15 18 1 12 10 1 12 10 1 12 10 15 1 16 1 12 18 1 12 10 12 10 12 9 1 12 10 1 12 10 1 12 10 1 1 12 10 12 10 15 18 12 10 1 1 8 1 100 1 12 9 1 12 10 1 100 1 1 1 1 12 9 1 1 12 9 1 1 7 12 9 12 10 1 12 11 1 1 1 7 1 12 11 1 7 1 1 12 10 12 10 12 10 1 12 10 12 9 10 1 1 12 9 12 10 1 1 10 1 12 10 1 100 1 1 12 10 1 1 1 1 12 10 1 1 12 10 12 10 15 1 16 1 12 18 1 12 10 1 1 12 10 12 9 12 9 1 7 1 12 10 1 7 15 1 16 1 12 18 1 100 1 12 10 15 1 16 18 15 1 16 18 1 12 10 15 16 18 1 12 10 15 16 18 12 10 16 15 1 16 1 1 12 18 1 12 10 12 10 15 18 12 10 15 18 12 10 15 1 16 18 1 16 1 12 10 15 16 1 12 18 1 16 1 12 10 15 16 1 12 18 1 12 10 12 10 12 10 1 12 11 1 12 10 1 12 10 1 100 1 12 11 1 12 11 1 8 1 12 18 1 100 1 12 10 1 12 11 11 1 100 11 1 12 10 1 1 12 10 1 7 1 12 10 1 100 1 12 9 1 12 10 12 10 1 12 10 12 10 12 9 1 12 9 1 1 100 12 10 1 12 10 1 12 10 12 10 12 9 12 9 1 12 10 1 12 10 1 12 10 10 1 12 10 12 9 12 9 1 12 10 12 9 12 9 1 1 12 10 1 1 12 10 15 18 12 10 1 12 10 12 10 1 100 1 12 9 1 100 1 12 11 1 100 12 9 12 11 1 1 7 1 12 10 12 9 1 12 10 12 9 1 7 1 12 9 1 7 1 12 9 12 10 12 9 1 7 12 10 1 1 12 10 12 10 12 10 12 10 10 10 1 1 12 10 15 18 12 10 15 1 12 18 1 12 10 12 10 1 1 1 1 1 1 1 1 1
staticfield com/android/tools/r8/graph/j1 u [Lcom/android/tools/r8/graph/j1; 0 [Lcom/android/tools/r8/graph/j1;
staticfield com/android/tools/r8/graph/j1 v Lcom/android/tools/r8/graph/j1; com/android/tools/r8/graph/j1
staticfield com/android/tools/r8/graph/j1 w Lcom/android/tools/r8/internal/wF; com/android/tools/r8/internal/wF
staticfield com/android/tools/r8/graph/j1 x Z 1
ciInstanceKlass sun/security/util/ManifestDigester$Section 1 1 55 10 7 12 1 1 1 9 7 12 1 1 1 9 12 1 9 12 1 9 12 1 1 10 100 12 1 1 1 1 1 1 1 1 1 1 1 1 1 1 1 1 1 1 1 1 1 100 1 1 1 100 1 1 1
instanceKlass java/lang/ArrayIndexOutOfBoundsException
ciInstanceKlass java/lang/IndexOutOfBoundsException 1 0 49 10 100 12 1 1 1 10 12 1 100 1 10 8 1 10 12 1 1 10 12 1 10 12 1 1 10 12 1 100 1 1 1 1 5 0 1 1 1 1 1 1 1 1 1 1 1 1 1
ciInstanceKlass java/lang/AssertionError 0 0 79 10 100 12 1 1 1 10 12 1 10 100 12 1 1 1 10 100 1 100 1 10 12 1 1 10 12 1 10 12 1 10 12 1 10 12 1 10 12 1 10 12 1 10 12 1 1 1 1 5 0 1 1 1 1 1 1 1 1 1 1 100 1 1 1 1 1 1 1 1 1 1 1 1 1 1 1 1 1
ciInstanceKlass java/util/NoSuchElementException 0 0 34 10 100 12 1 1 1 10 12 1 10 12 1 10 12 1 100 1 1 1 1 5 0 1 1 1 1 1 1 1 1 1 1 1
ciInstanceKlass java/util/ConcurrentModificationException 0 0 34 10 100 12 1 1 1 10 12 1 10 12 1 10 12 1 100 1 1 1 1 5 0 1 1 1 1 1 1 1 1 1 1 1
ciInstanceKlass com/android/tools/r8/internal/Ry 1 1 28 1 8 1 1 7 1 7 1 1 1 1 1 1 1 1 1 1 1 12 10 12 9 12 9 1 1 1
ciInstanceKlass com/android/tools/r8/internal/Wy 1 1 144 1 8 1 1 7 1 7 1 100 1 100 1 1 1 1 1 100 1 1 12 11 1 1 12 9 1 12 10 1 1 1 7 1 1 12 9 1 12 10 1 1 1 12 10 1 1 1 7 1 12 10 1 12 10 1 7 1 12 10 1 1 1 12 10 1 1 100 1 12 10 1 1 12 9 1 12 9 1 100 1 12 9 1 1 1 1 100 1 12 10 1 1 1 100 10 1 1 1 100 1 1 12 10 16 12 10 15 1 100 1 1 12 10 15 1 12 18 12 10 1 1 1 12 9 1 12 9 1 100 1 12 11 1 1 1 100 12 10 1 1 1 1 1
ciInstanceKlass com/android/tools/r8/utils/w 1 1 1722 1 8 1 1 7 1 7 1 100 1 100 1 7 1 100 1 100 1 7 1 7 1 7 1 7 1 100 1 7 1 7 1 100 1 7 1 7 1 7 1 7 1 7 1 7 1 7 1 100 1 100 1 100 1 7 1 7 1 7 1 1 1 1 1 1 1 1 1 1 1 1 1 1 1 1 1 1 100 1 100 1 100 1 100 1 100 1 1 1 1 1 1 1 1 1 1 1 1 1 1 1 1 1 1 1 1 1 1 1 1 1 1 1 1 1 1 1 1 1 1 1 1 1 1 1 1 1 1 1 1 1 1 1 1 1 1 1 1 1 1 1 1 1 1 1 1 1 1 1 1 1 1 1 1 1 1 1 1 1 1 1 1 1 1 1 1 1 1 1 1 1 1 1 1 1 1 1 1 1 1 1 1 1 1 1 1 1 1 1 1 1 1 1 1 1 1 1 1 1 1 1 1 1 1 1 1 1 1 1 1 1 1 1 1 1 1 1 1 1 1 1 1 1 1 1 1 1 1 1 1 1 1 1 1 1 1 1 1 1 1 1 1 1 1 1 1 1 1 1 1 1 1 1 1 1 1 1 1 1 1 1 1 1 1 1 1 1 1 1 1 1 1 1 1 1 1 1 1 1 1 1 1 1 1 1 1 1 1 1 1 1 1 1 1 1 1 1 1 7 1 1 12 11 1 16 1 12 10 15 1 16 1 7 1 1 12 10 15 1 1 12 18 12 9 1 12 9 12 10 12 10 12 9 12 9 1 7 12 9 1 1 12 10 1 100 1 1 12 10 1 12 10 1 7 1 12 11 1 12 11 1 12 10 1 7 1 12 10 12 9 12 9 1 1 12 9 12 9 1 7 1 12 10 1 12 9 1 12 9 1 7 1 12 10 1 7 1 12 11 12 9 12 9 12 9 12 9 12 9 12 9 12 9 12 9 12 9 12 9 12 9 12 9 12 10 12 9 12 10 12 9 1 7 10 1 12 9 12 9 1 1 12 9 1 12 10 1 8 1 12 10 12 9 1 100 1 1 12 9 1 12 9 12 9 1 12 9 1 8 1 100 1 12 9 1 100 1 12 10 1 1 12 10 1 100 1 12 10 1 12 10 12 9 1 7 1 12 9 12 9 1 8 1 100 1 12 10 12 9 1 8 1 100 1 1 12 10 1 1 12 10 1 100 1 12 10 1 1 12 10 12 9 1 12 10 1 12 10 1 12 9 1 100 12 10 1 7 1 8 1 100 1 100 10 1 12 9 1 100 1 12 9 1 100 1 12 10 1 100 1 12 10 1 100 1 12 10 1 100 1 12 9 12 10 1 8 12 9 12 9 1 8 1 8 1 8 12 9 1 8 1 1 12 9 1 12 9 1 1 7 1 7 1 12 9 1 100 1 100 12 9 12 9 1 100 1 8 10 9 12 10 12 10 12 10 1 100 12 10 1 1 12 9 1 1 12 11 12 9 1 100 11 12 9 1 100 12 9 1 1 12 10 1 100 1 12 11 1 1 12 11 1 100 1 1 12 10 1 1 12 11 12 9 1 100 12 11 12 9 12 10 12 9 1 12 10 12 9 12 10 12 9 12 10 1 12 10 1 12 9 1 10 1 12 10 12 10 1 12 10 1 100 12 9 12 9 1 12 9 1 1 12 9 1 1 1 12 9 1 12 9 1 1 12 9 1 12 9 1 12 9 1 12 9 1 12 9 1 12 9 1 12 9 1 12 9 1 12 9 1 12 9 1 12 9 1 12 9 1 100 10 12 9 1 1 100 10 1 1 12 10 1 16 1 100 1 12 11 15 1 16 1 1 12 18 1 100 1 12 10 1 100 1 12 9 1 100 1 12 10 1 12 10 1 100 1 100 1 12 10 1 100 1 12 10 1 1 12 10 1 100 1 100 1 12 10 12 10 1 100 1 12 9 12 10 1 100 1 12 10 1 100 1 1 12 9 1 100 1 12 10 1 100 10 12 9 10 1 8 1 8 1 7 1 1 12 10 1 8 12 10 1 100 12 10 1 8 1 100 1 1 12 10 15 12 18 12 9 1 1 100 1 8 1 100 12 10 1 100 12 11 12 10 1 1 12 10 1 7 11 1 12 9 1 7 10 1 7 10 1 100 1 12 10 1 100 1 12 9 1 100 11 1 100 12 10 1 100 1 1 12 10 16 1 12 10 15 16 1 1 12 18 1 100 1 12 10 1 100 1 12 10 1 12 10 1 1 12 10 1 1 12 10 12 9 1 12 10 15 16 1 12 18 1 7 1 1 12 10 1 7 11 1 1 12 10 12 9 12 10 15 18 1 12 9 12 9 1 100 1 12 9 12 10 15 18 1 12 10 12 10 1 100 1 100 1 8 1 12 10 12 9 1 12 11 1 12 10 1 100 12 10 1 12 11 12 9 12 9 12 9 12 9 1 7 1 12 9 12 9 12 9 12 9 12 10 12 9 12 9 1 100 1 12 11 12 9 1 7 12 9 12 10 1 1 7 12 9 12 9 12 11 12 9 12 9 12 9 12 10 12 9 10 1 100 1 8 10 1 12 10 1 100 10 1 12 10 10 1 100 1 100 1 8 10 10 11 1 8 1 1 12 10 1 12 9 1 12 10 1 8 12 9 1 12 10 1 8 12 9 10 1 12 10 1 1 12 10 1 100 11 1 8 1 8 1 8 1 12 18 1 8 1 100 12 10 1 8 1 8 1 8 1 12 9 12 9 12 9 1 8 12 10 12 9 12 9 12 9 10 1 7 1 12 10 12 9 12 9 12 9 12 9 1 12 9 1 7 1 1 12 10 12 9 12 9 12 9 12 9 12 9 12 9 1 8 12 10 12 9 1 8 12 9 1 8 1 8 1 12 10 12 9 12 9 12 9 1 8 1 7 9 1 7 1 12 10 1 8 1 12 10 12 9 12 9 1 8 12 9 12 9 12 9 12 9 12 9 12 9 12 9 12 9 12 9 1 16 1 12 10 15 16 1 1 12 18 12 9 12 9 12 9 1 8 12 9 12 9 1 7 1 1 12 10 12 9 12 9 12 9 12 9 12 9 10 12 9 12 9 12 9 12 9 12 9 12 9 12 9 1 8 12 9 12 9 12 9 1 8 1 8 1 8 1 8 1 8 12 9 1 8 12 9 1 7 1 12 10 1 12 10 12 9 12 10 12 9 1 7 1 12 9 12 10 12 9 12 9 1 8 12 9 1 8 12 9 12 9 12 9 12 9 12 9 12 9 12 9 12 9 12 9 12 9 12 9 12 9 12 9 12 9 12 9 12 9 12 9 12 9 1 7 1 12 10 10 10 10 10 10 1 7 10 1 7 10 10 10 10 10 1 7 10 10 12 9 10 10 10 1 7 10 1 7 10 10 12 9 12 9 10 12 9 12 9 12 9 12 9 12 9 1 12 10 12 9 12 9 12 9 12 9 12 9 12 9 1 7 12 10 12 9 10 10 1 7 10 1 12 10 1 12 9 12 10 9 12 9 9 12 10 9 9 9 9 9 1 1 12 10 12 10 12 9 1 8 18 1 10 1 100 12 9 16 15 1 16 1 12 18 1 16 18 1 16 18 1 12 10 9 1 8 12 10 15 1 16 18 1 12 10 1 8 12 9 10 12 10 15 1 16 18 1 8 1 16 18 1 8 1 8 1 8 1 16 18 1 8 1 100 1 12 10 1 1 1 7 1 12 10 1 8 12 9 12 9 12 9 1 12 10 1 7 1 12 9 9 12 9 1 1 100 1 100 1 1 12 9 12 10 1 12 10 1 8 1 7 9 1 100 10 1 12 10 15 16 1 12 18 1 12 10 12 10 1 7 1 12 9 1 8 1 12 10 15 1 16 1 12 18 10 1 1 1 1 1 1 1 1 1
staticfield com/android/tools/r8/utils/w b2 Z 0
staticfield com/android/tools/r8/utils/w c2 Lcom/android/tools/r8/internal/pb; com/android/tools/r8/internal/pb
staticfield com/android/tools/r8/utils/w d2 I 41
staticfield com/android/tools/r8/utils/w e2 Z 1
ciInstanceKlass com/android/tools/r8/utils/w$q 1 1 594 1 8 1 1 7 1 7 1 7 1 1 7 1 1 7 1 1 100 1 100 1 1 1 1 1 1 1 1 1 1 1 1 1 1 1 1 1 1 1 1 1 1 1 1 1 1 1 1 1 1 1 1 1 1 1 1 1 1 1 1 1 1 1 1 1 1 1 1 1 1 1 1 1 1 1 1 1 1 1 1 1 1 1 1 1 1 1 1 1 1 1 1 1 1 1 1 1 1 1 1 1 1 1 1 1 1 1 1 1 1 1 1 1 1 1 1 1 1 1 1 1 1 1 1 1 1 1 1 1 1 1 1 1 1 1 1 1 1 1 1 1 1 1 1 1 1 1 1 1 1 1 1 1 1 1 1 1 1 1 1 12 10 1 8 1 7 1 1 12 10 12 9 12 9 12 9 12 9 12 9 12 9 12 9 12 9 12 9 12 9 12 9 12 9 12 9 1 8 12 9 1 8 12 9 1 8 12 9 12 9 12 9 1 8 12 9 1 7 10 12 9 1 7 1 12 9 12 9 12 9 1 12 10 1 12 9 1 100 1 12 9 1 7 1 12 9 1 100 12 9 1 16 1 12 10 15 16 1 7 1 1 12 10 15 1 1 12 18 12 9 12 9 12 9 1 16 1 7 1 12 10 15 1 16 1 12 18 12 9 1 7 1 12 10 12 9 1 7 1 12 11 12 9 1 16 1 12 10 15 16 1 12 18 12 9 12 9 12 9 12 9 12 9 1 16 1 12 10 15 16 1 1 12 18 12 9 12 9 12 9 1 8 1 7 1 12 10 12 9 12 9 12 9 12 9 12 9 1 7 1 12 10 1 8 12 9 12 9 12 9 12 9 12 9 12 9 12 9 12 9 1 8 12 9 12 9 12 9 1 8 12 9 12 9 12 9 12 9 12 9 1 8 12 9 12 9 12 9 12 9 12 9 12 9 12 9 1 8 1 100 1 1 12 10 3 12 9 12 9 12 9 12 9 12 9 12 9 12 9 12 9 1 8 12 9 12 9 1 8 12 9 12 9 12 9 12 9 12 9 1 8 12 9 12 9 1 8 12 9 1 8 12 9 12 9 1 7 10 12 9 1 8 12 9 1 8 12 9 1 8 12 9 12 9 12 9 12 9 12 9 12 9 12 9 12 9 12 9 12 9 12 9 12 9 10 12 9 12 9 12 9 10 12 9 12 10 12 9 12 9 12 9 12 9 1 1 7 1 12 10 12 9 1 1 100 12 10 12 10 1 100 10 1 1 1 1 8 1 100 1 100 1 1 12 10 1 100 1 12 10 12 10 12 10 1 1 100 12 11 1 1 1 1 1 1 1 1 1 1 1 1 1 1
staticfield com/android/tools/r8/utils/w$q e1 Z 1
ciInstanceKlass com/android/tools/r8/graph/y 1 1 1400 1 8 1 1 7 1 1 7 1 100 1 100 1 100 1 100 1 100 1 100 1 100 1 100 1 100 1 100 1 100 1 100 1 100 1 100 1 100 1 100 1 1 100 1 7 1 1 100 1 1 100 1 1 100 1 1 1 1 1 1 1 1 1 1 1 1 1 1 1 1 1 1 1 1 1 1 1 1 1 1 1 1 1 1 1 1 1 1 1 1 1 1 1 1 1 1 1 1 1 1 1 1 1 1 1 1 1 1 1 1 1 1 1 1 1 1 1 1 1 1 1 1 1 1 1 1 1 1 1 1 1 1 1 1 1 1 1 1 1 1 1 1 1 1 100 1 12 11 1 12 10 1 1 1 12 11 1 12 10 1 1 1 12 11 1 12 10 1 100 1 12 10 1 12 9 1 12 10 1 7 1 12 10 1 1 12 10 1 1 12 10 1 12 10 1 1 12 10 12 10 1 100 1 12 10 1 1 12 10 1 12 9 1 12 10 1 12 9 1 100 1 8 1 12 10 1 100 1 1 12 10 12 9 12 9 12 9 12 9 12 9 1 100 1 12 10 1 1 7 1 12 10 1 1 7 1 12 10 1 1 12 10 1 7 1 12 10 1 1 7 1 12 10 1 12 9 12 9 1 100 1 1 12 11 1 12 9 1 1 12 10 1 7 12 10 1 1 1 1 12 9 12 9 12 10 1 100 1 12 10 1 12 10 12 10 1 100 1 12 10 12 9 1 7 12 9 1 12 10 1 1 1 12 9 1 100 12 10 12 10 12 9 12 9 1 1 1 1 8 1 7 12 10 1 100 12 10 10 1 12 10 1 100 1 12 10 12 10 1 12 10 1 7 12 10 1 100 1 12 10 1 12 9 1 1 1 12 9 1 1 12 9 1 1 12 9 12 9 1 100 1 12 10 12 9 1 100 1 12 11 1 12 10 10 1 10 1 1 12 10 1 100 10 9 12 9 1 100 10 12 9 1 12 9 1 7 1 1 12 10 12 9 1 7 12 9 1 12 10 9 1 12 10 12 9 1 8 1 12 10 1 12 10 1 12 9 1 100 1 12 11 1 12 9 12 9 1 12 9 1 12 9 1 12 9 12 9 12 9 1 1 12 10 12 9 1 12 10 12 9 12 10 1 1 1 1 12 9 1 12 9 1 1 1 12 9 1 1 1 12 11 1 16 12 10 15 1 16 1 7 1 1 12 10 15 1 1 12 18 12 10 15 1 16 18 12 10 15 1 16 18 1 100 1 12 10 1 100 1 1 100 1 100 1 12 10 1 100 1 100 1 12 10 1 12 10 1 100 1 100 10 1 12 10 1 12 9 1 1 1 100 10 12 9 1 7 1 12 9 1 100 1 12 11 1 12 9 1 100 1 12 10 12 9 1 12 10 1 12 9 1 100 1 12 11 1 1 12 9 12 9 1 12 10 1 100 1 100 1 12 9 1 12 10 1 12 9 1 1 1 12 10 1 7 1 12 10 1 7 1 12 9 1 12 9 12 9 1 1 12 9 1 12 9 1 100 12 9 1 100 1 1 12 10 1 12 9 1 100 11 1 1 100 12 10 1 12 9 1 100 1 8 1 12 10 12 10 1 12 10 1 12 10 1 8 1 100 1 12 10 1 100 1 12 9 1 100 1 1 12 11 1 1 12 11 1 100 1 100 1 12 11 1 1 12 11 1 100 12 9 1 12 11 1 12 11 1 100 1 12 10 1 100 11 1 100 1 12 10 1 12 10 1 1 12 11 1 100 1 12 10 1 12 10 11 12 9 1 12 10 12 10 1 100 1 12 10 1 100 1 12 10 12 9 1 8 1 100 12 10 1 100 12 9 11 1 12 10 1 12 9 1 100 1 12 10 1 100 1 12 10 1 100 1 12 10 1 7 1 12 10 12 10 1 1 100 12 9 1 12 10 12 10 1 1 12 10 9 12 9 1 100 1 100 1 1 12 10 1 100 12 10 1 12 10 1 100 1 12 10 12 9 1 12 9 1 100 1 12 11 1 100 1 12 10 1 1 1 12 9 1 100 12 11 12 9 12 10 12 10 1 8 1 100 1 1 12 10 15 1 12 18 12 10 1 8 18 12 10 1 100 1 12 10 1 12 10 16 1 12 10 15 16 1 12 18 1 100 1 1 12 11 1 1 100 12 9 1 1 12 10 12 10 1 12 10 1 12 10 1 12 10 1 1 1 1 100 1 12 10 1 12 10 1 1 12 9 1 100 9 12 10 1 12 9 1 12 10 1 100 1 12 11 1 12 10 1 12 10 1 1 8 1 100 1 100 16 12 10 15 1 16 1 12 18 12 10 1 12 10 1 12 10 1 12 10 1 12 10 1 1 1 12 10 1 100 12 10 1 12 10 1 12 10 15 1 16 1 12 18 1 12 10 1 100 1 12 10 1 12 9 1 12 10 1 12 10 15 16 18 12 10 12 10 1 8 1 100 1 12 10 1 12 10 1 100 1 12 9 1 12 10 1 12 10 10 1 12 10 10 10 10 10 10 10 10 10 1 100 1 100 1 12 10 1 12 10 1 100 1 100 11 1 100 1 12 10 12 10 1 100 9 1 100 1 1 12 10 1 1 12 10 1 12 10 1 12 10 12 10 11 1 1 7 1 12 10 10 1 7 10 1 12 10 12 9 1 7 12 10 1 7 12 9 12 9 1 7 10 12 9 1 7 10 12 9 12 9 1 7 1 12 9 1 7 10 1 12 10 9 1 7 1 12 9 1 7 12 9 1 7 1 12 9 1 7 10 12 9 12 9 12 9 1 100 16 12 10 15 16 1 12 18 1 8 1 12 10 1 7 10 1 7 10 12 9 1 100 10 12 9 1 100 10 12 9 12 10 15 16 18 1 8 1 7 1 12 10 15 16 1 12 18 1 8 12 9 12 9 1 8 1 12 10 9 1 12 10 9 1 100 10 1 12 10 1 100 1 12 10 12 10 15 16 18 1 8 12 10 15 16 1 12 18 1 8 12 10 15 16 18 1 8 12 10 15 16 18 1 8 12 10 15 16 18 1 8 1 7 12 9 1 1 100 1 8 1 100 12 9 1 12 9 11 1 12 10 1 12 10 10 12 9 1 8 12 10 12 10 16 12 10 15 1 12 18 1 100 11 1 1 1 1 1 1 1 1 1 1
staticfield com/android/tools/r8/graph/y X Z 1
ciInstanceKlass com/android/tools/r8/internal/EG 1 0 27 1 8 1 1 100 1 100 1 100 1 1 1 1 100 1 8 1 1 12 10 1 1 1 8 1 1
instanceKlass com/android/tools/r8/graph/J0
instanceKlass com/android/tools/r8/graph/l0
instanceKlass com/android/tools/r8/graph/c4
instanceKlass com/android/tools/r8/graph/Y5
instanceKlass com/android/tools/r8/internal/nR
instanceKlass com/android/tools/r8/graph/q4
instanceKlass com/android/tools/r8/graph/G
ciInstanceKlass com/android/tools/r8/graph/i0 1 1 217 1 8 1 1 7 1 7 1 100 1 100 1 1 100 1 7 1 1 1 1 1 100 1 100 1 1 12 10 1 7 1 1 12 10 1 8 1 100 1 1 12 10 15 1 12 18 1 1 12 10 1 1 1 100 1 1 7 1 1 12 9 1 1 1 1 1 1 1 1 1 1 1 7 1 1 1 1 1 1 1 1 1 1 1 12 10 1 1 12 10 1 1 1 1 1 12 10 1 1 1 8 18 1 1 1 8 18 1 1 1 8 18 1 1 1 1 1 8 18 1 12 10 1 1 1 1 1 1 10 1 1 1 12 10 12 9 1 12 9 1 100 10 1 12 10 1 12 10 1 12 9 1 12 10 1 100 1 12 10 1 12 9 12 10 1 100 1 1 12 9 1 1 12 9 1 100 1 1 12 11 1 100 12 10 1 12 9 1 12 10 1 12 9 1 12 10 12 9 1 12 10 9 12 10 1 1 12 10 1 1 1 1 1 1 1 1
staticfield com/android/tools/r8/graph/i0 d Z 1
instanceKlass com/android/tools/r8/internal/B40$b$a
instanceKlass com/android/tools/r8/internal/B40$c$a
ciInstanceKlass com/android/tools/r8/internal/B40$a 1 1 47 1 8 1 1 7 1 1 7 1 100 1 1 1 1 1 1 1 1 1 1 1 1 1 12 10 12 9 1 1 1 12 10 1 1 12 9 1 12 9 1 1 1 1 1 1 1
instanceKlass com/android/tools/r8/internal/y40
instanceKlass com/android/tools/r8/internal/A40
instanceKlass com/android/tools/r8/internal/B40$b
instanceKlass com/android/tools/r8/internal/B40$c
ciInstanceKlass com/android/tools/r8/internal/B40 1 1 267 1 8 1 1 7 1 1 7 1 7 1 100 1 100 1 7 1 100 1 100 1 100 1 7 1 100 1 7 1 1 1 1 1 1 1 1 1 1 1 1 1 1 12 10 12 9 12 10 1 100 1 1 12 11 1 12 9 1 12 9 1 1 1 1 1 1 1 12 9 12 9 1 1 1 1 1 1 12 10 12 10 12 9 12 10 12 10 1 12 10 1 1 7 1 12 11 1 1 7 12 9 1 1 12 11 1 12 10 1 1 12 10 1 8 1 100 1 1 12 10 12 10 12 10 1 1 12 10 1 8 1 12 10 1 8 1 12 10 1 100 1 12 9 1 8 12 10 1 8 12 10 1 8 12 10 1 8 12 10 1 1 1 1 10 12 9 1 100 1 8 1 12 10 1 100 1 1 12 9 1 1 16 12 10 15 1 16 1 7 1 1 12 10 15 1 1 12 18 1 7 1 12 10 12 10 15 18 1 16 12 10 15 1 16 1 1 12 18 1 12 10 12 10 15 16 18 16 12 10 15 1 16 1 12 18 1 12 10 12 10 15 18 1 1 7 1 12 10 1 1 1 1 1 1 1 1 1 100 1 8 1 1 12 10 1 1
staticfield com/android/tools/r8/internal/B40 g Z 1
ciInstanceKlass com/android/tools/r8/internal/B40$c 1 1 88 1 8 1 1 7 1 7 1 1 7 1 1 100 1 1 1 1 12 10 1 1 1 12 10 1 1 12 10 1 10 12 9 1 1 1 12 10 1 12 9 1 12 10 1 12 9 1 12 10 1 12 9 12 9 1 1 12 9 12 9 1 12 9 9 1 1 16 12 10 15 1 7 1 1 12 10 15 12 18 1 1 1 1 1 1 1 1
staticfield com/android/tools/r8/internal/B40$c h Lcom/android/tools/r8/internal/B40$c; com/android/tools/r8/internal/B40$c
instanceKlass com/android/tools/r8/graph/W0$a
ciInstanceKlass com/android/tools/r8/graph/W0 1 1 199 1 8 1 1 7 1 1 7 1 100 1 100 1 100 1 100 1 1 100 1 100 1 1 1 1 1 12 10 1 1 7 1 1 12 10 1 1 12 10 1 1 12 10 12 9 1 12 10 1 100 10 1 100 1 1 12 10 1 1 12 9 1 100 1 12 10 1 1 12 9 1 12 9 1 12 10 1 1 1 1 1 100 1 12 10 100 1 100 1 12 10 1 100 1 12 10 1 1 12 10 1 100 1 12 9 1 1 12 10 100 1 12 10 1 1 12 9 1 16 1 12 10 15 1 16 1 100 1 1 12 10 15 1 1 12 18 1 100 1 12 10 9 1 12 9 10 1 1 1 1 7 1 12 10 1 1 1 12 10 1 1 1 1 1 100 10 1 1 100 1 12 11 1 1 100 1 12 10 1 100 1 12 10 12 10 1 1 12 10 1 1 1 1 1 1 1 1 1
staticfield com/android/tools/r8/graph/W0 d Z 1
ciInstanceKlass com/android/tools/r8/graph/W0$a 1 1 204 1 8 1 1 7 1 7 1 1 1 1 1 1 1 1 1 1 1 16 1 12 10 15 16 1 100 1 1 12 10 15 1 1 12 18 1 100 1 12 10 1 16 1 1 12 10 15 16 1 1 12 18 1 12 10 1 1 12 10 15 16 18 12 10 1 1 1 12 10 12 9 1 100 10 100 100 12 9 12 9 12 9 1 1 1 1 1 1 1 7 1 1 12 10 1 1 1 1 1 1 1 1 1 1 7 1 1 12 10 1 16 12 10 15 1 12 18 1 100 1 100 1 1 12 10 1 100 1 12 10 1 100 11 1 1 12 10 1 100 12 10 1 12 10 1 1 100 10 1 1 1 100 10 1 8 1 100 1 1 12 10 15 1 12 18 1 1 12 10 1 8 1 12 10 1 8 1 8 12 10 1 1 100 1 12 10 12 10 1 12 10 12 10 1 1 1 1 1 1 1 1 1 1
staticfield com/android/tools/r8/graph/W0$a h Z 1
ciInstanceKlass java/util/LinkedList$ListItr 1 1 133 9 7 12 1 1 1 10 7 12 1 1 1 9 7 12 1 1 1 9 12 1 9 12 1 10 12 1 1 9 12 1 1 9 12 1 10 12 1 10 12 1 1 100 1 10 9 12 1 9 7 1 9 12 1 1 10 12 1 9 12 1 9 12 1 100 1 10 10 12 1 1 10 12 1 1 10 12 1 1 10 100 12 1 1 1 11 100 12 1 1 100 1 10 100 1 1 1 1 1 1 1 1 1 1 1 1 1 1 1 1 1 1 1 1 1 1 1 1 1 1 1 1 1 1 1 1 1 1 1 1 1 1
ciInstanceKlass com/android/tools/r8/internal/N10 1 0 92 1 8 1 1 100 1 100 1 100 1 100 1 1 1 1 100 1 8 1 1 12 10 1 1 1 8 1 1 8 1 1 1 8 1 1 8 1 1 1 8 1 1 1 8 1 1 1 8 1 1 1 8 1 1 8 1 1 8 1 1 1 8 1 1 8 1 1 8 1 1 8 1 1 1 8 1 1 8 1 1 1 8 1 1 1 8 1 1 1 8 1
instanceKlass com/android/tools/r8/internal/y10
instanceKlass com/android/tools/r8/internal/g1
ciInstanceKlass com/android/tools/r8/internal/a1 1 1 73 1 8 1 1 100 1 7 1 100 1 1 12 10 1 1 1 100 1 8 1 12 10 1 1 12 11 1 1 12 10 1 100 1 8 1 1 12 10 1 100 1 1 12 11 1 8 1 100 1 100 1 1 12 10 1 8 12 10 1 1 1 1 1 100 1 8 1 1 12 10 1 1
instanceKlass com/android/tools/r8/internal/TD
instanceKlass com/android/tools/r8/internal/QF
instanceKlass com/android/tools/r8/internal/h1
ciInstanceKlass com/android/tools/r8/internal/g1 1 1 64 1 8 1 1 100 1 7 1 100 1 100 1 1 12 10 1 1 1 100 1 1 12 11 1 100 10 1 1 12 10 1 1 100 1 1 12 11 1 100 1 100 1 1 12 11 1 100 12 10 1 1 1 1 1 100 1 8 1 1 12 10 1 1
ciInstanceKlass com/android/tools/r8/internal/B10 1 0 25 1 8 1 1 100 1 100 1 100 1 1 100 1 8 1 1 12 10 1 1 1 8 1 1
ciInstanceKlass com/android/tools/r8/internal/qu 1 1 25 1 8 1 1 7 1 100 1 1 1 1 1 7 1 7 1 1 12 10 12 9 1 1 1
staticfield com/android/tools/r8/internal/qu a Z 1
instanceKlass com/android/tools/r8/internal/FX
instanceKlass com/android/tools/r8/internal/ui
instanceKlass com/android/tools/r8/internal/i2
instanceKlass com/android/tools/r8/internal/h2
instanceKlass com/android/tools/r8/internal/nC
instanceKlass com/android/tools/r8/internal/v40
instanceKlass com/android/tools/r8/internal/qW
instanceKlass com/android/tools/r8/internal/wi
instanceKlass com/android/tools/r8/internal/P90
instanceKlass com/android/tools/r8/internal/Ns0
instanceKlass com/android/tools/r8/internal/pW
instanceKlass com/android/tools/r8/internal/Qb
instanceKlass com/android/tools/r8/internal/A4
instanceKlass com/android/tools/r8/internal/j6
instanceKlass com/android/tools/r8/internal/d3
instanceKlass com/android/tools/r8/internal/G3
instanceKlass com/android/tools/r8/internal/M3
instanceKlass com/android/tools/r8/internal/lW
instanceKlass com/android/tools/r8/internal/gD
instanceKlass com/android/tools/r8/internal/CX
instanceKlass com/android/tools/r8/internal/ri
instanceKlass com/android/tools/r8/internal/OJ
instanceKlass com/android/tools/r8/internal/HX
instanceKlass com/android/tools/r8/internal/sv
instanceKlass com/android/tools/r8/internal/Ng
instanceKlass com/android/tools/r8/internal/mI
ciInstanceKlass com/android/tools/r8/internal/rD 1 1 906 1 8 1 1 7 1 7 1 100 1 100 1 100 1 100 1 7 1 100 1 100 1 100 1 100 1 100 1 100 1 100 1 1 1 1 1 1 1 1 1 1 1 1 1 1 1 1 1 1 1 12 9 12 9 1 100 1 1 12 10 1 1 100 1 1 1 12 10 1 7 1 12 9 1 12 10 12 10 1 1 1 8 1 12 10 1 100 1 12 9 1 7 1 1 12 10 1 7 1 1 12 10 1 1 1 1 1 12 10 1 12 10 1 12 9 1 7 10 1 12 9 1 16 1 12 10 15 1 16 1 7 1 1 12 10 15 1 1 12 18 1 12 10 1 1 12 10 1 7 1 7 1 12 11 1 1 12 11 12 11 1 12 9 1 12 10 12 10 12 10 1 12 10 1 1 12 9 1 1 100 1 12 10 1 1 12 10 1 1 12 9 1 100 1 12 10 12 10 1 1 12 10 1 100 1 12 10 1 7 1 12 9 1 1 12 10 1 1 1 12 10 1 1 1 1 1 12 10 1 1 12 10 1 7 1 12 10 11 1 1 1 12 10 1 8 1 100 1 1 12 10 15 1 12 18 1 12 10 12 9 11 1 12 10 11 1 12 9 1 7 12 9 1 12 9 1 12 11 1 12 10 1 12 9 1 1 100 1 1 1 7 1 12 10 1 100 10 12 10 1 1 12 10 1 12 10 1 8 1 12 10 1 8 1 12 10 1 12 9 1 8 1 12 10 10 1 12 9 1 1 1 7 12 10 1 12 11 1 7 1 12 11 1 12 10 1 12 10 1 1 12 10 1 1 12 10 1 100 1 1 12 10 1 100 1 12 9 1 100 10 8 1 12 10 1 100 1 100 1 7 1 100 1 100 1 12 10 1 1 12 9 100 12 10 1 12 11 1 12 10 1 12 10 1 7 10 12 10 1 12 10 12 10 1 7 1 7 1 12 10 1 12 10 12 10 12 9 1 1 12 9 1 7 1 12 10 1 1 7 1 1 7 1 1 7 1 12 11 1 12 9 1 12 10 12 10 1 1 7 1 1 12 10 12 10 1 7 1 12 9 1 12 9 1 12 10 1 100 1 12 9 1 100 1 12 9 1 1 1 1 1 1 100 1 1 1 7 12 9 1 7 1 1 12 9 1 1 1 7 1 1 1 1 1 1 1 1 100 1 1 1 1 1 1 1 1 100 1 1 1 1 1 7 1 1 1 12 10 1 12 10 1 1 12 9 1 100 1 12 10 1 100 12 10 1 1 1 1 1 1 1 1 1 1 1 1 100 1 1 1 1 1 1 1 1 1 1 1 100 1 1 1 1 100 1 1 1 1 1 100 1 1 1 1 1 1 1 1 1 1 1 1 1 1 1 1 1 1 1 1 1 1 1 1 1 1 1 1 1 7 1 1 1 1 1 1 7 1 1 1 1 1 1 1 100 1 1 1 1 1 1 100 1 1 1 1 1 1 1 1 7 1 1 12 10 1 1 1 1 1 1 1 1 1 1 1 1 1 1 1 1 1 1 1 1 1 1 1 1 1 7 1 1 1 1 1 1 1 1 1 1 1 1 100 1 1 1 1 1 1 1 1 1 1 1 1 1 1 1 1 1 1 1 1 1 100 1 1 1 1 100 1 1 1 1 1 1 1 100 1 1 1 1 7 1 7 1 7 1 7 1 1 1 1 1 1 1 1 1 1 1 1 1 1 1 1 1 1 7 1 1 1 1 100 1 1 1 1 100 1 1 1 1 1 1 1 100 1 1 1 1 1 1 1 100 1 1 1 1 100 1 1 1 1 100 1 1 1 1 100 1 1 1 1 12 10 1 12 10 12 10 1 1 1 100 12 10 1 100 1 8 1 12 10 1 1 1 100 1 8 1 12 18 10 1 1 1 8 1 1 1 12 10 1 1 1 1 10 12 10 12 10 12 10 1 100 1 12 9 1 1 10 10 12 10 12 10 16 15 16 1 1 12 18 1 1 12 10 11 1 1 12 10 12 9 1 12 9 1 100 1 12 10 1 1 1 7 11 1 1 1 1 1 1 1
staticfield com/android/tools/r8/internal/rD h Z 1
instanceKlass com/android/tools/r8/internal/si
ciInstanceKlass com/android/tools/r8/internal/Sg 1 1 345 1 8 1 1 7 1 7 1 100 1 100 1 1 1 1 1 1 1 1 1 12 10 1 12 9 1 7 1 1 12 10 1 7 1 1 12 9 1 12 9 1 100 1 1 12 10 12 9 1 1 1 12 9 1 1 1 12 9 1 100 1 1 12 10 1 1 1 12 9 1 100 1 1 12 10 1 1 12 10 1 1 1 1 1 12 9 1 7 1 12 10 1 7 1 1 12 10 1 7 1 12 10 1 7 1 12 10 1 12 9 1 12 9 1 7 1 12 11 12 10 12 10 1 7 1 12 10 1 7 1 12 10 1 12 10 5 0 1 7 10 12 10 1 7 10 1 7 1 12 10 5 0 5 0 1 7 10 1 7 10 5 0 1 7 10 1 7 10 1 1 100 10 1 100 1 12 10 1 100 1 12 10 1 1 8 1 12 10 1 1 1 12 10 1 12 10 1 8 1 100 1 1 12 10 15 1 12 18 1 8 1 12 18 1 1 12 10 1 1 12 10 1 5 0 5 0 1 1 1 1 1 7 1 12 10 1 100 1 1 12 9 1 1 1 1 1 12 9 1 12 10 1 7 1 12 9 1 7 1 7 12 10 12 9 1 7 1 12 9 1 12 10 1 100 1 1 100 1 12 9 1 100 1 12 10 1 100 10 1 100 1 12 10 12 10 1 12 10 12 10 1 12 10 1 1 1 100 1 12 10 1 12 10 1 100 1 1 12 10 1 100 1 12 9 1 1 12 10 12 10 12 10 1 1 7 1 12 10 1 1 1 1 1 1
staticfield com/android/tools/r8/internal/Sg k Z 1
ciInstanceKlass com/android/tools/r8/internal/FI 1 1 368 1 8 1 1 7 1 7 1 100 1 100 1 100 1 1 1 1 1 1 12 10 12 9 12 9 1 100 1 1 12 9 1 100 1 1 12 9 1 100 1 1 12 10 1 100 11 1 100 1 12 10 1 1 1 7 1 1 12 10 1 1 1 1 1 100 1 12 10 1 1 1 7 1 12 9 1 1 1 8 1 1 7 1 12 10 1 7 1 12 10 1 1 12 10 12 10 1 1 12 10 1 7 1 1 12 10 1 12 10 1 12 10 1 7 1 12 10 1 100 1 12 10 1 1 7 1 12 10 12 10 1 1 1 1 100 1 1 12 10 1 100 1 12 9 1 100 1 12 10 1 100 1 12 9 1 100 1 100 1 12 9 1 7 1 1 12 10 1 100 1 100 1 1 12 10 1 1 12 10 12 9 1 1 12 10 1 12 10 1 100 1 12 9 1 12 10 1 1 100 10 1 12 9 1 12 9 1 100 9 1 12 10 1 100 9 1 12 10 1 12 9 1 100 12 9 12 9 12 10 1 1 100 1 12 10 1 100 1 12 10 1 1 12 10 1 100 1 12 10 1 100 1 12 10 1 1 12 10 1 100 1 1 12 10 1 100 1 12 9 1 1 12 9 1 12 9 1 100 1 12 10 1 100 12 10 1 1 12 10 1 12 10 12 9 1 12 9 1 12 10 1 100 1 12 10 1 100 1 12 10 1 100 12 10 1 12 9 1 1 12 10 1 100 1 12 10 1 100 12 9 1 1 12 10 1 100 1 12 10 12 10 1 12 10 1 100 1 12 10 1 1 100 1 12 10 1 1 100 1 12 10 1 1 1 1 1 1
staticfield com/android/tools/r8/internal/FI m Z 1
ciInstanceKlass com/android/tools/r8/internal/HX 1 1 330 1 8 1 1 7 1 7 1 100 1 100 1 7 1 1 100 1 100 1 1 1 1 1 1 1 1 1 12 10 12 9 12 9 1 100 1 12 10 1 100 12 9 1 1 10 1 1 7 1 1 12 10 1 1 1 1 1 1 1 100 1 12 10 1 1 12 9 1 1 12 9 1 7 1 1 12 9 1 7 1 12 11 1 7 1 12 10 1 12 10 1 1 12 10 1 8 1 100 1 1 12 10 15 1 12 18 1 1 12 10 1 1 12 10 1 1 8 1 12 10 1 1 1 1 100 1 12 9 1 100 1 12 10 1 1 1 100 1 12 10 1 1 100 12 10 1 100 1 12 10 1 1 1 7 1 12 10 1 7 1 12 10 1 1 7 1 1 12 10 1 100 1 12 10 1 1 12 10 1 12 10 1 1 12 9 1 7 1 1 12 11 1 1 12 9 1 100 1 12 10 1 100 1 12 10 1 1 12 10 1 12 10 1 12 10 1 100 1 12 10 1 12 10 1 100 1 100 1 12 10 1 100 12 10 1 12 10 1 1 12 9 1 12 9 1 12 10 1 100 1 12 10 1 1 12 10 1 100 1 12 10 1 100 1 1 12 9 1 100 1 12 9 1 8 1 1 1 12 10 1 100 12 10 1 1 12 10 10 1 12 10 1 100 1 12 10 1 1 12 10 1 1 12 9 1 12 9 1 12 10 1 1 100 1 12 10 1 1 100 1 12 10 1 1 1 1 1 1 1
staticfield com/android/tools/r8/internal/HX k Z 1
instanceKlass com/android/tools/r8/internal/Wh0
instanceKlass com/android/tools/r8/internal/vo0
instanceKlass com/android/tools/r8/internal/ip0
instanceKlass com/android/tools/r8/internal/zy
instanceKlass com/android/tools/r8/internal/zA
ciInstanceKlass com/android/tools/r8/internal/OJ 1 1 66 1 8 1 1 7 1 7 1 1 1 1 1 12 10 1 12 10 1 1 12 10 1 1 7 1 1 12 10 12 9 1 1 1 1 1 100 1 8 1 12 10 1 1 1 7 1 12 9 1 1 1 1 1 100 1 1 12 9 1 1 1 1 1 1 1
staticfield com/android/tools/r8/internal/OJ i Z 1
ciInstanceKlass com/android/tools/r8/internal/zA 1 1 311 1 8 1 1 7 1 7 1 7 1 1 1 1 1 1 1 1 1 12 10 1 7 1 1 12 9 1 7 1 1 12 10 1 7 1 1 12 10 1 16 1 12 10 15 1 16 1 100 1 1 12 10 15 1 1 12 18 1 12 10 1 12 10 1 1 12 9 1 100 1 1 12 10 1 1 12 9 1 1 1 12 10 1 12 10 1 12 10 1 7 1 1 12 10 1 1 12 10 1 7 11 1 1 12 11 1 12 10 1 100 1 12 10 1 12 10 11 1 1 7 1 12 9 1 1 12 9 1 7 1 1 12 10 1 7 1 12 10 1 12 10 1 1 1 100 12 10 1 12 10 1 1 12 10 1 12 10 1 8 1 12 10 1 12 10 1 8 10 1 1 1 8 1 12 10 1 12 10 1 1 12 10 1 1 100 1 1 12 10 1 12 10 1 12 10 1 12 10 1 100 1 1 12 10 1 12 10 1 1 12 10 1 100 12 10 1 100 1 12 10 1 12 9 1 7 1 12 10 1 100 1 8 1 100 1 1 12 10 15 1 12 18 10 1 1 100 1 100 1 12 10 1 12 10 1 12 10 1 100 10 1 1 100 1 12 10 1 12 10 1 1 1 100 1 12 10 1 100 1 100 12 9 1 12 9 1 100 1 12 10 1 1 12 10 1 1 12 10 1 1 7 1 12 10 1 1 1 1 1 1
staticfield com/android/tools/r8/internal/zA k Z 1
ciInstanceKlass com/android/tools/r8/internal/ip0 1 1 173 1 8 1 1 7 1 7 1 100 1 1 1 1 12 10 1 1 1 7 1 1 12 10 12 9 1 1 1 1 1 1 7 1 7 1 1 12 9 1 7 1 1 12 10 1 7 1 1 12 9 1 7 1 1 12 9 1 7 1 1 12 11 1 12 10 1 12 10 1 1 1 100 1 8 1 12 10 1 1 1 12 10 1 1 1 1 100 1 12 9 1 1 100 1 12 10 1 1 100 12 10 1 100 1 12 10 1 1 100 12 10 1 1 1 12 10 1 100 1 1 12 10 1 100 1 100 1 1 12 10 1 100 12 10 1 1 12 10 1 12 10 1 1 12 10 1 12 10 1 1 12 10 1 100 1 12 9 1 100 1 12 10 1 100 1 12 9 1 1 1 1 1
staticfield com/android/tools/r8/internal/ip0 j Z 1
ciInstanceKlass com/android/tools/r8/internal/B40$b$a 1 1 70 1 8 1 1 7 1 1 7 1 7 1 7 1 1 1 1 1 1 12 10 1 1 7 1 1 12 10 12 9 1 1 1 12 9 1 12 9 1 100 10 1 12 9 1 12 9 1 1 12 9 12 9 1 12 9 1 12 10 1 12 10 1 1 1 1 1 1 1 1
staticfield com/android/tools/r8/internal/B40$b$a h Z 1
ciInstanceKlass com/android/tools/r8/internal/B40$b 1 1 136 1 8 1 1 7 1 7 1 1 7 1 1 7 1 1 1 1 1 1 16 12 10 15 1 7 1 1 12 10 15 1 12 18 1 7 1 1 12 10 1 7 12 11 1 7 1 12 10 1 16 1 1 12 10 15 1 16 1 1 12 18 1 1 12 10 1 1 12 10 12 9 1 12 9 1 100 1 12 10 1 1 10 10 1 1 7 1 1 12 10 10 12 9 1 1 1 1 12 10 1 12 9 1 12 10 1 12 10 1 12 9 12 9 12 9 12 9 1 12 9 9 1 12 10 15 18 1 1 1 1 1 1 1 1 1
staticfield com/android/tools/r8/internal/B40$b h Lcom/android/tools/r8/internal/B40$b; com/android/tools/r8/internal/B40$b
staticfield com/android/tools/r8/internal/B40$b i Z 1
ciInstanceKlass com/android/tools/r8/internal/sG 1 1 179 1 8 1 1 7 1 7 1 100 1 100 1 100 1 1 1 1 1 1 1 12 10 12 9 1 12 10 12 9 1 7 1 1 12 10 1 1 1 1 100 1 8 1 8 1 100 1 1 12 10 1 8 1 100 1 12 10 1 1 12 10 1 1 1 1 12 10 12 10 1 1 1 1 1 1 1 1 1 100 1 100 1 8 10 1 1 12 10 1 8 1 12 10 1 1 12 10 10 1 100 1 8 1 8 1 100 1 12 10 10 1 8 1 100 1 12 10 1 100 1 1 100 12 11 1 100 12 11 1 1 1 100 1 1 12 10 1 100 1 1 12 11 1 1 1 7 1 12 10 1 1 1 1 12 10 5 0 5 0 1 100 1 1 12 10 1 12 10 12 10 1 8 1 1 1 1 1 1
ciInstanceKlass com/android/tools/r8/internal/h8 1 1 90 1 8 1 1 7 1 7 1 100 1 1 1 1 1 1 1 1 1 12 10 12 9 1 100 1 1 12 11 1 100 1 1 12 11 1 16 1 100 1 12 10 15 1 16 1 100 1 1 12 10 15 1 1 12 18 1 100 1 1 12 11 1 100 10 12 9 1 1 7 1 1 12 10 1 7 1 1 12 10 12 10 12 9 1 1 1 1 1 1
staticfield com/android/tools/r8/internal/h8 b Lcom/android/tools/r8/internal/h8; com/android/tools/r8/internal/h8
staticfield com/android/tools/r8/internal/h8 c Z 1
ciInstanceKlass com/android/tools/r8/graph/j0 1 1 172 1 8 1 1 7 1 1 7 1 100 1 1 1 1 1 1 1 1 1 1 16 1 12 10 15 16 1 100 1 1 12 10 15 1 1 12 18 1 100 1 12 10 1 12 10 15 16 18 12 10 15 18 1 12 10 1 1 1 12 10 12 9 12 9 12 9 1 1 7 1 1 12 11 1 7 1 1 12 11 1 7 1 1 12 11 1 100 1 7 1 1 12 11 1 1 12 11 1 7 1 12 10 1 7 1 1 12 11 1 1 12 10 1 1 16 12 10 15 12 18 1 1 7 12 10 1 1 1 12 10 1 100 1 12 10 1 100 12 10 1 100 1 12 10 1 100 1 8 1 100 1 1 12 10 15 1 12 18 1 100 10 1 8 1 1 1 1 1 1 1 1
staticfield com/android/tools/r8/graph/j0 e I 0
ciInstanceKlass com/android/tools/r8/internal/ab 1 1 98 1 8 1 1 7 1 7 1 7 1 1 1 1 1 1 1 1 12 9 1 12 10 1 7 1 12 10 12 9 12 9 3 1 100 1 12 10 1 1 7 1 1 12 10 1 1 12 9 1 12 9 12 10 1 7 1 1 12 10 1 12 10 1 12 10 1 7 1 12 9 1 12 9 1 1 1 100 12 10 1 8 1 100 1 1 12 10 15 1 12 18 1 1 1 1 1 1
staticfield com/android/tools/r8/internal/ab d Z 1
ciInstanceKlass com/android/tools/r8/internal/d3 1 1 163 1 8 1 1 7 1 7 1 100 1 1 1 1 1 1 1 1 12 10 12 9 12 9 1 1 1 7 1 1 12 10 12 9 1 1 1 1 12 9 1 7 1 12 10 1 100 1 12 9 1 1 1 1 1 7 1 12 9 1 1 100 1 8 1 12 10 1 3 1 1 7 1 12 9 1 1 12 10 1 1 12 9 1 7 1 12 10 1 7 1 12 10 1 12 10 1 1 12 10 1 1 1 1 100 1 12 9 1 1 1 100 12 10 1 1 100 1 1 12 10 1 1 1 12 10 1 1 1 1 1 1 100 1 12 10 1 1 12 10 1 100 1 1 12 10 1 100 1 100 1 12 11 1 1 12 11 10 1 1 1 1 1
staticfield com/android/tools/r8/internal/d3 k Z 1
instanceKlass com/android/tools/r8/internal/NF
instanceKlass com/android/tools/r8/internal/SF
instanceKlass com/android/tools/r8/internal/MF
ciInstanceKlass com/android/tools/r8/internal/RF 1 1 88 1 8 1 1 7 1 7 1 1 1 1 1 1 1 1 1 1 1 1 12 9 1 12 10 1 7 12 9 12 9 12 9 1 12 9 12 9 12 9 9 1 1 1 1 12 10 1 12 9 100 3 12 9 1 100 1 12 10 1 100 12 10 9 1 100 10 1 1 12 9 1 12 10 1 1 12 10 1 12 10 1 100 10 1 1 1 1
ciInstanceKlass com/android/tools/r8/internal/MF 1 1 44 1 8 1 1 7 1 7 1 100 1 1 1 1 1 1 12 9 12 10 1 1 12 10 12 9 1 7 1 1 12 9 1 1 1 1 12 10 1 12 10 1 1 1
instanceKlass com/android/tools/r8/internal/kw
instanceKlass com/android/tools/r8/internal/lw
instanceKlass com/android/tools/r8/internal/Hl0
instanceKlass com/android/tools/r8/internal/Gl0
instanceKlass com/android/tools/r8/internal/f40
ciInstanceKlass com/android/tools/r8/internal/vt0 1 1 965 1 8 1 1 7 1 1 7 1 100 1 7 1 100 1 100 1 1 1 1 1 1 1 1 1 1 1 1 1 1 1 1 1 1 1 1 1 1 1 1 1 1 1 12 9 1 16 1 1 12 10 15 1 16 1 7 1 1 12 10 15 1 1 12 18 1 7 1 1 12 10 12 9 1 12 9 1 12 10 15 1 16 1 12 18 12 9 1 1 1 12 10 12 9 1 7 1 12 10 1 12 10 1 7 1 100 1 100 1 100 1 8 1 100 1 1 12 10 15 1 12 18 1 100 1 1 12 10 1 100 1 100 1 1 12 10 1 1 12 10 1 12 10 1 12 10 1 12 9 1 7 1 1 12 10 1 7 1 1 12 10 1 100 1 8 1 12 18 1 12 10 1 12 10 1 12 10 1 12 10 1 12 10 1 12 10 1 12 10 1 12 10 1 12 10 1 12 10 1 12 10 1 12 10 12 9 1 7 1 12 10 12 9 1 1 12 10 1 7 1 12 10 1 100 1 12 10 1 12 10 1 12 10 12 10 1 12 10 12 10 1 12 10 1 12 10 1 1 12 10 1 100 1 12 10 1 100 1 12 9 1 1 1 7 1 1 1 1 1 7 1 12 9 1 7 1 12 9 1 12 10 1 7 1 7 1 7 1 12 10 1 7 12 11 12 11 1 12 11 1 12 11 1 1 12 10 1 100 1 1 12 9 1 12 9 1 12 9 1 100 12 10 1 12 10 1 7 1 12 10 1 12 9 1 1 12 10 12 9 12 10 12 9 1 10 10 1 12 10 1 1 12 11 1 7 1 100 1 12 11 1 1 12 11 1 12 10 1 1 7 1 12 10 1 12 11 1 1 7 10 1 12 10 1 12 10 1 1 1 12 10 1 12 11 10 1 10 1 12 10 12 10 12 10 1 1 1 1 12 10 1 7 12 10 12 10 1 7 1 12 10 1 7 10 1 12 10 1 100 1 1 12 10 1 1 12 10 1 100 12 10 1 12 10 11 1 12 10 1 1 7 11 1 1 1 7 10 1 16 12 10 15 1 16 1 1 12 18 1 7 1 12 10 12 10 12 11 1 1 12 11 1 1 100 1 1 12 10 15 1 12 18 1 12 10 1 12 10 1 7 10 1 12 10 12 10 1 1 12 9 1 12 9 12 10 12 10 10 12 10 1 12 10 1 1 7 1 1 7 1 1 12 10 1 1 1 1 100 1 8 10 1 1 12 10 1 8 1 12 10 1 12 10 1 1 12 10 1 1 12 11 1 12 10 15 1 12 18 1 100 1 12 11 1 8 1 1 12 10 1 12 10 1 8 1 12 10 1 8 12 9 12 10 1 1 1 7 1 12 10 1 1 12 10 1 12 10 1 7 15 1 12 18 12 10 10 1 12 10 1 1 12 10 15 18 1 12 10 1 100 1 12 10 1 100 12 10 1 100 1 1 100 1 1 7 1 12 10 1 12 10 1 7 1 12 9 12 10 1 12 9 1 100 12 9 1 100 1 12 9 1 100 12 10 12 10 1 1 1 1 12 10 15 18 12 10 1 12 10 15 18 1 1 12 10 1 12 10 1 12 9 1 100 1 1 12 10 12 10 1 12 10 1 100 12 10 1 12 10 1 12 11 1 1 12 10 1 7 11 12 10 12 10 1 1 7 1 12 10 1 12 10 1 12 10 1 1 12 10 1 12 9 1 12 9 1 12 10 1 12 10 10 1 100 1 8 1 12 18 12 10 1 12 10 1 8 1 12 18 1 1 12 10 1 1 100 12 9 1 12 10 1 12 10 1 12 10 10 15 16 18 12 10 12 10 1 12 10 1 12 9 1 12 10 1 100 12 10 10 12 10 1 100 12 10 1 12 10 1 100 12 10 1 12 9 12 9 12 9 1 12 10 1 12 10 1 1 12 10 1 100 12 10 1 12 10 12 10 1 12 10 12 10 15 18 10 1 12 10 1 1 1 1 12 10 1 12 10 1 100 1 12 11 11 12 10 15 18 1 1 12 11 1 12 11 12 11 1 100 11 12 10 1 12 11 1 100 1 12 10 12 9 1 12 10 12 11 1 10 10 12 9 12 9 12 9 1 12 10 15 18 1 100 1 100 1 100 1 100 1 100 1 12 10 1 100 1 1 7 1 12 10 12 10 12 9 1 1 1 1 1 1 1 1
staticfield com/android/tools/r8/internal/vt0 p Lcom/android/tools/r8/internal/vt0; com/android/tools/r8/internal/vt0
staticfield com/android/tools/r8/internal/vt0 q Z 1
ciInstanceKlass com/android/tools/r8/internal/VC 1 1 314 1 8 1 1 7 1 7 1 100 1 100 1 100 1 1 1 1 1 1 1 1 12 10 1 7 1 1 12 9 1 7 1 1 12 10 1 1 12 9 1 7 1 1 12 9 1 7 1 12 10 1 100 1 1 12 10 1 1 12 10 1 7 1 1 1 12 9 1 1 1 12 10 1 7 1 12 10 1 1 12 10 1 7 1 12 10 12 10 1 1 12 10 1 7 1 12 10 1 100 1 8 1 100 1 1 12 10 15 1 12 18 1 12 10 1 7 1 12 10 1 7 10 1 7 10 1 7 10 1 7 10 1 7 10 1 7 10 1 100 1 12 10 1 1 1 1 1 7 1 1 12 10 1 12 10 1 1 100 1 12 10 1 1 1 1 1 1 12 10 1 12 10 1 8 1 12 18 1 1 7 1 1 12 10 1 12 10 1 1 1 100 1 100 1 12 9 1 100 1 12 10 1 100 1 12 10 1 100 1 1 12 10 1 100 1 100 1 1 12 10 1 12 10 1 12 10 1 1 1 1 1 1 7 1 1 12 10 1 100 1 12 10 1 1 100 1 12 10 1 1 100 1 12 10 12 10 1 1 100 1 12 10 1 1 100 1 12 10 1 12 10 1 1 12 10 1 100 1 12 10 1 12 10 10 1 12 9 1 100 12 9 1 12 10 1 12 10 1 1 7 1 12 10 1 1 12 10 1 1 1 1 1 1
staticfield com/android/tools/r8/internal/VC k Z 1
instanceKlass com/android/tools/r8/internal/En0
instanceKlass com/android/tools/r8/internal/cH
ciInstanceKlass com/android/tools/r8/internal/vo0 1 1 69 1 8 1 1 7 1 7 1 1 1 1 1 1 1 1 1 12 10 12 9 12 9 1 1 1 7 1 1 12 10 12 9 1 1 1 7 1 12 10 1 7 1 1 12 10 1 7 1 1 12 11 1 1 1 12 10 1 1 12 11 1 1 1 1 1 1 1 1
staticfield com/android/tools/r8/internal/vo0 l Z 1
ciInstanceKlass com/android/tools/r8/internal/cH 1 1 293 1 8 1 1 7 1 7 1 100 1 100 1 1 1 1 1 1 12 9 1 12 10 1 12 10 12 9 1 100 1 1 12 10 1 7 100 1 12 10 5 0 5 0 5 0 5 0 1 1 7 1 1 12 9 1 7 1 1 12 10 1 7 1 1 12 10 1 1 12 10 1 1 12 10 1 100 1 1 12 10 1 100 1 100 1 7 10 1 100 1 1 12 9 1 100 1 12 10 1 100 1 12 10 1 100 1 1 12 10 1 12 10 1 1 1 1 1 1 1 1 1 1 12 9 1 7 1 1 12 9 1 7 1 12 11 1 12 9 12 10 1 7 1 12 10 1 12 9 1 1 12 9 1 12 9 1 7 1 12 10 1 1 12 10 1 12 10 1 7 10 10 1 12 10 1 12 10 1 1 1 1 1 100 12 10 1 12 10 1 100 1 12 10 1 1 12 10 1 12 10 1 8 1 12 10 1 8 1 12 10 1 8 1 12 10 10 1 1 100 1 12 10 10 12 10 1 1 12 10 12 9 1 100 1 100 1 12 9 11 1 12 9 1 12 10 1 12 10 12 9 1 1 1 100 1 12 10 1 1 12 10 1 12 9 1 12 9 3 5 0 1 5 0 5 0 1 100 1 1 12 10 1 1 7 1 12 10 1 1 1 1 1
staticfield com/android/tools/r8/internal/cH n Z 1
instanceKlass com/android/tools/r8/internal/nG
ciInstanceKlass com/android/tools/r8/internal/JF 1 1 87 1 8 1 1 100 1 7 1 100 1 100 1 1 12 10 1 1 1 1 1 100 10 1 1 1 100 1 1 12 9 1 12 10 1 1 1 100 1 12 9 1 1 1 100 1 12 9 1 1 1 100 1 12 9 1 1 1 1 1 1 7 1 100 12 11 1 1 1 8 1 1 12 10 1 12 10 1 1 1 1 1 1 1 1 1 1
ciInstanceKlass com/android/tools/r8/internal/nG 1 1 103 1 8 1 1 7 1 7 1 100 1 1 12 10 1 1 1 1 1 7 1 1 12 9 1 1 1 1 100 1 12 9 1 1 100 1 12 9 1 1 1 1 100 10 1 1 1 100 1 12 10 12 10 12 10 1 12 10 1 1 12 10 1 1 12 10 1 12 10 1 12 10 1 1 12 10 12 10 1 1 1 1 12 10 1 12 10 1 1 12 10 1 12 10 1 1 12 10 1 1 1 1 1
ciInstanceKlass com/android/tools/r8/internal/HF 1 0 13 1 8 1 1 100 1 100 1 100 1 1 1
ciInstanceKlass com/android/tools/r8/internal/qW 1 1 187 1 8 1 1 7 1 7 1 1 1 1 1 1 1 1 1 12 10 12 9 12 9 1 1 1 7 1 1 12 10 12 9 1 1 1 1 1 1 1 12 9 1 1 12 9 1 7 1 1 12 9 1 7 1 12 11 1 7 1 12 10 1 12 10 1 1 100 1 8 1 12 10 1 1 1 7 1 1 12 10 1 7 1 1 12 9 1 7 1 12 10 1 1 12 10 1 1 7 1 1 12 10 1 12 9 1 100 1 12 10 1 100 1 1 12 10 1 100 1 12 10 1 12 9 1 100 12 10 1 7 1 12 9 1 12 9 1 1 100 1 12 9 1 1 100 1 12 10 1 1 1 1 1 7 1 12 10 1 7 1 12 10 1 1 1 1 1 1 100 1 1 12 10 1 1 12 10 1 100 1 12 10 1 1 1 1
staticfield com/android/tools/r8/internal/qW k Z 1
ciInstanceKlass com/android/tools/r8/internal/fF 1 1 106 1 8 1 1 7 1 7 1 100 1 1 1 1 1 1 1 1 12 10 1 3 12 9 1 1 3 3 1 1 3 1 3 1 12 9 12 9 1 1 1 1 12 9 1 1 100 1 12 10 12 9 1 100 1 100 12 10 1 1 1 100 1 12 11 1 100 1 1 12 10 1 12 11 1 1 100 1 1 12 10 1 1 1 100 10 1 1 12 10 1 8 1 12 10 1 12 10 12 10 12 10 1 1 1 1
ciInstanceKlass com/android/tools/r8/internal/VH 1 1 39 1 8 1 1 7 1 7 1 1 1 1 1 1 1 12 10 1 1 1 8 12 10 12 9 1 8 12 9 1 8 12 9 1 1 1 1 1 1
staticfield com/android/tools/r8/internal/VH b Lcom/android/tools/r8/internal/VH; com/android/tools/r8/internal/VH
staticfield com/android/tools/r8/internal/VH c Lcom/android/tools/r8/internal/VH; com/android/tools/r8/internal/VH
staticfield com/android/tools/r8/internal/VH d Lcom/android/tools/r8/internal/VH; com/android/tools/r8/internal/VH
instanceKlass com/android/tools/r8/internal/nF
instanceKlass com/android/tools/r8/internal/gF
instanceKlass com/android/tools/r8/internal/sF
ciInstanceKlass com/android/tools/r8/internal/rF 1 1 80 1 8 1 1 7 1 7 1 1 1 1 1 1 1 1 1 1 12 9 1 12 10 12 9 1 7 12 9 12 9 1 1 1 12 9 1 7 1 12 10 1 12 10 9 12 10 1 100 10 12 10 12 10 12 10 1 1 1 1 1 100 12 9 1 12 10 1 100 10 1 1 10 1 12 10 1 1 1 1
ciInstanceKlass com/android/tools/r8/internal/AZ 1 1 31 1 8 1 1 7 1 7 1 100 1 1 1 1 12 10 12 9 1 1 1 1 100 12 10 1 12 10 1 1 1
ciInstanceKlass com/android/tools/r8/internal/tF 1 1 166 1 8 1 1 7 1 7 1 100 1 1 1 1 1 1 1 1 1 1 1 1 1 1 1 1 1 1 7 1 12 10 1 12 9 1 7 1 7 12 9 12 9 3 12 9 3 12 9 1 1 12 9 12 9 1 1 12 10 9 9 1 100 12 9 100 1 12 10 3 12 10 3 1 12 10 1 12 10 12 10 12 10 12 10 1 12 9 1 1 1 12 10 12 10 1 1 1 100 1 12 10 1 100 12 10 1 1 12 9 12 9 12 9 1 12 10 1 1 1 1 1 100 12 10 1 1 7 10 1 1 1 100 10 1 1 1 100 10 1 1 1 1 7 1 12 10 1 1 1 1 12 10 10 12 10 1 100 1 100 10 10 1 1 1 1
ciInstanceKlass com/android/tools/r8/internal/hA 1 1 115 1 8 1 1 7 1 1 7 1 100 1 1 1 1 1 1 1 1 12 10 12 9 1 100 1 1 12 10 12 9 12 9 1 1 1 16 12 10 15 1 100 1 1 12 10 15 12 18 1 1 7 1 1 12 10 1 5 0 12 10 5 0 5 0 1 1 5 0 5 0 5 0 1 1 1 16 1 12 10 15 16 1 1 12 18 1 100 1 12 10 12 10 15 18 10 1 1 1 12 10 1 1 7 1 12 10 5 0 1 1 1 1 1 1
staticfield com/android/tools/r8/internal/hA d Z 1
ciInstanceKlass com/android/tools/r8/internal/K5 1 1 1198 1 8 1 1 7 1 7 1 7 1 7 1 100 1 100 1 100 1 100 1 1 7 1 7 1 1 1 1 1 1 1 1 1 1 1 1 1 1 1 1 1 1 1 1 1 1 1 1 12 9 1 7 1 12 9 1 7 1 1 12 11 12 9 1 1 12 11 1 7 1 1 12 10 12 9 1 100 1 1 12 10 1 7 1 12 10 1 12 10 1 1 12 11 1 16 1 12 10 15 1 16 1 7 1 1 12 10 15 1 1 12 18 1 100 1 1 12 11 1 12 10 1 12 11 12 10 1 12 9 1 7 1 12 10 10 1 7 1 1 12 10 1 7 1 12 10 1 1 12 10 1 12 10 1 8 1 12 10 1 12 10 1 12 10 1 100 12 9 1 7 10 1 1 12 11 1 7 1 12 11 1 1 12 11 1 12 10 1 8 1 8 1 1 12 10 1 8 10 1 1 12 10 1 7 10 1 1 7 12 9 1 10 1 1 12 10 1 12 10 1 12 10 11 1 12 10 1 7 1 12 10 1 1 12 9 1 7 12 10 1 7 1 1 12 10 1 12 10 1 100 1 12 10 16 1 7 1 12 10 15 1 16 1 1 12 18 1 7 12 11 1 12 10 1 12 10 1 7 11 1 1 12 9 1 12 10 12 10 1 8 1 7 1 12 10 1 12 10 1 1 8 1 7 1 100 12 10 1 12 10 1 12 10 1 12 10 10 1 12 10 1 12 10 10 1 12 10 1 1 12 10 12 10 1 12 10 1 12 10 1 12 11 1 1 12 10 1 1 12 10 1 12 10 1 8 1 1 12 10 1 12 10 11 1 1 8 12 10 1 12 10 1 12 10 1 12 10 9 1 7 1 12 10 12 10 1 12 9 1 100 12 10 1 7 1 12 10 1 12 10 1 100 1 100 1 12 10 12 10 1 1 12 10 1 12 10 1 12 10 1 12 10 12 9 10 1 12 9 1 7 10 1 12 10 1 1 12 10 1 100 12 9 1 12 9 100 1 12 10 1 12 10 1 8 12 9 1 12 10 1 1 12 9 10 12 9 1 1 8 1 100 1 1 12 10 15 1 12 18 1 8 1 1 16 12 10 15 1 12 18 12 10 15 18 1 1 12 10 1 12 10 1 1 12 10 1 12 9 1 7 1 12 11 1 12 11 12 10 12 10 15 16 1 12 18 1 1 12 10 12 10 12 9 1 10 12 9 1 7 1 12 10 1 8 1 12 18 10 10 1 7 1 1 12 10 1 1 7 10 10 1 1 100 1 7 10 12 9 12 9 1 12 10 12 9 12 9 1 12 10 11 1 7 1 12 11 1 12 11 1 12 10 10 11 1 11 1 1 12 10 1 1 7 12 10 1 12 10 1 7 12 10 11 15 1 12 18 1 12 10 1 12 10 12 10 1 12 10 1 12 10 9 12 9 12 9 11 10 1 12 10 12 10 1 12 10 1 12 10 12 10 1 12 10 11 1 12 11 12 9 1 12 10 10 15 1 16 1 12 18 1 1 12 11 1 1 12 11 1 7 10 1 1 100 1 100 10 1 12 10 12 10 1 12 10 1 1 12 9 1 12 10 1 12 9 1 1 12 10 12 9 1 12 10 1 1 12 10 1 1 12 10 11 1 12 9 1 1 1 12 10 1 1 12 10 1 100 10 1 8 1 1 12 10 1 12 10 1 8 18 1 8 18 1 8 18 1 8 1 12 18 1 8 18 1 8 16 12 10 15 16 1 1 12 18 1 100 12 10 12 11 1 12 10 1 8 12 10 15 1 12 18 1 8 10 1 8 1 8 12 10 1 8 1 8 12 9 1 8 1 100 1 12 10 1 12 9 1 8 1 12 10 1 12 10 1 12 10 1 100 1 1 12 10 1 12 10 1 1 12 10 1 12 10 1 12 10 1 12 10 1 8 12 10 1 100 12 9 11 1 8 1 8 1 8 10 10 1 1 12 10 11 10 1 7 1 1 12 10 1 12 10 12 9 1 12 9 10 1 12 10 1 12 9 1 100 1 12 10 15 1 16 1 12 18 1 12 10 1 1 12 10 1 1 7 1 12 9 1 7 1 12 10 1 1 12 10 1 1 12 10 1 10 12 10 11 12 10 12 10 9 1 12 10 1 100 1 12 9 12 10 1 1 12 9 1 100 1 1 12 9 1 1 12 10 1 12 10 12 9 1 100 1 100 10 1 12 9 1 7 12 10 1 12 10 1 12 10 1 12 10 12 10 12 10 12 10 9 12 11 1 100 1 8 1 12 10 12 9 1 12 9 1 12 10 1 12 10 12 10 1 7 10 1 12 10 10 1 12 10 11 10 10 1 7 1 12 10 12 10 1 12 10 12 10 12 11 12 9 12 10 15 16 1 12 18 11 12 10 15 18 10 1 1 12 10 15 1 12 18 1 12 11 1 12 10 1 7 1 12 11 1 1 100 10 1 100 1 12 10 12 10 1 100 12 11 12 10 1 1 100 10 1 1 12 10 10 12 9 1 12 10 1 100 1 12 11 1 12 10 1 100 1 7 1 7 12 11 10 1 1 100 1 12 10 10 1 12 10 1 8 1 100 1 1 12 11 1 1 12 10 1 12 9 12 10 10 1 1 12 10 12 10 1 1 7 1 12 10 1 1 100 10 10 1 12 10 11 1 12 10 15 18 12 10 15 18 11 1 1 1 1 1 1 1 1 1
staticfield com/android/tools/r8/internal/K5 p Z 1
ciInstanceKlass com/android/tools/r8/internal/z8 1 1 186 1 8 1 1 7 1 7 1 100 1 100 1 100 1 1 1 1 1 1 1 1 1 1 1 1 12 10 1 7 1 12 9 1 7 1 12 9 12 9 12 9 1 12 9 1 7 1 1 12 11 1 100 10 1 1 12 11 1 1 12 10 1 1 100 1 12 10 1 100 1 1 12 11 1 100 1 12 11 1 11 1 1 7 1 12 10 10 12 9 12 9 10 1 12 9 1 7 1 12 10 1 1 100 10 1 16 12 10 15 1 16 1 100 1 1 12 10 15 1 1 12 18 1 12 10 12 10 1 1 100 1 12 10 1 100 12 10 1 16 12 10 15 1 16 1 12 18 1 100 1 12 10 10 1 12 10 1 100 1 1 12 11 1 7 1 7 12 11 1 1 1 12 10 1 12 10 1 12 10 1 1 1 1 1 1
staticfield com/android/tools/r8/internal/z8 e Lcom/android/tools/r8/internal/z8; com/android/tools/r8/internal/z8
staticfield com/android/tools/r8/internal/z8 f Lcom/android/tools/r8/internal/z8; com/android/tools/r8/internal/z8
staticfield com/android/tools/r8/internal/z8 g Z 1
ciInstanceKlass com/android/tools/r8/internal/tt0 1 1 33 1 8 1 1 7 1 7 1 100 1 1 1 1 1 1 1 12 10 1 7 1 1 12 10 12 9 12 9 1 1 1 1
instanceKlass com/android/tools/r8/internal/Pm
instanceKlass com/android/tools/r8/internal/Sm
instanceKlass com/android/tools/r8/internal/Qm
instanceKlass com/android/tools/r8/internal/Tm
instanceKlass com/android/tools/r8/internal/Om
instanceKlass com/android/tools/r8/internal/Mm
ciInstanceKlass com/android/tools/r8/internal/Rm 1 1 56 1 8 1 1 7 1 7 1 7 1 1 1 1 1 1 1 1 1 1 12 10 12 9 12 9 12 9 1 100 10 1 100 12 9 1 1 7 1 1 12 10 1 1 1 1 1 12 10 1 1 1 1 1 1 1
staticfield com/android/tools/r8/internal/Rm d Z 1
ciInstanceKlass com/android/tools/r8/internal/Mm 1 1 26 1 8 1 1 7 1 7 1 100 1 1 12 10 1 1 1 1 1 1 1 1 1 1 1 1
ciInstanceKlass com/android/tools/r8/internal/QF 1 1 91 1 8 1 1 7 1 7 1 1 1 1 12 9 1 12 10 1 1 1 7 12 10 1 1 1 7 1 1 12 11 1 7 1 1 12 10 1 12 11 1 7 1 1 12 9 1 1 12 9 1 1 12 9 1 100 1 12 9 1 7 1 1 12 10 1 12 9 100 1 1 12 9 1 12 9 1 12 10 1 12 10 1 1 12 10 1 1 1 1 1
ciInstanceKlass com/android/tools/r8/internal/PF 1 1 85 1 8 1 1 7 1 7 1 100 1 100 1 1 1 1 1 1 12 9 1 12 10 12 9 1 1 1 7 1 12 9 1 1 1 12 9 1 1 1 1 1 12 11 1 7 1 12 10 12 11 1 1 100 1 1 12 10 1 1 1 100 10 1 1 12 10 1 8 1 12 10 1 12 10 12 10 1 1 12 10 1 1 1 1
instanceKlass com/android/tools/r8/internal/zo
instanceKlass com/android/tools/r8/internal/Gm
instanceKlass com/android/tools/r8/internal/Hm
instanceKlass com/android/tools/r8/internal/Fm
ciInstanceKlass com/android/tools/r8/internal/Yo 1 1 250 1 8 1 1 7 1 1 7 1 100 1 100 1 1 1 1 1 1 1 1 1 1 12 9 1 1 1 1 1 1 1 1 1 1 1 1 1 1 1 1 1 1 100 1 1 1 12 10 1 100 1 100 1 1 1 1 12 10 1 100 1 1 12 10 12 10 1 8 1 100 1 1 12 10 15 1 12 18 1 1 100 1 1 12 10 1 12 10 1 8 1 1 12 10 1 1 12 10 12 10 1 8 1 100 1 12 10 1 8 1 12 10 1 1 1 1 1 1 1 1 1 1 1 1 7 1 12 11 1 1 1 1 100 10 1 1 12 10 1 1 12 10 1 100 1 12 9 1 100 12 11 12 10 1 1 1 100 1 8 12 18 1 12 10 1 1 1 100 1 12 9 12 10 1 1 1 1 12 10 1 1 7 1 12 10 12 10 1 1 1 10 1 100 12 9 1 12 10 3 1 1 8 12 18 1 100 12 10 1 1 7 1 12 10 12 9 12 9 12 9 1 1 100 1 1 12 10 1 5 0 1 1 100 1 12 10 1 100 10 1 3 1 1 1 1 1 1 1 1
staticfield com/android/tools/r8/internal/Yo c [Lcom/android/tools/r8/internal/Yo; 0 [Lcom/android/tools/r8/internal/Yo;
staticfield com/android/tools/r8/internal/Yo d [I 0
staticfield com/android/tools/r8/internal/Yo e Z 1
instanceKlass com/android/tools/r8/internal/go
instanceKlass com/android/tools/r8/internal/eo
instanceKlass com/android/tools/r8/internal/bo
instanceKlass com/android/tools/r8/internal/fo
instanceKlass com/android/tools/r8/internal/co
ciInstanceKlass com/android/tools/r8/internal/Fm 1 1 20 1 8 1 1 100 1 7 1 1 12 10 1 12 10 1 1 1 1 1
instanceKlass com/android/tools/r8/internal/Xq
instanceKlass com/android/tools/r8/internal/uq
ciInstanceKlass com/android/tools/r8/internal/co 1 1 38 1 8 1 1 100 1 7 1 1 1 12 10 1 12 10 1 1 1 100 1 1 12 10 1 12 10 1 1 1 12 10 12 10 1 1 1 1
instanceKlass com/android/tools/r8/internal/Vn
instanceKlass com/android/tools/r8/internal/Mr
ciInstanceKlass com/android/tools/r8/internal/uq 1 1 53 1 8 1 1 100 1 7 1 1 1 12 10 1 12 10 1 1 12 10 1 100 10 1 100 10 1 100 10 1 1 7 1 12 10 1 1 1 1 3 1 1 1 8 1 1 8 1 1 1 1 1 1
ciInstanceKlass com/android/tools/r8/internal/Om 1 1 52 1 8 1 1 7 1 7 1 100 1 1 1 1 1 12 10 12 9 1 1 1 7 1 12 10 1 1 1 1 12 10 1 1 12 10 1 1 7 1 1 12 10 1 1 12 10 1 1 1 1 1
instanceKlass com/android/tools/r8/internal/wo
instanceKlass com/android/tools/r8/internal/so
instanceKlass com/android/tools/r8/internal/uo
instanceKlass com/android/tools/r8/internal/vo
instanceKlass com/android/tools/r8/internal/xo
instanceKlass com/android/tools/r8/internal/yo
ciInstanceKlass com/android/tools/r8/internal/Hm 1 1 21 1 8 1 1 100 1 7 1 1 12 10 1 1 12 10 1 1 1 1 1
ciInstanceKlass com/android/tools/r8/internal/N5 1 1 957 1 8 1 1 7 1 7 1 7 1 100 1 100 1 1 100 1 100 1 1 1 1 1 1 1 1 1 1 1 1 1 1 12 9 1 7 12 11 1 1 12 11 1 1 12 9 1 7 1 12 10 1 7 1 12 11 1 1 12 11 1 12 11 1 12 10 1 12 9 1 12 10 12 9 1 12 10 1 100 1 1 12 10 12 9 12 9 1 12 10 1 1 12 11 12 9 1 7 12 10 1 12 10 1 7 1 100 1 100 1 100 1 7 1 12 10 1 12 11 1 1 12 11 1 1 12 10 1 100 10 1 7 11 1 12 11 12 10 1 100 1 1 12 11 1 12 10 1 12 10 1 1 12 10 1 12 11 1 12 10 11 1 1 12 10 1 7 1 12 10 1 1 12 10 1 7 11 1 12 9 1 7 1 12 10 1 1 12 10 1 12 9 1 7 1 12 10 1 12 9 11 12 10 1 1 12 10 12 10 12 9 1 12 10 1 12 9 1 12 11 11 12 11 1 100 10 1 1 10 1 7 10 1 12 11 10 1 12 10 1 12 10 1 7 1 12 10 1 12 10 1 12 10 10 1 1 12 10 12 9 1 1 12 10 12 10 1 100 1 12 10 1 7 1 12 10 12 10 1 1 100 1 12 10 1 12 10 1 12 10 1 100 1 12 10 1 7 1 1 12 10 1 1 12 10 1 1 12 9 1 12 9 1 100 1 12 9 1 100 10 1 100 9 1 12 10 1 7 12 9 1 12 10 11 1 1 100 1 12 10 1 12 10 1 12 10 1 1 12 10 1 100 1 1 12 10 1 100 1 12 10 1 100 1 12 9 1 100 1 12 11 1 12 10 1 1 12 10 1 100 12 11 1 1 12 10 1 100 1 12 10 1 12 10 12 10 1 12 10 1 1 100 1 100 1 12 10 1 12 10 1 12 10 12 10 1 12 9 1 12 10 12 10 1 12 10 1 100 1 12 10 1 12 10 1 100 11 1 100 1 100 1 12 9 1 12 10 1 12 11 1 12 9 1 12 9 1 12 10 1 12 10 1 100 1 12 10 10 1 1 12 10 1 100 1 12 10 1 1 1 100 1 1 12 10 12 10 1 100 1 12 10 1 1 100 1 12 10 1 12 10 1 7 12 10 1 12 10 1 1 12 11 1 12 10 1 7 1 12 9 1 7 10 1 12 9 12 10 1 100 1 12 9 12 10 1 12 10 1 1 12 11 1 12 10 12 11 1 12 10 1 16 1 12 10 15 1 16 1 7 1 1 12 10 15 1 12 18 1 100 1 12 10 1 12 10 9 1 12 9 1 7 12 10 1 12 10 1 7 10 1 12 10 1 7 1 1 12 11 1 12 11 1 1 1 12 11 10 1 1 1 12 10 1 100 1 12 10 1 100 1 1 12 9 1 100 12 9 1 12 10 1 100 1 12 10 1 12 10 9 1 100 1 100 12 9 1 100 11 1 12 10 1 12 10 1 12 10 1 12 9 1 100 12 10 1 100 9 1 100 1 12 10 10 1 12 10 1 1 12 10 1 12 10 1 12 10 1 12 10 1 100 12 10 10 1 12 10 1 12 10 1 1 12 10 1 12 10 11 1 12 10 1 100 12 10 12 10 11 1 100 12 10 12 9 10 1 12 10 12 10 1 100 1 12 10 12 10 1 12 11 1 12 10 12 9 1 12 10 1 1 12 10 16 1 12 10 15 1 16 1 1 12 18 1 100 1 1 12 11 1 100 1 12 10 1 12 10 12 10 11 1 12 10 1 12 10 1 1 12 10 1 100 1 12 10 12 9 1 100 1 12 9 1 100 12 10 1 100 1 100 1 12 10 1 100 1 12 10 1 12 10 1 12 10 11 1 12 10 12 10 10 10 1 12 10 1 12 10 10 1 12 10 15 1 16 1 12 18 1 100 12 11 9 12 9 1 12 9 12 9 15 18 1 7 1 12 11 10 1 12 10 1 12 10 10 12 10 11 12 10 12 9 1 12 10 1 12 9 1 12 10 1 12 10 1 100 9 1 100 10 10 12 10 1 12 10 1 12 10 10 1 10 1 7 1 1 12 10 1 1 12 10 1 12 10 1 12 10 15 1 12 18 1 12 9 1 12 10 1 100 10 1 1 7 1 12 10 15 18 1 1 1 1 1 1
staticfield com/android/tools/r8/internal/N5 g Z 1
ciInstanceKlass com/android/tools/r8/internal/aA 1 1 1527 1 8 1 1 7 1 7 1 100 1 100 1 7 1 7 1 7 1 100 1 100 1 100 1 1 7 1 7 1 1 100 1 7 1 1 1 1 1 1 1 1 1 1 1 1 1 1 1 1 1 1 1 1 1 1 12 10 1 7 1 1 12 10 1 1 12 10 1 12 9 1 100 1 1 12 10 1 100 1 12 10 1 100 1 1 12 10 12 9 1 7 12 10 1 1 12 10 1 7 1 12 10 1 1 12 9 12 9 1 1 1 1 7 1 12 10 1 7 1 12 9 1 7 1 1 12 10 1 1 12 9 1 1 7 1 1 12 10 1 7 1 100 1 1 12 11 1 12 11 12 10 1 12 10 1 7 1 12 10 1 1 12 10 1 12 9 1 7 1 1 12 10 1 7 1 1 12 11 1 100 1 12 10 1 1 12 10 1 12 10 1 1 12 10 1 12 10 1 7 1 7 11 11 1 12 10 1 100 1 12 10 1 12 10 1 12 11 1 100 1 12 11 1 1 12 10 1 7 1 12 11 1 100 1 12 10 1 12 10 12 10 1 12 10 1 100 10 1 12 10 1 100 12 10 1 12 10 1 12 10 1 12 11 1 1 12 10 1 16 1 12 10 15 16 1 7 1 1 12 10 15 1 1 12 18 1 100 1 1 12 11 1 10 12 10 12 9 10 1 1 12 10 1 100 11 12 9 10 1 12 10 1 12 10 1 12 10 12 10 1 12 10 11 1 1 12 11 1 1 12 10 1 1 1 12 10 1 12 10 10 1 7 1 12 10 1 100 1 12 10 1 12 10 10 1 7 1 12 10 12 10 12 10 12 10 12 9 1 1 1 100 1 8 1 12 10 1 12 10 1 1 12 10 1 8 12 10 1 1 1 7 1 12 11 1 12 10 1 10 1 12 9 1 12 9 1 12 11 10 12 10 1 7 10 1 7 10 1 12 10 10 1 12 10 12 9 1 12 10 10 12 10 1 12 10 1 7 1 12 10 12 10 12 9 1 1 12 9 1 12 9 1 1 12 10 1 12 10 1 12 10 1 12 10 1 100 1 1 12 10 1 12 9 1 12 10 15 1 16 18 1 12 10 1 100 11 1 100 1 1 12 10 1 100 1 1 12 10 1 100 1 12 10 1 100 1 1 12 10 1 100 1 12 11 1 12 10 1 100 1 12 10 16 12 10 15 1 12 18 1 1 15 1 12 18 1 1 12 10 1 100 1 12 10 12 10 15 18 1 7 1 12 10 1 1 1 7 10 1 1 12 10 10 1 12 10 1 100 1 12 10 1 12 10 1 100 1 12 10 10 1 1 12 10 1 12 10 1 100 1 100 12 10 1 100 10 12 10 1 100 12 10 1 12 9 1 100 1 12 10 1 12 10 1 12 10 1 12 10 1 7 12 11 1 12 10 15 18 1 100 1 12 11 12 9 1 12 9 1 12 10 1 1 7 12 10 1 12 10 1 1 7 1 12 10 1 10 12 10 12 10 1 12 10 1 1 12 10 1 7 11 11 12 10 1 12 11 11 16 1 12 10 15 1 16 1 12 18 1 1 12 11 10 15 16 1 12 18 12 10 1 1 100 1 100 12 10 10 1 7 10 12 10 12 10 12 10 12 10 1 12 10 1 12 10 1 12 10 1 7 1 12 10 1 7 1 12 9 1 12 10 12 10 1 12 10 15 12 18 11 3 1 12 9 12 9 1 1 12 10 1 7 12 10 10 1 12 10 11 11 11 1 100 1 12 10 1 12 10 15 1 12 18 1 7 1 12 10 1 1 10 1 12 10 1 12 10 15 1 12 18 1 12 10 1 12 11 10 10 1 12 10 11 1 1 12 10 1 100 12 10 1 100 1 100 1 12 9 1 7 1 12 9 1 12 10 12 10 1 12 11 12 10 1 1 100 12 10 12 10 12 9 1 12 10 1 8 1 100 1 1 12 10 15 1 12 18 10 10 1 12 10 12 10 1 8 1 12 18 1 12 10 12 10 12 10 1 12 10 12 10 1 12 9 1 12 10 1 12 10 1 12 10 12 10 1 1 12 10 1 100 1 12 10 1 100 1 12 10 12 9 11 1 7 1 7 1 12 9 1 100 1 1 12 10 1 100 1 12 10 1 7 10 1 16 1 12 10 15 16 1 1 12 18 1 100 1 12 10 15 1 16 1 12 18 1 100 1 1 12 11 12 10 15 18 11 1 12 11 11 12 10 15 18 11 12 10 15 18 1 1 12 9 1 100 1 12 10 12 10 1 100 1 12 10 1 1 12 10 1 12 10 12 10 12 10 12 10 1 1 12 10 15 16 18 1 12 10 1 12 10 1 100 1 12 10 12 11 1 12 9 1 10 12 10 10 1 7 10 1 12 10 10 12 10 1 12 9 1 7 1 12 10 1 12 9 11 1 12 9 1 100 11 11 1 1 12 11 1 12 10 11 10 11 1 12 10 1 12 11 12 11 11 1 12 10 100 12 10 11 1 12 10 1 16 1 12 10 15 1 16 1 1 12 18 1 1 12 10 10 15 18 15 18 10 10 11 1 12 10 1 1 12 10 1 12 10 10 12 10 1 8 1 12 18 12 10 10 12 10 12 10 1 12 10 1 100 1 12 9 1 12 10 12 10 1 12 10 1 100 12 10 1 12 10 1 12 10 1 8 1 12 18 1 12 10 1 16 1 12 10 15 1 16 1 12 18 1 100 1 12 10 12 10 12 10 12 10 1 12 10 1 100 10 10 1 8 1 100 1 8 1 12 10 1 8 12 10 1 8 1 12 10 1 8 1 100 1 8 1 100 1 8 1 100 1 8 1 100 1 8 12 10 1 8 1 100 1 8 10 1 8 1 12 10 1 8 1 100 1 8 1 100 1 8 1 12 10 1 8 1 100 1 8 1 12 10 1 8 1 100 1 8 1 100 1 8 1 100 1 8 1 12 10 1 8 1 100 1 8 1 100 1 8 1 100 1 8 1 100 1 8 12 10 1 8 1 12 10 1 8 1 100 1 8 1 100 1 8 1 100 1 8 10 1 100 1 12 9 1 100 12 10 12 10 1 100 1 1 12 10 1 12 10 1 12 10 1 100 1 12 10 12 10 15 1 12 18 12 10 15 1 16 18 1 100 1 1 12 10 1 1 12 10 1 1 12 11 1 16 12 10 15 16 1 12 18 1 12 11 12 10 15 18 12 10 15 18 12 10 1 1 100 12 10 12 11 1 1 12 10 1 1 10 12 9 1 12 10 1 1 1 12 11 11 12 10 15 18 1 12 11 12 10 15 18 1 12 10 1 100 1 12 10 1 100 1 12 10 1 100 12 10 1 12 10 1 100 1 12 9 1 100 1 12 10 10 10 1 100 1 100 1 12 11 1 100 10 12 11 1 1 7 1 12 10 12 10 15 12 18 1 12 10 12 10 1 1 1 1 1 1 1 1 1 1
staticfield com/android/tools/r8/internal/aA k Z 1
ciInstanceKlass com/android/tools/r8/internal/rp 1 1 80 1 8 1 1 100 1 7 1 1 1 100 1 1 12 10 1 12 10 1 12 10 1 1 1 100 1 1 12 9 1 1 1 8 1 1 8 1 1 1 1 1 1 12 10 1 100 1 1 12 10 1 1 100 1 12 9 1 12 9 1 12 9 1 12 9 1 12 9 12 9 1 100 1 12 10 1 1 1 1
ciInstanceKlass com/android/tools/r8/internal/O5 1 1 132 1 8 1 1 7 1 1 7 1 7 1 1 1 1 1 1 1 1 1 12 10 12 9 1 7 1 12 9 1 7 1 1 12 10 12 9 1 1 100 1 12 10 1 1 1 1 12 11 1 1 1 12 11 1 7 12 9 1 1 12 11 1 12 11 1 12 11 1 1 16 12 10 15 1 16 1 7 1 1 12 10 15 1 1 12 18 1 7 1 12 10 1 12 10 15 18 1 1 12 10 1 100 1 7 1 12 10 1 7 12 11 11 1 100 10 1 1 12 11 1 12 11 1 12 11 1 1 1 1 1 1
ciInstanceKlass com/android/tools/r8/internal/bA 1 1 92 1 8 1 1 7 1 7 1 100 1 1 1 1 1 1 1 1 1 1 1 12 10 1 7 1 1 12 10 12 9 12 9 1 7 1 1 12 11 1 7 1 1 12 10 12 9 1 1 7 1 1 12 10 12 9 1 12 11 1 12 11 11 1 1 12 11 1 7 1 1 12 10 1 100 1 1 12 10 1 12 10 1 100 10 1 100 10 1 1 1 1
staticfield com/android/tools/r8/internal/bA e Z 1
ciInstanceKlass com/android/tools/r8/internal/ic0 1 0 26 1 8 1 1 100 1 100 1 1 1 1 1 1 1 1 1 1 1 1 1 1 1 1 1 1
ciInstanceKlass com/android/tools/r8/internal/aA$$Lambda$386+0x000002148120f8b8 1 1 28 1 7 1 7 1 100 1 1 1 1 1 12 10 12 9 1 1 1 7 1 1 12 10 1 7 1 1
ciInstanceKlass com/android/tools/r8/graph/J0 1 1 956 1 8 1 1 7 1 1 7 1 100 1 100 1 100 1 100 1 100 1 100 1 1 1 7 1 7 1 7 1 100 1 7 1 7 1 100 1 100 1 7 1 1 7 1 1 7 1 7 1 100 1 1 1 1 1 1 1 1 1 1 1 1 1 1 1 1 1 1 1 1 1 12 9 1 100 1 12 9 1 100 1 12 10 1 100 1 1 12 10 12 9 100 1 100 12 10 12 10 12 9 100 1 12 9 100 1 12 9 1 12 10 1 1 100 1 1 12 11 12 9 1 7 1 12 9 1 100 1 1 12 11 1 100 1 1 16 12 10 15 1 100 1 1 12 10 15 12 18 1 1 100 1 12 9 1 100 1 12 10 1 100 1 100 12 9 1 12 10 1 100 1 100 1 100 1 12 10 1 1 12 10 1 100 1 1 12 11 1 100 1 12 11 1 7 12 9 1 7 1 1 12 10 1 16 1 12 10 15 1 16 1 1 12 18 1 100 1 1 12 11 1 12 10 15 18 12 9 1 100 1 12 11 1 100 1 100 1 12 10 1 100 16 1 12 10 15 1 1 12 18 1 12 10 1 12 10 1 12 10 1 1 12 10 1 1 12 10 1 100 12 10 1 100 12 9 1 12 9 12 9 1 1 1 1 1 1 12 10 1 1 12 9 1 1 1 12 9 1 7 12 9 1 1 12 9 12 9 12 9 12 9 1 1 12 10 1 12 10 1 12 10 12 9 1 12 10 1 12 10 1 7 100 1 12 9 1 12 10 1 12 10 1 12 9 1 12 10 1 7 1 12 10 1 12 9 1 7 9 7 1 12 10 1 7 12 9 1 12 10 1 12 10 1 12 10 1 12 10 1 12 10 1 12 10 1 7 1 1 12 10 1 7 1 1 12 10 12 9 1 12 10 1 1 12 10 10 12 10 1 100 1 12 10 1 7 1 12 10 12 9 1 12 10 9 1 12 9 12 9 1 1 12 10 1 12 10 1 12 10 1 100 1 100 1 12 10 1 100 11 1 1 12 10 12 10 1 100 1 12 11 1 100 1 1 100 1 1 1 1 100 1 12 10 1 100 1 12 10 1 12 10 1 1 12 10 1 12 10 1 10 1 1 1 100 1 12 9 1 12 10 1 100 10 1 100 1 12 10 1 12 10 1 1 12 10 1 8 1 8 1 12 10 1 8 1 8 1 8 1 100 10 1 12 10 12 10 1 7 1 1 12 10 1 1 12 10 1 100 1 1 12 10 12 10 1 12 10 1 100 1 100 1 100 10 1 12 10 1 12 10 1 100 1 12 11 11 11 1 1 12 10 9 12 9 12 9 1 12 11 1 8 1 12 10 1 12 10 1 100 1 12 10 1 8 12 10 10 1 12 10 1 12 10 1 12 10 1 12 10 1 100 1 12 10 1 8 1 8 12 10 12 10 1 8 1 8 1 8 12 10 1 8 10 10 1 1 100 1 100 1 100 1 100 12 10 1 12 10 1 100 1 1 12 10 1 12 10 1 100 1 12 10 10 1 12 10 1 100 1 12 11 1 1 12 10 1 12 10 1 100 1 12 10 1 12 10 1 1 1 1 1 12 11 9 12 10 1 1 100 1 12 10 1 1 12 10 1 100 1 12 10 1 12 10 1 100 1 12 10 1 12 10 10 1 100 1 12 10 10 1 12 10 1 12 10 1 100 10 1 1 100 1 12 10 1 1 12 11 1 1 1 1 100 1 12 10 1 1 12 10 12 9 1 8 1 7 1 12 10 1 8 1 7 1 1 12 10 15 1 12 18 1 12 10 1 7 1 1 12 10 1 1 16 1 12 10 15 16 1 1 12 18 1 100 1 12 10 12 10 15 18 12 10 15 18 16 1 12 10 15 16 1 1 12 18 1 12 10 1 12 10 15 16 18 1 12 10 15 16 18 12 10 1 12 10 15 16 18 12 9 1 12 10 10 1 12 10 1 12 9 1 12 9 1 12 10 10 1 12 10 1 1 12 10 1 1 12 10 1 100 1 12 9 1 12 10 12 10 1 1 12 10 1 100 1 12 9 1 100 1 12 9 12 10 1 100 1 12 9 1 1 12 10 1 100 1 12 10 1 12 9 1 12 9 10 1 1 7 1 12 10 1 1 100 12 10 1 1 1 1 1 1 1 1 1
staticfield com/android/tools/r8/graph/J0 o Z 1
ciInstanceKlass com/android/tools/r8/internal/ui 1 1 173 1 8 1 1 7 1 7 1 1 1 1 1 1 1 1 12 10 12 9 1 7 1 1 12 10 1 100 1 12 10 12 9 12 9 1 1 7 1 12 10 1 1 1 1 1 1 1 1 7 1 1 12 10 1 7 1 12 10 1 7 1 12 10 1 1 12 10 1 7 1 12 10 1 1 100 10 1 1 1 100 1 12 9 1 1 1 100 12 10 1 12 10 1 8 1 1 12 10 1 1 12 10 1 100 1 12 10 1 8 10 1 1 100 1 1 12 9 1 1 7 1 7 12 9 1 12 10 1 7 1 12 10 1 1 12 10 1 7 12 11 1 7 1 1 12 11 1 7 1 12 11 1 100 1 12 11 1 12 11 1 12 11 1 1 1 1 1 1 1 1 1 1
staticfield com/android/tools/r8/internal/ui k Z 1
ciInstanceKlass com/android/tools/r8/internal/CQ 1 1 1450 1 8 1 1 7 1 7 1 7 1 7 1 100 1 7 1 1 1 1 1 1 1 1 1 1 1 1 1 1 1 1 1 1 1 1 1 1 1 1 1 1 1 1 1 1 1 1 1 1 12 9 1 7 1 12 10 1 12 9 12 10 1 100 1 1 12 10 12 9 12 10 1 7 10 12 9 1 1 12 10 1 7 1 12 11 1 1 12 11 1 7 12 10 12 9 1 12 10 1 7 1 1 12 10 1 1 12 10 12 9 1 7 1 1 12 10 1 7 12 10 12 9 12 9 12 9 100 1 12 10 12 9 12 9 1 12 9 9 3 3 1 12 9 1 12 10 1 12 10 12 9 12 9 1 7 12 9 1 7 10 1 7 1 12 10 1 7 1 7 11 11 1 7 1 12 10 1 7 1 12 11 1 1 1 12 10 12 9 1 7 10 12 9 1 7 11 1 12 10 1 12 10 12 9 12 9 12 9 1 7 10 1 12 10 12 9 12 10 1 7 12 10 1 12 10 12 9 1 12 9 12 10 1 12 10 1 12 10 12 10 10 1 12 9 1 12 10 1 1 12 10 1 7 1 1 12 10 1 12 10 10 11 1 12 10 12 9 1 7 10 1 1 12 10 12 9 1 7 1 1 12 10 1 7 1 1 12 9 1 12 10 1 12 10 1 1 12 10 1 12 10 1 12 10 1 7 1 12 10 12 10 1 12 10 12 9 12 10 1 12 9 1 7 12 9 1 1 12 10 1 12 10 1 1 12 10 1 7 1 12 9 1 7 12 9 12 9 12 9 12 10 1 1 12 10 1 7 1 12 10 1 12 10 1 1 12 10 1 12 10 1 100 1 100 1 12 10 1 1 12 10 1 100 1 100 1 100 12 10 1 1 12 10 1 12 10 1 1 7 12 10 1 12 10 12 10 1 7 1 1 12 10 12 9 10 12 10 3 1 7 1 1 7 1 12 11 1 7 1 7 1 12 11 12 10 12 10 1 12 10 1 100 1 1 12 10 1 8 1 100 1 1 12 10 15 1 12 18 1 12 10 1 10 1 7 12 10 10 12 10 16 1 7 11 15 1 7 1 1 12 10 15 1 1 12 18 1 12 10 10 12 10 11 1 12 10 12 10 12 10 1 12 10 10 1 12 10 12 9 10 10 12 9 10 10 1 7 12 9 1 12 10 12 9 9 10 12 10 12 10 9 1 1 12 10 1 7 11 1 7 12 10 1 1 12 10 11 12 9 1 12 9 12 10 11 1 12 10 12 10 1 7 1 12 10 12 10 10 10 1 12 10 12 9 1 12 9 1 7 1 12 10 1 12 10 1 12 10 1 12 10 1 12 10 12 10 12 9 10 12 9 1 7 10 1 7 1 12 9 1 12 10 12 10 1 1 12 11 12 10 12 10 10 16 12 10 15 1 16 1 12 18 1 1 12 10 1 16 1 12 10 15 16 1 1 12 18 1 12 10 1 12 10 10 12 10 1 12 10 1 1 12 10 1 7 1 12 9 1 7 10 1 12 10 1 12 10 1 1 12 10 1 7 10 1 7 1 7 1 12 11 1 12 10 1 12 10 9 1 12 10 1 12 10 1 1 12 10 1 12 9 1 7 1 12 10 1 7 1 1 12 10 1 7 12 10 12 10 12 11 1 12 10 1 12 11 1 12 10 1 12 10 1 1 12 10 1 7 1 12 10 1 100 12 10 12 10 12 10 1 7 1 12 10 1 12 10 11 12 9 12 9 12 10 12 9 12 11 1 12 10 12 9 12 9 1 12 10 1 12 10 1 12 9 1 7 12 10 12 9 12 9 1 12 11 1 1 12 10 1 7 11 10 12 10 12 10 1 12 9 1 12 10 1 100 1 1 12 10 1 100 1 12 10 1 12 10 1 100 1 7 1 12 10 12 10 1 1 12 10 1 12 10 1 7 12 10 1 12 10 1 100 1 8 1 12 18 1 1 12 10 1 12 10 12 10 1 10 11 1 1 100 1 8 1 12 10 12 10 1 1 12 10 1 8 1 12 10 1 8 10 1 8 1 12 18 1 100 1 12 10 1 8 1 12 18 1 8 12 10 1 8 12 10 1 1 1 12 9 1 7 1 12 10 1 1 12 10 1 12 10 12 9 1 12 10 1 12 10 1 1 7 10 10 12 10 12 10 12 10 1 1 12 10 16 15 16 1 12 18 16 15 1 16 1 12 18 12 10 15 18 12 10 15 18 15 18 15 18 1 12 10 1 12 10 15 16 1 12 18 10 12 10 1 12 10 1 12 10 1 12 10 1 12 10 10 1 12 10 12 10 1 1 12 10 9 10 1 12 9 1 1 12 10 1 12 10 12 11 10 10 10 10 10 10 10 1 12 10 10 1 12 10 1 100 1 1 12 10 12 10 1 7 12 10 9 1 12 10 12 10 1 7 12 10 10 10 12 10 11 10 12 10 10 1 12 9 1 7 12 10 12 10 1 12 10 12 10 1 7 10 1 7 1 12 10 1 7 1 12 10 1 7 1 1 12 11 1 7 1 7 1 12 9 1 7 1 12 10 1 1 12 10 1 7 9 11 1 7 1 12 9 1 12 10 1 12 10 1 7 10 12 10 1 12 9 12 10 1 12 10 12 9 12 9 12 9 12 10 12 10 12 10 12 10 1 7 12 10 12 10 10 1 1 12 9 10 1 12 10 15 1 12 18 12 10 15 18 12 10 1 1 10 10 1 9 12 9 9 1 7 1 12 9 1 12 10 12 10 1 12 10 10 1 12 10 1 11 12 10 1 9 1 1 7 1 12 10 12 10 16 12 10 15 16 1 1 12 18 1 7 1 1 12 11 12 10 9 12 11 1 12 10 1 12 10 15 1 16 18 1 7 10 1 12 9 1 7 1 12 10 11 12 10 15 16 1 12 18 1 7 1 12 11 12 10 15 1 16 1 12 18 1 1 12 10 12 9 1 12 9 12 10 12 10 10 1 12 10 1 7 1 7 12 9 1 12 10 1 7 10 10 1 7 11 10 1 7 1 12 11 1 7 12 10 1 12 10 10 1 1 12 10 11 1 7 1 1 12 10 12 10 11 12 10 10 1 100 10 9 10 9 1 7 1 12 10 10 12 10 1 7 1 12 10 1 1 12 9 1 7 10 1 12 10 10 1 7 10 1 12 10 1 7 12 10 10 10 12 10 1 12 10 1 12 9 1 12 11 1 7 1 12 9 100 1 12 10 12 10 1 8 12 10 1 12 10 15 1 16 18 1 1 1 1 1 1 1 1
staticfield com/android/tools/r8/internal/CQ r Z 1
ciInstanceKlass com/android/tools/r8/graph/J0$b 1 1 161 1 8 1 1 7 1 1 7 1 7 1 7 1 1 100 1 1 1 1 1 1 1 1 1 1 16 1 12 10 15 16 1 7 1 1 12 10 15 1 1 12 18 1 7 1 12 10 1 16 1 12 10 15 16 1 1 12 18 1 1 12 10 1 1 1 12 10 12 9 12 9 1 1 7 1 1 12 10 12 9 12 9 1 1 16 12 10 15 12 18 1 1 1 7 12 9 12 11 1 12 10 1 1 1 100 1 12 11 1 1 100 10 1 1 1 100 1 8 1 12 10 100 1 8 1 1 12 10 1 12 9 1 12 10 1 8 9 1 100 1 12 10 1 8 1 8 1 8 12 10 1 1 1 1 1 1 1 1 1 1
staticfield com/android/tools/r8/graph/J0$b d [Lcom/android/tools/r8/graph/J0$b; 0 [Lcom/android/tools/r8/graph/J0$b;
staticfield com/android/tools/r8/graph/J0$b e Z 1
ciInstanceKlass com/android/tools/r8/internal/y40 0 0 163 1 8 1 1 100 1 100 1 100 1 1 1 1 1 1 1 1 1 16 1 12 10 15 1 100 1 1 12 10 15 1 12 18 1 100 1 1 12 10 1 100 12 11 1 100 1 12 10 1 16 1 1 12 10 15 1 16 1 1 12 18 1 12 10 1 16 1 12 10 15 1 16 1 1 12 18 1 1 12 10 1 12 10 15 1 16 18 1 1 1 12 10 12 9 12 9 10 1 1 1 1 1 100 1 12 10 12 9 1 12 10 12 9 1 12 10 1 12 9 12 9 9 1 12 9 12 9 1 12 9 9 1 16 1 12 10 15 1 16 1 1 12 18 1 100 1 12 10 1 1 12 10 15 18 1 1 1 1 1 1 1 1
ciInstanceKlass com/android/tools/r8/graph/J0$a 1 1 134 1 8 1 1 7 1 1 7 1 100 1 7 1 1 1 1 1 1 1 1 1 1 1 1 16 1 12 10 15 16 1 100 1 1 12 10 15 1 1 12 18 1 100 1 12 10 12 10 15 18 12 10 15 18 1 1 1 12 10 12 9 12 9 12 9 12 9 12 9 1 100 1 12 10 1 100 10 1 1 7 1 1 12 10 12 9 1 1 16 12 10 15 12 18 1 1 1 1 1 100 1 12 11 1 1 1 100 1 12 10 1 8 1 100 1 1 12 10 15 1 12 18 1 1 1 1 1 1 1 1 1 1 1
staticfield com/android/tools/r8/graph/J0$a f [Lcom/android/tools/r8/graph/J0$a; 0 [Lcom/android/tools/r8/graph/J0$a;
staticfield com/android/tools/r8/graph/J0$a g Z 1
ciInstanceKlass com/android/tools/r8/internal/Un 1 1 72 1 8 1 1 100 1 7 1 1 12 10 1 12 10 1 1 1 8 1 1 8 1 1 1 1 1 1 12 9 1 100 1 12 10 1 1 12 9 1 100 1 1 12 9 1 100 1 12 11 1 1 8 1 100 1 1 12 10 15 1 12 18 1 12 10 1 1 1 1 1 1
ciInstanceKlass com/android/tools/r8/internal/g8 1 1 41 1 8 1 1 7 1 7 1 7 1 1 1 1 1 1 1 1 1 12 10 1 7 10 12 9 12 9 1 1 7 1 1 12 10 12 9 1 1 1 1
staticfield com/android/tools/r8/internal/g8 c Z 1
ciInstanceKlass com/android/tools/r8/graph/U0 1 1 306 1 8 1 1 7 1 7 1 100 1 100 1 1 7 1 100 1 1 100 1 7 1 1 100 1 7 1 7 1 1 7 1 100 1 1 100 1 100 1 100 1 1 1 1 1 1 1 1 1 1 1 1 1 1 1 1 1 1 1 1 1 1 12 10 12 9 12 9 12 9 1 1 12 10 12 9 1 7 10 12 9 12 9 1 7 1 12 10 1 7 1 12 10 1 7 12 9 1 7 1 12 10 12 9 1 1 12 10 12 9 1 1 12 10 12 9 1 12 10 1 7 1 12 10 1 7 1 12 10 12 9 1 1 12 9 1 100 10 1 7 1 7 1 12 10 1 12 10 1 12 10 1 12 10 1 1 12 11 12 10 1 12 9 12 9 1 12 10 1 7 1 12 10 1 12 10 1 100 1 12 9 1 12 10 1 12 10 1 12 10 12 9 1 12 10 1 12 10 1 1 7 12 9 1 7 10 1 7 1 12 11 1 7 1 1 12 11 1 100 1 7 1 12 11 1 1 12 11 1 7 12 11 1 7 1 12 11 1 7 1 1 12 11 1 12 10 1 12 10 1 12 10 1 7 1 7 1 12 9 1 12 10 1 7 10 1 12 10 1 12 10 1 12 11 1 12 10 10 11 1 12 10 1 12 9 1 12 9 12 9 1 12 10 1 1 7 1 12 10 1 1 1 1 1 1
staticfield com/android/tools/r8/graph/U0 o Z 1
ciInstanceKlass com/android/tools/r8/internal/gF 1 1 27 1 8 1 1 100 1 7 1 100 1 1 12 10 1 1 1 100 1 100 1 12 10 1 1 1 1
ciInstanceKlass com/android/tools/r8/internal/Wm 1 1 1046 1 8 1 1 7 1 7 1 100 1 7 1 7 1 7 1 100 1 100 1 100 1 7 1 7 1 7 1 7 1 7 1 7 1 7 1 1 7 1 1 7 1 1 1 1 1 1 1 1 1 1 1 1 1 1 1 1 1 1 1 1 1 1 1 1 1 1 1 1 1 1 12 9 1 7 1 1 12 10 1 7 1 12 9 1 12 9 12 9 1 16 12 10 15 1 7 1 1 12 10 15 1 12 18 1 7 1 12 10 1 12 9 12 9 1 100 1 12 10 1 7 1 12 10 12 9 12 9 12 9 12 9 1 12 10 12 10 12 9 12 9 1 1 7 1 1 12 10 1 100 1 7 1 1 12 11 1 1 12 11 1 12 10 1 12 10 1 7 11 1 100 12 10 1 12 10 1 1 12 10 1 7 1 1 12 10 1 12 10 1 100 1 12 9 11 1 12 9 1 12 10 1 1 12 10 1 7 12 10 1 1 12 10 1 7 1 1 12 10 1 12 10 1 100 1 1 12 10 1 7 1 1 12 9 1 12 10 1 12 10 1 7 12 10 1 12 9 1 7 1 1 12 10 1 7 1 12 11 1 12 11 1 100 10 1 12 10 1 12 10 1 12 9 1 7 1 12 11 1 1 12 11 1 12 10 1 1 12 10 1 7 10 1 12 9 1 100 12 10 1 12 9 1 12 10 12 9 12 10 1 12 10 1 7 1 12 11 1 1 12 11 12 10 1 12 11 1 12 10 1 12 10 1 12 11 1 12 10 12 10 12 9 1 7 1 12 10 12 9 11 1 1 12 10 1 7 1 1 12 11 12 9 12 9 12 9 12 9 12 9 1 7 10 1 12 10 12 9 1 12 10 1 7 12 10 1 12 10 10 1 12 10 10 1 7 12 10 1 12 10 12 9 1 12 9 9 1 12 9 1 7 1 12 9 1 7 9 10 1 1 12 10 12 9 12 9 1 100 12 9 9 1 12 10 1 7 1 7 12 9 1 12 10 1 7 10 10 1 7 1 7 1 12 11 1 7 1 12 9 11 1 7 12 11 12 9 1 1 12 9 1 7 1 12 9 12 9 1 100 12 9 12 9 1 12 10 10 1 12 10 1 12 9 1 12 10 1 12 10 1 1 12 10 1 12 9 1 7 1 1 12 10 1 7 1 12 10 1 100 12 9 1 12 10 1 7 1 1 12 10 1 12 10 12 9 12 10 9 12 10 12 10 12 10 1 7 1 12 10 1 7 1 12 10 1 7 1 12 9 1 12 10 12 9 12 9 1 12 10 12 9 1 12 9 1 12 10 1 12 10 1 12 10 1 12 10 12 9 1 7 1 1 12 9 1 12 10 1 100 12 9 12 10 1 100 10 1 12 10 10 1 7 10 1 12 9 1 12 9 12 10 1 7 12 9 1 7 1 12 9 100 1 7 1 12 10 1 12 10 1 7 1 12 9 12 9 12 9 1 12 10 1 12 10 1 7 1 12 10 12 10 1 7 1 12 10 1 100 1 7 10 1 12 9 1 7 1 100 9 1 12 9 1 12 9 1 12 10 1 12 9 1 7 1 12 10 1 12 10 1 12 10 1 100 9 12 9 1 12 10 1 12 9 1 12 10 1 7 1 12 10 9 1 12 10 1 7 1 12 9 12 9 1 100 1 1 12 10 10 1 7 10 1 12 9 11 1 7 12 9 12 9 1 12 9 1 12 10 1 1 12 10 1 7 1 12 10 12 9 1 7 11 1 12 9 7 1 7 1 7 1 12 10 1 12 9 1 7 1 12 10 1 100 1 12 9 7 1 100 1 12 10 12 9 1 7 1 12 9 1 7 10 1 7 1 12 9 12 10 1 12 10 1 12 11 1 12 10 12 10 1 12 9 1 7 1 12 9 1 7 11 1 100 1 1 12 10 1 12 10 1 12 9 1 100 1 12 10 10 12 10 1 12 10 1 12 10 12 10 1 12 10 10 1 16 1 12 10 15 1 16 1 1 12 18 1 1 12 10 1 12 10 1 7 1 12 10 1 7 1 12 9 1 7 1 100 1 12 10 10 11 1 100 1 8 1 12 10 1 12 10 1 10 1 7 1 12 10 1 12 9 1 100 1 12 11 1 12 10 12 9 1 12 10 1 100 1 1 12 10 1 100 1 12 10 1 7 1 12 10 10 12 10 11 1 1 12 10 1 12 10 10 1 100 1 12 10 1 1 12 10 1 7 1 12 10 12 10 1 7 12 10 1 7 1 1 12 10 1 12 10 1 7 1 1 12 10 1 12 10 1 12 10 1 100 1 7 12 11 1 1 7 1 12 10 3 1 8 1 100 1 1 12 10 15 1 12 18 1 1 1 1 1 1 1
staticfield com/android/tools/r8/internal/Wm r Z 1
ciInstanceKlass com/android/tools/r8/internal/Co 1 1 44 1 8 1 1 100 1 7 1 1 12 10 1 12 10 1 1 1 8 1 1 8 1 1 1 1 1 1 12 9 1 1 1 100 1 12 10 1 100 12 10 1 1 1
instanceKlass com/android/tools/r8/internal/wr
instanceKlass com/android/tools/r8/internal/Eq
ciInstanceKlass com/android/tools/r8/internal/Mr 1 1 25 1 8 1 1 100 1 7 1 1 12 10 1 12 10 1 1 1 1 1 1 1 1 1 1
ciInstanceKlass com/android/tools/r8/internal/Eq 1 1 237 1 8 1 1 7 1 7 1 1 1 1 1 1 1 1 1 1 16 1 12 10 15 16 1 100 1 1 12 10 15 1 1 12 18 1 100 1 12 10 1 12 10 15 18 1 16 1 1 12 10 15 16 1 1 12 18 1 1 12 10 1 1 12 10 1 100 1 12 10 3 12 9 1 100 1 12 10 12 9 12 9 1 1 12 10 12 9 1 100 10 100 1 1 7 1 1 12 10 1 1 1 12 10 1 100 1 1 12 10 1 12 10 1 16 12 10 15 1 12 18 1 100 1 12 10 1 1 100 1 100 1 1 12 10 1 100 1 12 10 1 100 11 1 3 1 7 1 12 10 1 1 1 1 1 1 12 10 1 100 1 8 1 12 10 1 8 1 1 12 10 1 8 1 12 10 1 12 10 12 10 1 100 1 8 1 100 1 1 12 10 15 1 12 18 1 100 1 12 10 1 100 1 100 12 10 1 1 12 10 1 8 1 12 18 1 1 8 1 12 10 1 8 1 12 10 1 8 1 8 1 8 1 1 1 1 1
staticfield com/android/tools/r8/internal/Eq i Z 1
ciInstanceKlass com/android/tools/r8/internal/wr 1 1 243 1 8 1 1 7 1 7 1 1 1 1 1 1 1 1 1 1 16 1 12 10 15 16 1 100 1 1 12 10 15 1 1 12 18 1 100 1 12 10 1 16 1 1 12 10 15 16 1 1 12 18 1 1 12 10 1 12 10 15 18 1 1 12 10 1 100 1 12 10 3 12 9 12 9 1 100 1 12 10 12 9 1 1 12 10 12 9 1 100 10 100 1 1 7 1 1 12 10 1 1 1 12 10 1 100 1 1 12 10 1 12 10 1 16 12 10 15 1 12 18 1 100 1 12 10 1 1 100 1 100 1 1 12 10 1 100 1 12 10 1 100 11 1 3 1 7 1 12 10 1 1 1 1 1 1 12 10 1 100 1 8 1 12 10 1 8 1 1 12 10 1 8 1 12 10 1 100 1 12 10 1 8 1 100 1 1 12 10 15 1 12 18 1 100 1 12 10 1 100 1 100 1 8 1 12 18 1 12 10 1 100 12 10 1 12 10 1 8 1 12 18 1 1 8 1 8 1 8 1 12 10 1 8 1 8 1 8 1 1 1 1 1
staticfield com/android/tools/r8/internal/wr i Z 1
ciInstanceKlass com/android/tools/r8/internal/Vn 1 1 228 1 8 1 1 7 1 7 1 1 1 1 1 1 1 1 1 1 1 16 1 12 10 15 16 1 100 1 1 12 10 15 1 1 12 18 1 100 1 12 10 1 16 1 1 12 10 15 16 1 1 12 18 1 12 10 1 16 1 1 12 10 15 16 1 1 12 18 1 1 12 10 1 1 12 10 1 100 1 12 10 3 12 9 5 0 12 9 12 9 5 0 1 100 1 12 10 12 9 1 10 1 1 7 1 1 12 10 1 1 100 1 12 10 1 100 1 1 12 10 1 12 10 100 1 16 12 10 15 1 12 18 1 100 1 12 10 1 1 100 1 100 1 1 12 10 1 100 1 12 10 1 100 11 1 3 1 7 1 12 10 1 1 1 100 12 10 1 8 1 100 1 1 12 10 15 1 12 18 1 100 1 8 1 12 10 1 100 1 12 10 1 1 12 10 1 8 1 12 10 1 8 1 8 1 100 1 1 12 10 1 12 10 1 12 10 1 8 1 1 12 10 1 1 1 1 1 1
staticfield com/android/tools/r8/internal/Vn i Z 1
instanceKlass com/android/tools/r8/internal/vr
instanceKlass com/android/tools/r8/internal/Dq
instanceKlass com/android/tools/r8/internal/Un
ciInstanceKlass com/android/tools/r8/internal/vo 1 1 151 1 8 1 1 7 1 7 1 1 1 1 1 1 1 1 1 16 1 12 10 15 16 1 100 1 1 12 10 15 1 1 12 18 1 100 1 12 10 1 12 10 15 18 1 1 1 12 10 12 9 1 100 1 12 10 12 9 1 1 12 10 12 9 1 100 10 1 1 7 1 1 12 10 1 1 1 12 10 1 12 10 1 12 10 1 100 1 12 10 1 1 1 1 7 1 1 12 10 12 10 1 16 12 10 15 1 12 18 1 100 1 12 10 1 1 100 1 100 1 12 10 1 100 11 1 1 1 12 10 1 8 1 100 1 1 12 10 15 1 12 18 1 12 10 1 1 1 1 1 1
staticfield com/android/tools/r8/internal/vo h Z 1
instanceKlass com/android/tools/r8/internal/K10
ciInstanceKlass com/android/tools/r8/internal/y10 1 1 45 1 8 1 1 100 1 7 1 1 12 10 1 1 1 1 1 100 1 1 12 9 1 1 1 7 1 12 9 1 1 1 1 1 1 1 100 10 1 1 1 1 1 1 1
instanceKlass com/android/tools/r8/internal/O10
ciInstanceKlass com/android/tools/r8/internal/K10 1 1 42 1 8 1 1 100 1 7 1 100 1 100 1 100 1 1 12 10 1 1 1 100 10 1 1 1 100 1 1 12 9 1 1 100 1 1 12 11 1 1 1 1
ciInstanceKlass com/android/tools/r8/internal/O10 1 1 37 1 8 1 1 100 1 7 1 100 1 1 12 10 1 1 1 100 10 1 1 1 1 1 100 1 1 12 9 1 1 1 1 1 1 1 1
ciInstanceKlass com/android/tools/r8/internal/F10 1 1 22 1 8 1 1 7 1 100 1 1 1 1 1 7 1 12 10 12 9 1 1 1
staticfield com/android/tools/r8/internal/F10 a Lcom/android/tools/r8/internal/C10; com/android/tools/r8/internal/C10
ciInstanceKlass com/android/tools/r8/internal/C10 1 1 38 1 8 1 1 100 1 7 1 100 1 100 1 1 12 10 1 1 1 1 1 1 100 10 1 1 1 1 1 1 100 1 1 12 9 1 1 1
ciInstanceKlass com/android/tools/r8/internal/KF 1 1 22 1 8 1 1 7 1 100 1 1 1 1 1 7 1 12 10 12 9 1 1 1
staticfield com/android/tools/r8/internal/KF a Lcom/android/tools/r8/internal/JF; com/android/tools/r8/internal/JF
ciInstanceKlass com/android/tools/r8/internal/Nr 1 1 68 1 8 1 1 100 1 7 1 1 12 10 1 12 10 1 1 1 8 1 1 8 1 1 1 1 1 1 12 9 1 100 1 1 12 9 1 100 1 12 10 1 100 1 12 10 1 1 12 9 1 100 1 1 12 11 1 12 10 1 1 12 10 1 1 1 1 1
ciInstanceKlass com/android/tools/r8/internal/LT 1 1 53 1 8 1 1 100 1 100 1 1 1 8 1 100 1 12 10 3 6 0 1 7 1 1 12 10 3 1 1 1 12 10 1 100 1 1 12 11 1 100 1 100 1 1 7 1 1 12 11 1 1 1 1
ciInstanceKlass com/android/tools/r8/internal/b8 1 1 41 1 8 1 1 7 1 100 1 1 1 12 9 1 100 1 1 12 10 1 1 100 1 12 11 1 1 1 3 1 1 1 7 1 1 12 10 1 1 1 1
staticfield com/android/tools/r8/internal/b8 a Z 1
ciInstanceKlass com/android/tools/r8/internal/dF 1 1 117 1 8 1 1 7 1 7 1 1 1 1 1 1 12 9 1 12 10 1 7 1 12 10 12 9 1 1 1 1 1 100 12 10 1 1 1 100 1 1 12 11 1 100 1 1 12 10 1 100 1 1 12 10 1 12 11 1 1 100 1 12 9 1 12 10 1 100 1 12 9 1 12 10 1 1 1 1 1 12 9 1 12 9 1 1 1 100 1 12 11 1 12 10 1 100 1 12 10 1 12 10 1 1 1 100 1 1 12 10 1 12 10 1 1 1 1
ciInstanceKlass com/android/tools/r8/graph/O0$d 1 1 198 1 8 1 1 7 1 7 1 1 1 1 1 1 1 1 1 1 16 1 12 10 15 16 1 100 1 1 12 10 15 1 1 12 18 1 100 1 12 10 1 16 1 1 12 10 15 16 1 1 12 18 1 12 10 1 1 12 10 15 16 18 12 10 15 18 1 12 10 1 1 1 12 10 12 9 12 9 12 9 12 9 1 1 1 1 100 1 12 10 12 10 1 100 1 100 1 12 9 1 100 1 12 9 1 12 10 1 12 10 1 100 12 9 1 1 100 1 1 12 10 1 100 1 12 11 1 100 1 1 12 10 1 12 10 1 1 7 1 12 11 1 1 1 8 1 100 1 1 12 10 15 1 12 18 1 1 1 7 12 10 1 1 16 12 10 15 1 12 18 1 100 1 12 10 1 1 100 1 100 1 12 10 1 100 11 1 12 10 1 1 1 1 1 1 1 1 1
ciInstanceKlass com/android/tools/r8/graph/P0 1 1 78 1 8 1 1 7 1 7 1 1 1 1 1 12 10 12 9 1 1 1 1 1 100 1 12 10 1 12 10 1 1 100 1 12 11 1 1 1 8 1 100 1 1 12 10 15 1 12 18 1 1 1 1 1 100 1 12 10 1 1 100 1 12 9 1 100 12 11 1 12 10 1 1 1 1 1 1 1
ciInstanceKlass com/android/tools/r8/internal/Po 1 1 62 1 8 1 1 100 1 7 1 100 1 1 1 100 1 1 12 10 1 12 10 1 12 10 1 1 1 8 1 1 8 1 1 1 1 100 1 12 10 1 1 100 1 1 12 9 1 12 9 1 1 12 10 1 100 12 10 1 1 1 1 1
ciInstanceKlass com/android/tools/r8/graph/O0$a 1 1 93 1 8 1 1 7 1 7 1 1 1 1 1 1 1 1 12 10 12 9 1 1 7 1 1 12 10 12 9 1 1 1 100 1 12 10 1 12 10 1 1 100 10 1 7 1 12 11 1 1 1 8 1 100 1 1 12 10 15 1 12 18 1 1 1 1 1 100 1 12 10 1 1 100 1 12 9 1 100 12 11 1 12 10 1 1 1 1 1 1 1 1 1
staticfield com/android/tools/r8/graph/O0$a e Z 1
ciInstanceKlass com/android/tools/r8/internal/Um 1 1 27 1 8 1 1 7 1 7 1 100 1 1 1 1 1 1 1 12 10 12 9 12 9 1 1 1 1
ciInstanceKlass com/android/tools/r8/graph/Q0 1 1 78 1 8 1 1 7 1 7 1 1 1 1 1 12 10 12 9 1 1 1 1 1 100 1 12 10 1 12 10 1 1 100 1 12 11 1 1 1 8 1 100 1 1 12 10 15 1 12 18 1 1 1 1 1 100 1 12 10 1 1 100 1 12 9 1 100 12 11 1 12 10 1 1 1 1 1 1 1
ciInstanceKlass com/android/tools/r8/internal/FX 1 1 224 1 8 1 1 7 1 7 1 1 1 1 1 1 1 1 1 1 1 12 10 12 9 12 9 12 9 1 1 1 7 1 1 12 10 12 9 1 1 1 1 1 1 1 12 9 1 7 1 1 12 10 1 7 1 12 9 1 7 1 1 12 9 1 7 1 1 12 11 1 7 1 12 10 1 12 9 1 7 1 12 10 1 1 12 10 1 12 10 1 1 100 1 8 1 12 10 1 1 100 1 1 12 10 1 100 1 12 10 1 100 1 1 12 10 1 100 1 12 10 1 1 12 10 1 1 12 10 1 100 1 1 12 10 1 1 1 100 1 8 1 12 10 1 1 1 100 1 12 9 1 1 1 1 7 1 1 12 10 1 7 1 12 9 1 1 12 10 1 100 1 12 10 1 1 100 1 12 9 12 10 5 0 12 10 1 1 12 9 1 100 1 12 10 1 100 1 12 10 1 100 1 12 9 12 10 12 10 1 1 12 10 12 10 1 12 9 1 100 1 1 1 1 1
staticfield com/android/tools/r8/internal/FX l Z 1
ciInstanceKlass com/android/tools/r8/internal/Vm 1 1 42 1 8 1 1 7 1 7 1 100 1 100 1 1 1 1 1 1 1 1 12 10 12 9 12 9 12 9 1 1 1 7 1 1 12 10 1 1 1 1 1 1
ciInstanceKlass com/android/tools/r8/internal/UR 1 1 95 1 8 1 1 7 1 7 1 1 1 1 1 12 10 1 7 1 1 12 10 12 9 1 1 1 7 1 1 12 11 1 7 1 12 10 12 11 1 12 11 1 1 1 12 10 12 11 1 1 1 12 10 1 1 12 11 1 12 11 1 12 10 11 1 100 1 1 12 10 1 100 1 100 12 10 10 1 1 1 1 12 10 1 12 11 1 7 1 12 10 1 1 1 1
ciInstanceKlass com/android/tools/r8/graph/J0$b$a 1 1 119 1 8 1 1 7 1 1 7 1 100 1 7 1 100 1 1 1 1 1 1 1 1 1 16 1 12 10 15 16 1 100 1 1 12 10 15 1 1 12 18 1 100 1 1 12 10 1 16 1 12 10 15 16 1 1 12 18 1 12 10 1 1 1 12 10 12 9 12 9 1 1 7 1 1 12 10 12 9 1 1 16 12 10 15 12 18 1 1 1 1 1 1 100 10 1 1 1 7 12 10 1 1 1 100 1 12 11 1 1 1 1 1 1 1 1 1 1 1
staticfield com/android/tools/r8/graph/J0$b$a d Z 1
ciInstanceKlass com/android/tools/r8/internal/En 1 1 85 1 8 1 1 7 1 100 1 7 1 7 1 7 1 100 1 1 1 1 1 12 10 1 7 12 9 1 100 1 100 1 1 12 10 1 100 1 1 12 10 1 7 10 1 1 12 9 1 12 10 1 12 9 1 100 1 7 1 12 10 1 7 1 1 12 10 12 10 1 12 10 1 1 7 1 1 12 10 1 1 1 1 1 1
staticfield com/android/tools/r8/internal/En a Z 1
ciInstanceKlass com/android/tools/r8/graph/S0 1 1 111 1 8 1 1 7 1 7 1 1 1 1 1 16 1 12 10 15 16 1 100 1 1 12 10 15 1 1 12 18 1 100 1 1 12 10 1 1 1 12 10 12 9 1 1 100 1 12 11 1 1 1 100 1 8 1 100 1 1 12 10 1 1 1 7 1 12 10 1 1 1 16 12 10 15 1 12 18 1 100 1 12 10 1 1 1 100 1 1 12 10 1 100 1 12 10 1 100 11 1 1 1 12 10 1 1 1 1 1 1 1
ciInstanceKlass com/android/tools/r8/internal/Nm 1 1 27 1 8 1 1 7 1 7 1 100 1 1 1 1 1 1 1 12 10 12 9 12 9 1 1 1 1
ciMethodData java/lang/Object <init> ()V 2 35240432 orig 80 0 0 0 0 0 0 0 0 0 0 0 0 0 0 0 0 0 0 0 0 0 0 0 0 0 0 0 0 0 0 0 0 0 0 0 0 0 0 0 0 0 0 0 0 0 0 0 0 0 0 0 0 0 0 0 0 0 0 0 0 0 0 0 0 0 0 0 0 0 0 0 0 0 0 0 0 0 0 0 0 data 4 0x0 0x9 0x1 0x0 oops 0 methods 0
ciMethodData java/util/AbstractCollection <init> ()V 2 5521196 orig 80 0 0 0 0 0 0 0 0 0 0 0 0 20 2 0 0 0 0 0 0 0 0 0 0 0 0 0 0 0 0 0 0 0 0 0 0 0 0 0 0 0 0 0 0 0 0 0 0 0 0 0 0 0 0 0 0 0 0 0 0 0 0 0 0 0 0 0 0 0 0 0 0 0 0 0 0 0 0 0 0 data 7 0x10002 0x54481d 0x0 0x0 0x9 0x1 0x0 oops 0 methods 0
ciMethodData java/util/ArrayList add (Ljava/lang/Object;)Z 2 4529890 orig 80 0 0 0 0 0 0 0 0 0 0 0 0 20 2 0 0 0 0 0 0 0 0 0 0 0 0 0 0 0 0 0 0 0 0 0 0 0 0 0 0 0 0 0 0 0 0 0 0 0 0 0 0 0 0 0 0 0 0 0 0 0 0 0 0 0 0 0 0 0 0 0 0 0 0 0 0 0 0 0 0 data 17 0x140005 0x452aed 0x0 0x0 0x0 0x0 0x0 0x0 0x0 0x0 0x0 0x0 0x0 0x9 0x2 0xe 0x0 oops 0 methods 0
ciMethodData java/util/ArrayList add (Ljava/lang/Object;[Ljava/lang/Object;I)V 2 4533003 orig 80 0 0 0 0 0 0 0 0 0 0 0 0 0 0 0 0 0 0 0 0 0 0 0 0 0 0 0 0 0 0 0 0 0 0 0 0 0 0 0 0 0 0 0 0 0 0 0 0 0 0 0 0 0 0 0 0 0 0 0 0 0 0 0 0 0 0 0 0 0 0 0 0 0 0 0 0 0 0 0 0 data 30 0x30007 0x38586e 0x58 0xcd483 0x70005 0xcd673 0x0 0x0 0x0 0x0 0x0 0xe0104 0x0 0x0 0x214fa8721c0 0x758 0x214c4243190 0x1ac7 0x0 0x0 0x0 0x0 0x0 0x0 0x9 0x4 0xc 0x0 0xffffffffffffffff 0x0 oops 2 14 [B 16 sun/security/util/ManifestDigester$Section methods 0
ciMethodData java/util/ArrayList grow ()[Ljava/lang/Object; 2 841033 orig 80 0 0 0 0 0 0 0 0 0 0 0 0 0 0 0 0 0 0 0 0 0 0 0 0 0 0 0 0 0 0 0 0 0 0 0 0 0 0 0 0 0 0 0 0 0 0 0 0 0 0 0 0 0 0 0 0 0 0 0 0 0 0 0 0 0 0 0 0 0 0 0 0 0 0 0 0 0 0 0 0 data 16 0x70005 0xcd65c 0x0 0x0 0x0 0x0 0x0 0x0 0x0 0x0 0x0 0x0 0x0 0x9 0x1 0xc oops 0 methods 0
ciMethodData java/util/ArrayList grow (I)[Ljava/lang/Object; 2 7210 orig 80 0 0 0 0 0 0 0 0 0 0 0 0 0 0 0 0 0 0 0 0 0 0 0 0 0 0 0 0 0 0 0 0 0 0 0 0 0 0 0 0 0 0 0 0 0 0 0 0 0 0 0 0 0 0 0 0 0 0 0 0 0 0 0 0 0 0 0 0 0 0 0 0 0 0 0 0 0 0 0 0 data 24 0x70007 0x17 0x40 0x1bfc 0x110007 0x1bfc 0x40 0x0 0x1b0002 0x17 0x250002 0x17 0x310002 0x1bfc 0x0 0x0 0x0 0x0 0x0 0x0 0x9 0x2 0xc 0x0 oops 0 methods 0
ciMethodData jdk/internal/util/ArraysSupport newLength (III)I 2 12431 orig 80 0 0 0 0 0 0 0 0 0 0 0 0 20 2 0 0 0 0 0 0 0 0 0 0 0 0 0 0 0 0 0 0 0 0 0 0 0 0 0 0 0 0 0 0 0 0 0 0 0 0 0 0 0 0 0 0 0 0 0 0 0 0 0 0 0 0 0 0 0 0 0 0 0 0 0 0 0 0 0 0 data 23 0x30002 0x2f8f 0xa0007 0x0 0x40 0x2f8f 0x100007 0x0 0x20 0x2f8f 0x170002 0x0 0x0 0x0 0x0 0x0 0x0 0x0 0x9 0x3 0x0 0x0 0x0 oops 0 methods 0
ciMethodData java/util/AbstractList <init> ()V 2 3357098 orig 80 0 0 0 0 0 0 0 0 0 0 0 0 20 2 0 0 0 0 0 0 0 0 0 0 0 0 0 0 0 0 0 0 0 0 0 0 0 0 0 0 0 0 0 0 0 0 0 0 0 0 0 0 0 0 0 0 0 0 0 0 0 0 0 0 0 0 0 0 0 0 0 0 0 0 0 0 0 0 0 0 data 9 0x10002 0x333c39 0x0 0x0 0x0 0x0 0x9 0x1 0x6 oops 0 methods 0
ciMethodData java/util/ArrayList get (I)Ljava/lang/Object; 2 4279146 orig 80 0 0 0 0 0 0 0 0 0 0 0 0 0 0 0 0 0 0 0 0 0 0 0 0 0 0 0 0 0 0 0 0 0 0 0 0 0 0 0 0 0 0 0 0 0 0 0 0 0 0 0 0 0 0 0 0 0 0 0 0 0 0 0 0 0 0 0 0 0 0 0 0 0 0 0 0 0 0 0 0 data 19 0x50002 0x414ccb 0xb0005 0x0 0x0 0x214fa864850 0x414e4e 0x0 0x0 0x0 0x0 0x0 0x0 0x0 0x0 0x9 0x2 0x0 0x0 oops 1 5 java/util/ArrayList methods 0
ciMethodData java/util/Objects checkIndex (II)I 2 4385920 orig 80 0 0 0 0 0 0 0 0 0 0 0 0 0 0 0 0 0 0 0 0 0 0 0 0 0 0 0 0 0 0 0 0 0 0 0 0 0 0 0 0 0 0 0 0 0 0 0 0 0 0 0 0 0 0 0 0 0 0 0 0 0 0 0 0 0 0 0 0 0 0 0 0 0 0 0 0 0 0 0 0 data 12 0x30002 0x42eaf7 0x0 0x0 0x0 0x0 0x0 0x0 0x9 0x2 0x0 0x0 oops 0 methods 0
ciMethodData java/util/ArrayList elementData (I)Ljava/lang/Object; 2 4381380 orig 80 0 0 0 0 0 0 0 0 0 0 0 0 0 0 0 0 0 0 0 0 0 0 0 0 0 0 0 0 0 0 0 0 0 0 0 0 0 0 0 0 0 0 0 0 0 0 0 0 0 0 0 0 0 0 0 0 0 0 0 0 0 0 0 0 0 0 0 0 0 0 0 0 0 0 0 0 0 0 0 0 data 8 0x0 0x0 0x0 0x0 0x9 0x2 0x0 0x0 oops 0 methods 0
ciMethodData java/util/ArrayList <init> (I)V 2 46225 orig 80 0 0 0 0 0 0 0 0 0 0 0 0 20 2 0 0 0 0 0 0 0 0 0 0 0 0 0 0 0 0 0 0 0 0 0 0 0 0 0 0 0 0 0 0 0 0 0 0 0 0 0 0 0 0 0 0 0 0 0 0 0 0 0 0 0 0 0 0 0 0 0 0 0 0 0 0 0 0 0 0 data 51 0x10002 0xac86 0x50007 0x23 0x38 0xac79 0x100003 0xac93 0x118 0x140007 0x0 0x38 0x23 0x1e0003 0x23 0xe0 0x290002 0x0 0x2e0005 0x0 0x0 0x0 0x0 0x0 0x0 0x320005 0x0 0x0 0x0 0x0 0x0 0x0 0x350005 0x0 0x0 0x0 0x0 0x0 0x0 0x380002 0x0 0x0 0x0 0x0 0x0 0x0 0x0 0x9 0x2 0x0 0x0 oops 0 methods 0
ciMethodData java/lang/Math max (JJ)J 2 295933 orig 80 0 0 0 0 0 0 0 0 0 0 0 0 20 2 0 0 0 0 0 0 0 0 0 0 0 0 0 0 0 0 0 0 0 0 0 0 0 0 0 0 0 0 0 0 0 0 0 0 0 0 0 0 0 0 0 0 0 0 0 0 0 0 0 0 0 0 0 0 0 0 0 0 0 0 0 0 0 0 0 0 data 14 0x30007 0x38db7 0x38 0xf632 0x70003 0xf634 0x18 0x0 0x9 0x4 0x0 0x0 0x0 0x0 oops 0 methods 0
ciMethod java/util/LinkedList$ListItr hasNext ()Z 4174 0 3516990 0 96
ciMethodData java/util/LinkedList$ListItr hasNext ()Z 2 3516990 orig 80 0 0 0 0 0 0 0 0 0 0 0 0 20 2 0 0 0 0 0 0 0 0 0 0 0 0 0 0 0 0 0 0 0 0 0 0 0 0 0 0 0 0 0 0 0 0 0 0 0 0 0 0 0 0 0 0 0 0 0 0 0 0 0 0 0 0 0 0 0 0 0 0 0 0 0 0 0 0 0 0 data 14 0xb0007 0x85435 0x38 0x2d5089 0xf0003 0x2d540a 0x18 0x0 0x0 0x0 0x0 0x9 0x1 0x0 oops 0 methods 0
ciMethodData java/util/LinkedList node (I)Ljava/util/LinkedList$Node; 2 73762 orig 80 0 0 0 0 0 0 0 0 0 0 0 0 20 2 0 0 0 0 0 0 0 0 0 0 0 0 0 0 0 0 0 0 0 0 0 0 0 0 0 0 0 0 0 0 0 0 0 0 0 0 0 0 0 0 0 0 0 0 0 0 0 0 0 0 0 0 0 0 0 0 0 0 0 0 0 0 0 0 0 0 data 26 0x70007 0x686f 0x58 0xaf9a 0x130007 0xaf99 0x38 0xa09 0x1e0003 0xa09 0xffffffffffffffe0 0x310007 0x686f 0x38 0x7ee 0x3c0003 0x7ee 0xffffffffffffffe0 0x0 0x0 0x0 0x0 0x9 0x2 0x0 0x0 oops 0 methods 0
ciMethodData java/util/LinkedList get (I)Ljava/lang/Object; 2 1641397 orig 80 0 0 0 0 0 0 0 0 0 0 0 0 20 2 0 0 0 0 0 0 0 0 0 0 0 0 0 0 0 0 0 0 0 0 0 0 0 0 0 0 0 0 0 0 0 0 0 0 0 0 0 0 0 0 0 0 0 0 0 0 0 0 0 0 0 0 0 0 0 0 0 0 0 0 0 0 0 0 0 0 data 24 0x20005 0x1903a1 0x0 0x0 0x0 0x0 0x0 0x70005 0x0 0x0 0x214c37b9c10 0x1903ef 0x0 0x0 0x0 0x0 0x0 0x0 0x0 0x0 0x9 0x2 0x0 0x0 oops 1 10 java/util/LinkedList methods 0
ciMethodData java/util/LinkedList checkElementIndex (I)V 2 1639835 orig 80 0 0 0 0 0 0 0 0 0 0 0 0 0 0 0 0 0 0 0 0 0 0 0 0 0 0 0 0 0 0 0 0 0 0 0 0 0 0 0 0 0 0 0 0 0 0 0 0 0 0 0 0 0 0 0 0 0 0 0 0 0 0 0 0 0 0 0 0 0 0 0 0 0 0 0 0 0 0 0 0 data 30 0x20005 0x1903a8 0x0 0x0 0x0 0x0 0x0 0x50007 0x1903eb 0x68 0x0 0xe0005 0x0 0x0 0x0 0x0 0x0 0x0 0x110002 0x0 0x0 0x0 0x0 0x0 0x0 0x0 0x9 0x2 0x0 0x0 oops 0 methods 0
ciMethodData java/util/LinkedList isElementIndex (I)Z 2 1639639 orig 80 0 0 0 0 0 0 0 0 0 0 0 0 0 0 0 0 0 0 0 0 0 0 0 0 0 0 0 0 0 0 0 0 0 0 0 0 0 0 0 0 0 0 0 0 0 0 0 0 0 0 0 0 0 0 0 0 0 0 0 0 0 0 0 0 0 0 0 0 0 0 0 0 0 0 0 0 0 0 0 0 data 18 0x10007 0x0 0x58 0x1903d3 0x90007 0x0 0x38 0x190472 0xd0003 0x1904a8 0x18 0x0 0x0 0x0 0x9 0x2 0x0 0x0 oops 0 methods 0
ciMethodData java/lang/Math min (JJ)J 2 272485 orig 80 0 0 0 0 0 0 0 0 0 0 0 0 20 2 0 0 0 0 0 0 0 0 0 0 0 0 0 0 0 0 0 0 0 0 0 0 0 0 0 0 0 0 0 0 0 0 0 0 0 0 0 0 0 0 0 0 0 0 0 0 0 0 0 0 0 0 0 0 0 0 0 0 0 0 0 0 0 0 0 0 data 14 0x30007 0x40d2a 0x38 0x17df 0x70003 0x17e7 0x18 0x0 0x9 0x4 0x0 0x0 0x0 0x0 oops 0 methods 0
ciMethod com/android/tools/r8/graph/n1 <init> ()V 530 0 658813 0 -1
ciMethod com/android/tools/r8/internal/ru a (Lcom/android/tools/r8/internal/ru;Ljava/lang/Object;)Z 636 0 20115 0 -1
ciMethod com/android/tools/r8/internal/ru isEqualTo (Ljava/lang/Object;)Z 0 0 1 0 -1
ciMethod com/android/tools/r8/internal/E20 d (Lcom/android/tools/r8/internal/E20;)Z 806 0 63471 0 -1
ciMethod com/android/tools/r8/graph/E hashCode ()I 530 0 5537 0 -1
ciMethod com/android/tools/r8/internal/cB j ()Lcom/android/tools/r8/internal/cB; 4110 0 17040 0 -1
ciMethod com/android/tools/r8/internal/cB get (I)Ljava/lang/Object; 0 0 1 0 -1
ciMethod com/android/tools/r8/internal/rk0 get (I)Ljava/lang/Object; 8566 0 4283 0 -1
ciMethod com/android/tools/r8/internal/rk0 size ()I 256 0 128 0 -1
ciMethod com/android/tools/r8/internal/uc0 size ()I 816 0 1470 0 -1
ciMethod com/android/tools/r8/internal/uc0 get (I)Ljava/lang/Object; 5640 0 2948 0 -1
ciMethod com/android/tools/r8/internal/lz a (Ljava/lang/Object;)I 1502 0 84410 0 -1
ciMethod com/android/tools/r8/utils/w$g b ()Z 612 0 397803 0 -1
ciMethod com/android/tools/r8/internal/UA getValue ()Ljava/lang/Object; 258 0 129 0 -1
ciMethod com/android/tools/r8/internal/T40 a (II)V 4164 0 179711 0 -1
ciMethod com/android/tools/r8/graph/B1 b (I)Lcom/android/tools/r8/graph/O0$a; 134 0 8728 0 -1
ciMethod com/android/tools/r8/graph/B1 d (I)Lcom/android/tools/r8/graph/P0; 302 0 17911 0 -1
ciMethod com/android/tools/r8/graph/B1 e (I)Lcom/android/tools/r8/graph/Q0; 80 0 3160 0 -1
ciMethod com/android/tools/r8/graph/B1 a (Lcom/android/tools/r8/graph/I2;)Lcom/android/tools/r8/graph/O0$c; 0 0 1 0 -1
ciMethod com/android/tools/r8/graph/B1 a (Lcom/android/tools/r8/internal/B40;)Lcom/android/tools/r8/graph/S0; 0 0 21 0 -1
ciMethod com/android/tools/r8/internal/az containsKey (Ljava/lang/Object;)Z 104 0 3238 0 -1
ciMethod com/android/tools/r8/internal/az get (Ljava/lang/Object;)Ljava/lang/Object; 64 0 3357 0 -1
ciMethod com/android/tools/r8/internal/az f ()Lcom/android/tools/r8/internal/U5; 514 0 31351 0 -1
ciMethod com/android/tools/r8/internal/az a (Ljava/lang/Object;Ljava/lang/Object;Z)Ljava/lang/Object; 766 0 627 0 -1
ciMethod com/android/tools/r8/internal/az j ()Lcom/android/tools/r8/internal/az; 256 0 16512 0 -1
ciMethod com/android/tools/r8/internal/az <init> (I)V 4098 0 17113 0 -1
ciMethod com/android/tools/r8/internal/az a (ILjava/lang/Object;)Lcom/android/tools/r8/internal/Ry; 4262 200 8177 0 -1
ciMethod com/android/tools/r8/internal/az b (ILjava/lang/Object;)Lcom/android/tools/r8/internal/Ry; 4096 50 4375 0 -1
ciMethod com/android/tools/r8/graph/x2 z0 ()I 2204 0 68215 0 0
ciMethod com/android/tools/r8/internal/vx size ()I 0 0 1 0 -1
ciMethod com/android/tools/r8/internal/xF a (ILjava/lang/Object;)Ljava/lang/Object; 0 0 1 0 -1
ciMethod com/android/tools/r8/internal/xF get (I)Ljava/lang/Object; 0 0 1 0 -1
ciMethod com/android/tools/r8/internal/xF remove (I)Ljava/lang/Object; 0 0 1 0 -1
ciMethod com/android/tools/r8/internal/xF a (I)Z 0 0 1 0 -1
ciMethod com/android/tools/r8/internal/P <init> ()V 1034 0 124670 0 0
ciMethod com/android/tools/r8/internal/P a (ILjava/lang/Object;)Ljava/lang/Object; 0 0 1 0 -1
ciMethod com/android/tools/r8/internal/P remove (I)Ljava/lang/Object; 0 0 1 0 -1
ciMethod com/android/tools/r8/internal/P a (Ljava/lang/Integer;Ljava/lang/Object;)Ljava/lang/Object; 256 0 975 0 -1
ciMethod com/android/tools/r8/internal/IF c ()Lcom/android/tools/r8/internal/J10; 0 0 1 0 -1
ciMethod com/android/tools/r8/internal/IF keySet ()Lcom/android/tools/r8/internal/WG; 0 0 1 0 -1
ciMethod com/android/tools/r8/internal/S <init> ()V 1416 0 124868 0 0
ciMethod com/android/tools/r8/internal/S putAll (Ljava/util/Map;)V 55040 256280 38283 0 2272
ciMethod com/android/tools/r8/internal/S e ()Lcom/android/tools/r8/internal/J10; 7834 0 3917 0 96
ciMethod com/android/tools/r8/internal/S entrySet ()Ljava/util/Set; 6016 0 3008 0 96
ciMethod com/android/tools/r8/internal/TF putAll (Ljava/util/Map;)V 4350 0 267539 0 0
ciMethod com/android/tools/r8/internal/TF a (ILjava/lang/Object;)Ljava/lang/Object; 4244 68 35187 0 4480
ciMethod com/android/tools/r8/internal/TF remove (I)Ljava/lang/Object; 4096 344 66893 0 0
ciMethod com/android/tools/r8/internal/TF size ()I 256 0 128 0 0
ciMethod com/android/tools/r8/internal/TF d (I)V 4096 79190 4019 0 0
ciMethod com/android/tools/r8/internal/TF c ()Lcom/android/tools/r8/internal/J10; 4126 0 148147 0 384
ciMethod com/android/tools/r8/internal/TF e (I)Ljava/lang/Object; 4154 5084 50193 0 0
ciMethod com/android/tools/r8/internal/TF <init> (Lcom/android/tools/r8/internal/IF;)V 168 0 14919 0 0
ciMethod com/android/tools/r8/internal/TF <init> (I)V 4128 0 32687 0 1440
ciMethod com/android/tools/r8/internal/J10 iterator ()Lcom/android/tools/r8/internal/B10; 0 0 1 0 -1
ciMethod com/android/tools/r8/internal/WG iterator ()Lcom/android/tools/r8/internal/EG; 0 0 1 0 -1
ciMethod com/android/tools/r8/internal/ez a (I)I 616 0 1079369 0 96
ciMethod com/android/tools/r8/internal/ez b (J)J 512 0 14745 0 160
ciMethod com/android/tools/r8/internal/ez b (IF)I 4190 0 157511 0 0
ciMethod com/android/tools/r8/internal/ez a (IF)I 4096 0 25537 0 256
ciMethod com/android/tools/r8/graph/L2 size ()I 3832 0 138555 0 0
ciMethod com/android/tools/r8/graph/h1 H0 ()Lcom/android/tools/r8/graph/s2; 276 0 138 0 0
ciMethod com/android/tools/r8/internal/Wy <init> (Lcom/android/tools/r8/internal/az;)V 258 0 15110 0 -1
ciMethod com/android/tools/r8/internal/Wy get (Ljava/lang/Object;)Ljava/lang/Object; 48 0 3291 0 -1
ciMethod com/android/tools/r8/utils/w a (Lcom/android/tools/r8/internal/A2;)Z 4140 0 34989 0 -1
ciMethod com/android/tools/r8/utils/w a0 ()Z 4096 0 87226 0 -1
ciMethod com/android/tools/r8/utils/w H ()Lcom/android/tools/r8/internal/A2; 716 0 12686 0 -1
ciMethod com/android/tools/r8/graph/i0 <init> ()V 780 0 167639 0 -1
ciMethod com/android/tools/r8/internal/B40$a c ()Lcom/android/tools/r8/internal/B40$a; 0 0 1 0 -1
ciMethod com/android/tools/r8/internal/B40$a a (I)Lcom/android/tools/r8/internal/B40$a; 1024 0 552950 0 -1
ciMethod com/android/tools/r8/internal/B40$a a (Lcom/android/tools/r8/graph/x2;)Lcom/android/tools/r8/internal/B40$a; 1024 0 552888 0 -1
ciMethod com/android/tools/r8/internal/B40 p ()Z 520 0 74471 0 -1
ciMethod com/android/tools/r8/internal/B40 i ()Lcom/android/tools/r8/graph/x2; 0 0 1 0 -1
ciMethod com/android/tools/r8/internal/B40 j ()Lcom/android/tools/r8/internal/qG; 0 0 1 0 -1
ciMethod com/android/tools/r8/internal/B40 k ()Z 90 0 15702 0 -1
ciMethod com/android/tools/r8/internal/B40 f ()I 256 0 128 0 -1
ciMethod com/android/tools/r8/internal/B40 e ()Lcom/android/tools/r8/graph/I2; 62 0 31 0 -1
ciMethod com/android/tools/r8/internal/B40 o ()Z 4250 0 628936 0 -1
ciMethod com/android/tools/r8/internal/B40 h ()Lcom/android/tools/r8/internal/B40; 244 0 15668 0 -1
ciMethod com/android/tools/r8/graph/W0 <init> ()V 772 0 14251 0 -1
ciMethod com/android/tools/r8/graph/W0 t0 ()Z 0 0 1 0 -1
ciMethod com/android/tools/r8/graph/W0 n0 ()Lcom/android/tools/r8/graph/W0$a; 0 0 1 0 -1
ciMethod com/android/tools/r8/graph/W0$a <init> (I[Lcom/android/tools/r8/graph/I2;[Lcom/android/tools/r8/graph/O0;)V 4100 0 16177 0 -1
ciMethod com/android/tools/r8/internal/g1 <init> ()V 1046 0 160055 0 0
ciMethod com/android/tools/r8/internal/a1 <init> ()V 524 0 159795 0 0
ciMethodData com/android/tools/r8/internal/ez a (I)I 2 1080215 orig 80 0 0 0 0 0 0 0 0 0 0 0 0 0 0 0 0 0 0 0 0 0 0 0 0 0 0 0 0 0 0 0 0 0 0 0 0 0 0 0 0 0 0 0 0 0 0 0 0 0 0 0 0 0 0 0 0 0 0 0 0 0 0 0 0 0 0 0 0 0 0 0 0 0 0 0 0 0 0 0 0 data 5 0x0 0x0 0x9 0x1 0x0 oops 0 methods 0
ciMethodData com/android/tools/r8/internal/ez a (IF)I 2 25537 orig 80 0 0 0 0 0 0 0 0 0 0 0 0 0 0 0 0 0 0 0 0 0 0 0 0 0 0 0 0 0 0 0 0 0 0 0 0 0 0 0 0 0 0 0 0 0 0 0 0 0 0 0 0 0 0 0 0 0 0 0 0 0 0 0 0 0 0 0 0 0 0 0 0 0 0 0 0 0 0 0 0 data 59 0x50002 0x5bc2 0x90002 0x5bc3 0x110002 0x5bc1 0x1a0007 0x0 0x20 0x5bc0 0x2c0002 0x0 0x2f0005 0x0 0x0 0x0 0x0 0x0 0x0 0x340005 0x0 0x0 0x0 0x0 0x0 0x0 0x380005 0x0 0x0 0x0 0x0 0x0 0x0 0x3d0005 0x0 0x0 0x0 0x0 0x0 0x0 0x400005 0x0 0x0 0x0 0x0 0x0 0x0 0x430002 0x0 0x0 0x0 0x0 0x0 0x0 0x0 0x9 0x2 0x0 0x0 oops 0 methods 0
ciMethodData com/android/tools/r8/internal/ez b (J)J 2 14745 orig 80 0 0 0 0 0 0 0 0 0 0 0 0 20 2 0 0 0 0 0 0 0 0 0 0 0 0 0 0 0 0 0 0 0 0 0 0 0 0 0 0 0 0 0 0 0 0 0 0 0 0 0 0 0 0 0 0 0 0 0 0 0 0 0 0 0 0 0 0 0 0 0 0 0 0 0 0 0 0 0 0 data 10 0x30007 0x37a4 0x20 0xf5 0x0 0x0 0x9 0x2 0x0 0x0 oops 0 methods 0
ciMethodData com/android/tools/r8/internal/ez b (IF)I 2 157511 orig 80 0 0 0 0 0 0 0 0 0 0 0 0 20 2 0 0 0 0 0 0 0 0 0 0 0 0 0 0 0 0 0 0 0 0 0 0 0 0 0 0 0 0 0 0 0 0 0 0 0 0 0 0 0 0 0 0 0 0 0 0 0 0 0 0 0 0 0 0 0 0 0 0 0 0 0 0 0 0 0 0 data 14 0x50002 0x25f19 0xc0002 0x25f5a 0x0 0x0 0x0 0x0 0x0 0x0 0x9 0x2 0x0 0x0 oops 0 methods 0
ciMethodData com/android/tools/r8/internal/g1 <init> ()V 2 160055 orig 80 0 0 0 0 0 0 0 0 0 0 0 0 0 0 0 0 0 0 0 0 0 0 0 0 0 0 0 0 0 0 0 0 0 0 0 0 0 0 0 0 0 0 0 0 0 0 0 0 0 0 0 0 0 0 0 0 0 0 0 0 0 0 0 0 0 0 0 0 0 0 0 0 0 0 0 0 0 0 0 0 data 7 0x10002 0x26f34 0x0 0x0 0x9 0x1 0x0 oops 0 methods 0
ciMethodData com/android/tools/r8/internal/a1 <init> ()V 2 159795 orig 80 0 0 0 0 0 0 0 0 0 0 0 0 0 0 0 0 0 0 0 0 0 0 0 0 0 0 0 0 0 0 0 0 0 0 0 0 0 0 0 0 0 0 0 0 0 0 0 0 0 0 0 0 0 0 0 0 0 0 0 0 0 0 0 0 0 0 0 0 0 0 0 0 0 0 0 0 0 0 0 0 data 7 0x10002 0x26f2f 0x0 0x0 0x9 0x1 0x0 oops 0 methods 0
ciMethod com/android/tools/r8/internal/rD getPosition ()Lcom/android/tools/r8/internal/B40; 4170 0 1521826 0 64
ciMethod com/android/tools/r8/internal/rD d ()Lcom/android/tools/r8/internal/vt0; 256 0 128 0 0
ciMethod com/android/tools/r8/internal/rD a (Lcom/android/tools/r8/internal/Wm;)V 0 0 1 0 -1
ciMethod com/android/tools/r8/internal/rD b ()Lcom/android/tools/r8/internal/K5; 4102 0 1703612 0 64
ciMethod com/android/tools/r8/internal/rD n ()Z 260 0 130 0 -1
ciMethod com/android/tools/r8/internal/rD o ()Lcom/android/tools/r8/graph/j0; 8796 0 222554 0 0
ciMethod com/android/tools/r8/internal/rD l1 ()Z 256 0 128 0 -1
ciMethod com/android/tools/r8/internal/rD t ()Lcom/android/tools/r8/internal/d3; 258 0 129 0 -1
ciMethod com/android/tools/r8/internal/rD d2 ()Z 282 0 141 0 -1
ciMethod com/android/tools/r8/internal/rD j0 ()Lcom/android/tools/r8/internal/OJ; 0 0 1 0 -1
ciMethod com/android/tools/r8/internal/rD T ()Lcom/android/tools/r8/internal/zA; 0 0 1 0 -1
ciMethod com/android/tools/r8/internal/rD K ()Lcom/android/tools/r8/internal/ui; 204 0 100 0 -1
ciMethod com/android/tools/r8/internal/rD a (Z)V 0 0 1 0 -1
ciMethod com/android/tools/r8/internal/zA N2 ()V 0 0 1 0 -1
ciMethod com/android/tools/r8/internal/zA L2 ()Lcom/android/tools/r8/internal/K5; 4158 0 277069 0 -1
ciMethod com/android/tools/r8/internal/B40$b$a <init> ()V 1024 0 538979 0 -1
ciMethod com/android/tools/r8/internal/B40$b$a d ()Lcom/android/tools/r8/internal/B40$b; 1024 0 350100 0 -1
ciMethod com/android/tools/r8/internal/B40$b <init> (ILcom/android/tools/r8/graph/x2;Lcom/android/tools/r8/internal/B40;ZZ)V 1024 0 349984 0 -1
ciMethod com/android/tools/r8/internal/B40$b t ()Lcom/android/tools/r8/internal/B40$b$a; 1024 0 538919 0 -1
ciMethod com/android/tools/r8/internal/sG c (I)I 0 0 1 0 -1
ciMethod com/android/tools/r8/internal/h8 <init> (Ljava/util/Map;)V 2 0 1 0 -1
ciMethod com/android/tools/r8/graph/j0 a (Lcom/android/tools/r8/internal/IF;Lcom/android/tools/r8/internal/IF;)Z 4310 14464 79133 0 -1
ciMethod com/android/tools/r8/graph/j0 equals (Ljava/lang/Object;)Z 4096 0 175050 0 -1
ciMethod com/android/tools/r8/internal/d3 t ()Lcom/android/tools/r8/internal/d3; 6996 0 3498 0 64
ciMethod com/android/tools/r8/internal/RF <init> (Lcom/android/tools/r8/internal/TF;)V 4120 0 11276 0 320
ciMethod com/android/tools/r8/internal/RF hasNext ()Z 4404 0 304343 0 96
ciMethod com/android/tools/r8/internal/RF a ()I 4400 6536 45584 0 320
ciMethod com/android/tools/r8/internal/MF <init> (Lcom/android/tools/r8/internal/TF;)V 5252 0 374264 0 0
ciMethod com/android/tools/r8/internal/MF next ()Ljava/lang/Object; 4386 0 43963 0 864
ciMethod com/android/tools/r8/internal/vt0 t ()Lcom/android/tools/r8/graph/j0; 4110 0 1317901 0 96
ciMethod com/android/tools/r8/internal/cH a (Lcom/android/tools/r8/internal/VH;)Z 794 0 614 0 -1
ciMethod com/android/tools/r8/internal/cH a ([I)J 590 0 771 0 -1
ciMethod com/android/tools/r8/internal/cH a (Lcom/android/tools/r8/internal/VH;J)Z 1308 0 618 0 -1
ciMethod com/android/tools/r8/internal/vo0 b (I)Lcom/android/tools/r8/internal/K5; 96 0 5185 0 -1
ciMethod com/android/tools/r8/internal/vo0 K2 ()Lcom/android/tools/r8/internal/K5; 508 0 1583 0 -1
ciMethod com/android/tools/r8/internal/vo0 L2 ()I 0 0 1 0 -1
ciMethod com/android/tools/r8/internal/VH a ()Z 1516 0 758 0 -1
ciMethod com/android/tools/r8/internal/rF hasNext ()Z 2548 0 146964 0 -1
ciMethod com/android/tools/r8/internal/rF a ()Lcom/android/tools/r8/internal/fF; 4186 0 45302 0 -1
ciMethod com/android/tools/r8/internal/HF a ()I 0 0 1 0 -1
ciMethod com/android/tools/r8/internal/AZ a ()I 5214 0 351876 0 -1
ciMethod com/android/tools/r8/internal/tF a (ILjava/lang/Object;)Ljava/lang/Object; 4184 8118 121010 0 -1
ciMethod com/android/tools/r8/internal/tF a (I)Z 687374 0 598087 0 -1
ciMethod com/android/tools/r8/internal/tF isEmpty ()Z 0 0 1 0 -1
ciMethod com/android/tools/r8/internal/tF c ()Lcom/android/tools/r8/internal/N10; 840 0 59863 0 -1
ciMethod com/android/tools/r8/internal/tF <init> ()V 2108 0 76904 0 -1
ciMethod com/android/tools/r8/internal/K5 t ()Ljava/util/List; 4104 0 1293881 0 -1
ciMethod com/android/tools/r8/internal/K5 m ()Ljava/util/List; 4688 0 111362 0 -1
ciMethod com/android/tools/r8/internal/K5 l ()Ljava/util/List; 7102 0 138035 0 -1
ciMethod com/android/tools/r8/internal/K5 a (Lcom/android/tools/r8/internal/K5;Lcom/android/tools/r8/internal/K5;)V 4096 2078 10304 0 -1
ciMethod com/android/tools/r8/internal/K5 k ()Ljava/util/LinkedList; 262 0 131 0 -1
ciMethod com/android/tools/r8/internal/K5 h ()Lcom/android/tools/r8/internal/OJ; 4118 0 22072 0 384
ciMethod com/android/tools/r8/internal/K5 i ()Lcom/android/tools/r8/internal/z8; 4128 0 314273 0 -1
ciMethod com/android/tools/r8/internal/K5 a ()Z 4126 5580 10015 0 -1
ciMethod com/android/tools/r8/internal/K5 a (Lcom/android/tools/r8/internal/aA;)Lcom/android/tools/r8/internal/N5; 4152 0 975111 0 -1
ciMethod com/android/tools/r8/internal/K5 a (ILcom/android/tools/r8/internal/B40;Lcom/android/tools/r8/internal/hA;Lcom/android/tools/r8/internal/K5;)Lcom/android/tools/r8/internal/K5; 2 0 209 0 -1
ciMethod com/android/tools/r8/internal/z8 isEmpty ()Z 3476 0 941224 0 -1
ciMethod com/android/tools/r8/internal/z8 equals (Ljava/lang/Object;)Z 4096 0 25365 0 -1
ciMethod com/android/tools/r8/internal/Rm a (Lcom/android/tools/r8/internal/Wm;)I 0 0 1 0 -1
ciMethod com/android/tools/r8/internal/Rm a (Lcom/android/tools/r8/internal/Wm;Ljava/util/ArrayList;)V 0 0 1 0 -1
ciMethod com/android/tools/r8/internal/Rm c ()I 0 0 1 0 -1
ciMethod com/android/tools/r8/internal/Rm b ()I 4204 0 318186 0 -1
ciMethod com/android/tools/r8/internal/QF <init> (Lcom/android/tools/r8/internal/TF;)V 452 0 65979 0 0
ciMethod com/android/tools/r8/internal/QF iterator ()Ljava/util/Iterator; 4162 0 29868 0 224
ciMethod com/android/tools/r8/internal/PF <init> (Lcom/android/tools/r8/internal/TF;I)V 782 0 42161 0 0
ciMethod com/android/tools/r8/internal/PF a ()I 67838 0 33933 0 128
ciMethod com/android/tools/r8/internal/PF getValue ()Ljava/lang/Object; 79068 0 39534 0 128
ciMethod com/android/tools/r8/internal/Yo o ()I 272 0 136 0 -1
ciMethod com/android/tools/r8/internal/Yo g (I)V 276 0 138 0 0
ciMethod com/android/tools/r8/internal/Yo u ()I 0 0 1 0 -1
ciMethod com/android/tools/r8/internal/uq <init> ()V 1284 0 54112 0 -1
ciMethod com/android/tools/r8/internal/co <init> ()V 946 0 60191 0 -1
ciMethod com/android/tools/r8/internal/Fm u ()I 396 0 198 0 -1
ciMethod com/android/tools/r8/internal/N5 hasNext ()Z 143876 0 553865 0 160
ciMethod com/android/tools/r8/internal/aA s ()Ljava/lang/Iterable; 1804 0 82940 0 -1
ciMethod com/android/tools/r8/internal/aA v ()Lcom/android/tools/r8/internal/O5; 4102 0 410996 0 -1
ciMethod com/android/tools/r8/internal/O5 hasNext ()Z 17518 0 665283 0 160
ciMethod com/android/tools/r8/internal/bA hasNext ()Z 4110 0 20150 0 256
ciMethod com/android/tools/r8/internal/bA next ()Ljava/lang/Object; 4590 0 20784 0 4288
ciMethod com/android/tools/r8/internal/ic0 d ()I 0 0 1 0 -1
ciMethod com/android/tools/r8/graph/J0 <init> (III[Lcom/android/tools/r8/internal/Yo;[Lcom/android/tools/r8/graph/J0$a;[Lcom/android/tools/r8/graph/J0$b;Lcom/android/tools/r8/graph/W0;Lcom/android/tools/r8/internal/h8;)V 4096 0 16876 0 -1
ciMethodData com/android/tools/r8/internal/N5 hasNext ()Z 2 553865 orig 80 0 0 0 0 0 0 0 0 0 0 0 0 20 2 0 0 0 0 0 0 0 0 0 0 0 0 0 0 0 0 0 0 0 0 0 0 0 0 0 0 0 0 0 0 0 0 0 0 0 0 0 0 0 0 0 0 0 0 0 0 0 0 0 0 0 0 0 0 0 0 0 0 0 0 0 0 0 0 0 0 data 16 0x40005 0x0 0x0 0x214c37b9cc0 0x75ab0 0x0 0x0 0x0 0x0 0x0 0x0 0x0 0x0 0x9 0x1 0x0 oops 1 3 java/util/LinkedList$ListItr methods 0
ciMethod com/android/tools/r8/internal/ui K ()Lcom/android/tools/r8/internal/ui; 5932 0 2975 0 64
ciMethod com/android/tools/r8/internal/ui a (Lcom/android/tools/r8/internal/IF;)Z 4114 5954 51863 0 0
ciMethod com/android/tools/r8/internal/CQ d ()I 4114 0 46673 0 -1
ciMethod com/android/tools/r8/internal/Eq u ()I 554 0 271 0 -1
ciMethod com/android/tools/r8/internal/Wm a ()V 4096 0 16959 0 -1
ciMethod com/android/tools/r8/internal/Wm a (Lcom/android/tools/r8/internal/rD;)Lcom/android/tools/r8/internal/Rm; 4194 0 26379 0 160
ciMethod com/android/tools/r8/internal/Wm b ()Lcom/android/tools/r8/graph/J0; 1478 163840 16878 0 -1
ciMethod com/android/tools/r8/internal/Wm a (Lcom/android/tools/r8/internal/az;)Ljava/util/ArrayList; 4120 14524 17037 0 -1
ciMethod com/android/tools/r8/internal/Wm a (Lcom/android/tools/r8/graph/y;Lcom/android/tools/r8/internal/aA;)V 960 32768 16909 0 -1
ciMethod com/android/tools/r8/internal/Wm a (Ljava/util/ArrayList;Ljava/util/ArrayList;)Ljava/util/List; 4100 186 16978 0 -1
ciMethod com/android/tools/r8/internal/Mr <init> ()V 618 0 296 0 -1
ciMethod com/android/tools/r8/internal/Eq <init> ([II)V 38 0 270 0 -1
ciMethod com/android/tools/r8/internal/wr <init> ([I[I)V 2 0 37 0 -1
ciMethod com/android/tools/r8/internal/wr u ()I 100 0 38 0 -1
ciMethod com/android/tools/r8/internal/Vn <init> (IJ[S)V 2 0 70 0 -1
ciMethod com/android/tools/r8/graph/U0 <init> (Lcom/android/tools/r8/graph/y;Lcom/android/tools/r8/internal/aA;)V 4096 0 17106 0 -1
ciMethod com/android/tools/r8/graph/U0 a (ILcom/android/tools/r8/internal/B40;ILcom/android/tools/r8/internal/B40;Ljava/util/List;Lcom/android/tools/r8/graph/B1;Z)V 4106 0 76074 0 -1
ciMethod com/android/tools/r8/graph/U0 a (IILjava/util/List;Lcom/android/tools/r8/graph/B1;)V 4098 0 76265 0 -1
ciMethod com/android/tools/r8/graph/U0 a (Lcom/android/tools/r8/internal/IF;Lcom/android/tools/r8/internal/IF;Lcom/android/tools/r8/internal/IF;Ljava/util/ArrayList;Lcom/android/tools/r8/graph/B1;)V 2518 65592 30829 0 -1
ciMethod com/android/tools/r8/internal/gF <init> (Lcom/android/tools/r8/internal/tF;)V 840 0 59852 0 -1
ciMethod com/android/tools/r8/graph/J0$a <init> (III)V 938 0 687 0 -1
ciMethod com/android/tools/r8/graph/J0$b <init> ([Lcom/android/tools/r8/graph/J0$b$a;I)V 2 0 577 0 -1
ciMethod com/android/tools/r8/internal/y10 iterator ()Ljava/util/Iterator; 5462 0 2673 0 0
ciMethodData com/android/tools/r8/internal/TF <init> (I)V 2 32687 orig 80 0 0 0 0 0 0 0 0 0 0 0 0 0 0 0 0 0 0 0 0 0 0 0 0 0 0 0 0 0 0 0 0 0 0 0 0 0 0 0 0 0 0 0 0 0 0 0 0 0 0 0 0 0 0 0 0 0 0 0 0 0 0 0 0 0 0 0 0 0 0 0 0 0 0 0 0 0 0 0 0 data 22 0x50002 0x77a0 0x80007 0x0 0x40 0x77a2 0x150002 0x77a3 0x270002 0x77a7 0x470002 0x0 0x0 0x0 0x0 0x0 0x0 0x0 0x9 0x2 0x3e 0x0 oops 0 methods 0
ciMethodData com/android/tools/r8/internal/O5 hasNext ()Z 2 665283 orig 80 0 0 0 0 0 0 0 0 0 0 0 0 20 2 0 0 0 0 0 0 0 0 0 0 0 0 0 0 0 0 0 0 0 0 0 0 0 0 0 0 0 0 0 0 0 0 0 0 0 0 0 0 0 0 0 0 0 0 0 0 0 0 0 0 0 0 0 0 0 0 0 0 0 0 0 0 0 0 0 0 data 16 0x40005 0x0 0x0 0x214c37b9cc0 0xa055a 0x0 0x0 0x0 0x0 0x0 0x0 0x0 0x0 0x9 0x1 0x0 oops 1 3 java/util/LinkedList$ListItr methods 0
ciMethod com/android/tools/r8/internal/LT a (Ljava/util/Map$Entry;)Ljava/lang/Object; 48 0 3335 0 -1
ciMethodData com/android/tools/r8/internal/K5 h ()Lcom/android/tools/r8/internal/OJ; 2 22072 orig 80 0 0 0 0 0 0 0 0 0 0 0 0 20 2 0 0 0 0 0 0 0 0 0 0 0 0 0 0 0 0 0 0 0 0 0 0 0 0 0 0 0 0 0 0 0 0 0 0 0 0 0 0 0 0 0 0 0 0 0 0 0 0 0 0 0 0 0 0 0 0 0 0 0 0 0 0 0 0 0 0 data 91 0x50007 0x4e2d 0x68 0x0 0xc0007 0x0 0x38 0x0 0xf0003 0x0 0x28 0x160002 0x0 0x1b0007 0x4e2d 0x148 0x0 0x230005 0x0 0x0 0x0 0x0 0x0 0x0 0x280005 0x0 0x0 0x0 0x0 0x0 0x0 0x2b0004 0x0 0x0 0x0 0x0 0x0 0x0 0x2e0005 0x0 0x0 0x0 0x0 0x0 0x0 0x310007 0x0 0x38 0x0 0x340003 0x0 0x28 0x3b0002 0x0 0x440005 0x0 0x0 0x214c37b9c10 0x4e2d 0x0 0x0 0x490005 0x0 0x0 0x214c37b9c10 0x4e2d 0x0 0x0 0x4c0004 0x0 0x0 0x214c2334d90 0x238d 0x214c4395d80 0x61 0x4f0005 0x2a3f 0x0 0x214c2334d90 0x238d 0x214c4395d80 0x61 0x0 0x0 0x0 0x0 0x0 0x0 0x9 0x1 0x0 oops 6 57 java/util/LinkedList 64 java/util/LinkedList 71 com/android/tools/r8/internal/zA 73 com/android/tools/r8/internal/ip0 78 com/android/tools/r8/internal/zA 80 com/android/tools/r8/internal/ip0 methods 0
ciMethodData com/android/tools/r8/internal/vt0 t ()Lcom/android/tools/r8/graph/j0; 2 1317932 orig 80 0 0 0 0 0 0 0 0 0 0 0 0 20 2 0 0 0 0 0 0 0 0 0 0 0 0 0 0 0 0 0 0 0 0 0 0 0 0 0 0 0 0 0 0 0 0 0 0 0 0 0 0 0 0 0 0 0 0 0 0 0 0 0 0 0 0 0 0 0 0 0 0 0 0 0 0 0 0 0 0 data 16 0x60007 0xa2c38 0x38 0x9e8f1 0xa0003 0x9e926 0x18 0x0 0x0 0x0 0x0 0x0 0x0 0x9 0x1 0x0 oops 0 methods 0
ciMethodData com/android/tools/r8/internal/rD b ()Lcom/android/tools/r8/internal/K5; 2 1704637 orig 80 0 0 0 0 0 0 0 0 0 0 0 0 20 2 0 0 0 0 0 0 0 0 0 0 0 0 0 0 0 0 0 0 0 0 0 0 0 0 0 0 0 0 0 0 0 0 0 0 0 0 0 0 0 0 0 0 0 0 0 0 0 0 0 0 0 0 0 0 0 0 0 0 0 0 0 0 0 0 0 0 data 22 0x30007 0x19fb32 0x68 0x0 0xa0007 0x0 0x38 0x0 0xd0003 0x0 0x28 0x140002 0x0 0x0 0x0 0x0 0x0 0x0 0x0 0x9 0x1 0x0 oops 0 methods 0
ciMethod com/android/tools/r8/internal/b8 b (I)Z 0 0 1 0 -1
ciMethodData com/android/tools/r8/internal/bA hasNext ()Z 2 20150 orig 80 0 0 0 0 0 0 0 0 0 0 0 0 20 2 0 0 0 0 0 0 0 0 0 0 0 0 0 0 0 0 0 0 0 0 0 0 0 0 0 0 0 0 0 0 0 0 0 0 0 0 0 0 0 0 0 0 0 0 0 0 0 0 0 0 0 0 0 0 0 0 0 0 0 0 0 0 0 0 0 0 data 37 0x40005 0x0 0x0 0x214ff1b11f0 0x46af 0x0 0x0 0x90007 0x399c 0xa8 0xd13 0x100005 0x0 0x0 0x214c37b9ab0 0xd13 0x0 0x0 0x150007 0x33f 0x38 0x9d4 0x180003 0x9d4 0x30 0x1c0003 0x33f 0x18 0x0 0x0 0x0 0x0 0x0 0x0 0x9 0x1 0x0 oops 2 3 com/android/tools/r8/internal/N5 14 com/android/tools/r8/internal/O5 methods 0
ciMethodData com/android/tools/r8/internal/RF hasNext ()Z 2 304719 orig 80 0 0 0 0 0 0 0 0 0 0 0 0 20 2 0 0 0 0 0 0 0 0 0 0 0 0 0 0 0 0 0 0 0 0 0 0 0 0 0 0 0 0 0 0 0 0 0 0 0 0 0 0 0 0 0 0 0 0 0 0 0 0 0 0 0 0 0 0 0 0 0 0 0 0 0 0 0 0 0 0 data 13 0x40007 0x1ebbf 0x38 0x2b20c 0x80003 0x2b209 0x18 0x0 0x0 0x0 0x9 0x1 0x0 oops 0 methods 0
ciMethodData com/android/tools/r8/internal/rD getPosition ()Lcom/android/tools/r8/internal/B40; 2 1523658 orig 80 0 0 0 0 0 0 0 0 0 0 0 0 20 2 0 0 0 0 0 0 0 0 0 0 0 0 0 0 0 0 0 0 0 0 0 0 0 0 0 0 0 0 0 0 0 0 0 0 0 0 0 0 0 0 0 0 0 0 0 0 0 0 0 0 0 0 0 0 0 0 0 0 0 0 0 0 0 0 0 0 data 22 0x30007 0x173822 0x68 0x0 0xa0007 0x0 0x38 0x0 0xd0003 0x0 0x28 0x140002 0x0 0x0 0x0 0x0 0x0 0x0 0x0 0x9 0x1 0x0 oops 0 methods 0
ciMethod com/android/tools/r8/graph/O0$d <init> (ILcom/android/tools/r8/graph/I2;Lcom/android/tools/r8/graph/J2;Lcom/android/tools/r8/graph/I2;)V 4096 0 22840 0 -1
ciMethodData com/android/tools/r8/internal/TF d (I)V 2 73194 orig 80 0 0 0 0 0 0 0 0 0 0 0 0 0 0 0 0 0 0 0 0 0 0 0 0 0 0 0 0 0 0 0 0 0 0 0 0 0 0 0 0 0 0 0 0 0 0 0 0 0 0 0 0 0 0 0 0 0 0 0 0 0 0 0 0 0 0 0 0 0 0 0 0 0 0 0 0 0 0 0 0 data 63 0x260007 0x402 0x38 0x3b5 0x310003 0x3b5 0x18 0x410007 0x7b7 0x110 0x19d9 0x500007 0x19d9 0x38 0x6912 0x530003 0x6912 0xffffffffffffffe0 0x5a0002 0x19d9 0x640007 0x18e8 0x58 0xf1 0x740007 0xf1 0x38 0x54 0x770003 0x54 0xffffffffffffffe0 0x8d0004 0x0 0x0 0x214c37ba240 0x192e 0x214c3d93160 0x4a 0x8e0003 0x19d9 0xffffffffffffff08 0xa80104 0x0 0x0 0x214c37ba240 0x3b2 0x214c390d8c0 0x2 0xb20002 0x7b7 0x0 0x0 0x0 0x0 0x0 0x0 0x0 0x0 0x0 0x9 0x2 0x0 0x0 oops 4 34 com/android/tools/r8/graph/j0 36 com/android/tools/r8/graph/O0$b 44 com/android/tools/r8/graph/j0 46 com/android/tools/r8/internal/ab methods 0
ciMethodData com/android/tools/r8/internal/RF a ()I 2 65864 orig 80 0 0 0 0 0 0 0 0 0 0 0 0 20 2 0 0 0 0 0 0 0 0 0 0 0 0 0 0 0 0 0 0 0 0 1 0 0 0 0 0 0 0 0 0 0 0 0 0 0 0 0 0 0 0 0 0 0 0 0 0 0 0 0 0 0 0 0 0 0 0 0 0 0 0 0 0 0 0 0 0 data 55 0x10005 0xa978 0x0 0x0 0x0 0x0 0x0 0x40007 0x0 0x100 0xa978 0x150007 0x9ea1 0x20 0xad7 0x400007 0x19326 0xa0 0x0 0x510005 0x0 0x0 0x0 0x0 0x0 0x0 0x560002 0x0 0x660007 0x0 0x38 0x0 0x750003 0x0 0xffffffffffffffe0 0x7d0007 0xf484 0xffffffffffffff60 0x9ea2 0x8b0002 0x0 0x0 0x0 0x0 0x0 0x0 0x0 0x0 0x0 0x0 0x0 0x0 0x9 0x1 0xe oops 0 methods 0
ciMethodData com/android/tools/r8/graph/L2 size ()I 2 138555 orig 80 0 0 0 0 0 0 0 0 0 0 0 0 0 0 0 0 0 0 0 0 0 0 0 0 0 0 0 0 0 0 0 0 0 0 0 0 0 0 0 0 0 0 0 0 0 0 0 0 0 0 0 0 0 0 0 0 0 0 0 0 0 0 0 0 0 0 0 0 0 0 0 0 0 0 0 0 0 0 0 0 data 7 0x0 0x0 0x0 0x0 0x9 0x1 0x0 oops 0 methods 0
ciMethodData com/android/tools/r8/internal/PF getValue ()Ljava/lang/Object; 1 39534 orig 80 0 0 0 0 0 0 0 0 0 0 0 0 20 2 0 0 0 0 0 0 0 0 0 0 0 0 0 0 0 0 0 0 0 0 0 0 0 0 0 0 0 0 0 0 0 0 0 0 0 0 0 0 0 0 0 0 0 0 0 0 0 0 0 0 0 0 0 0 0 0 0 0 0 0 0 0 0 0 0 0 data 7 0x0 0x0 0x0 0x0 0x9 0x1 0x0 oops 0 methods 0
ciMethodData com/android/tools/r8/internal/MF next ()Ljava/lang/Object; 2 43963 orig 80 0 0 0 0 0 0 0 0 0 0 0 0 20 2 0 0 0 0 0 0 0 0 0 0 0 0 0 0 0 0 0 0 0 0 0 0 0 0 0 0 0 0 0 0 0 0 0 0 0 0 0 0 0 0 0 0 0 0 0 0 0 0 0 0 0 0 0 0 0 0 0 0 0 0 0 0 0 0 0 0 data 18 0xd0005 0xa32a 0x0 0x0 0x0 0x0 0x0 0x120002 0xa32b 0x0 0x0 0x0 0x0 0x0 0x0 0x9 0x1 0x3e oops 0 methods 0
ciMethodData com/android/tools/r8/internal/PF <init> (Lcom/android/tools/r8/internal/TF;I)V 2 42161 orig 80 0 0 0 0 0 0 0 0 0 0 0 0 0 0 0 0 0 0 0 0 0 0 0 0 0 0 0 0 0 0 0 0 0 0 0 0 0 0 0 0 0 0 0 0 0 0 0 0 0 0 0 0 0 0 0 0 0 0 0 0 0 0 0 0 0 0 0 0 0 0 0 0 0 0 0 0 0 0 0 0 data 11 0x70002 0xa32a 0x0 0x0 0x0 0x0 0x9 0x3 0x6 0x0 0x0 oops 0 methods 0
ciMethodData com/android/tools/r8/internal/PF a ()I 1 33933 orig 80 0 0 0 0 0 0 0 0 0 0 0 0 20 2 0 0 0 0 0 0 0 0 0 0 0 0 0 0 0 0 0 0 0 0 0 0 0 0 0 0 0 0 0 0 0 0 0 0 0 0 0 0 0 0 0 0 0 0 0 0 0 0 0 0 0 0 0 0 0 0 0 0 0 0 0 0 0 0 0 0 data 7 0x0 0x0 0x0 0x0 0x9 0x1 0x0 oops 0 methods 0
ciMethodData com/android/tools/r8/internal/TF putAll (Ljava/util/Map;)V 2 267767 orig 80 0 0 0 0 0 0 0 0 0 0 0 0 0 0 0 0 0 0 0 0 0 0 0 0 0 0 0 0 0 0 0 0 0 0 0 0 0 0 0 0 0 0 0 0 0 0 0 0 0 0 0 0 0 0 0 0 0 0 0 0 0 0 0 0 0 0 0 0 0 0 0 0 0 0 0 0 0 0 0 0 data 65 0x90007 0x40d74 0xd8 0x0 0xd0005 0x0 0x0 0x0 0x0 0x0 0x0 0x160002 0x0 0x1f0007 0x0 0x140 0x0 0x240005 0x0 0x0 0x0 0x0 0x0 0x0 0x270003 0x0 0xe8 0x300005 0x0 0x0 0x214c37ba2f0 0x40d45 0x214c4567510 0xe 0x3f0002 0x40efd 0x430002 0x40e9f 0x4b0002 0x40e38 0x530002 0x40e50 0x5d0007 0x40f0a 0x58 0x0 0x620005 0x0 0x0 0x0 0x0 0x0 0x0 0x670002 0x40e1e 0x0 0x0 0x0 0x0 0x0 0x0 0x9 0x2 0xffffffffffffffff 0xffffffffffffffff oops 2 30 com/android/tools/r8/internal/TF 32 com/android/tools/r8/internal/nG methods 0
ciMethodData com/android/tools/r8/graph/x2 z0 ()I 2 68237 orig 80 0 0 0 0 0 0 0 0 0 0 0 0 0 0 0 0 0 0 0 0 0 0 0 0 0 0 0 0 0 0 0 0 0 0 0 0 0 0 0 0 0 0 0 0 0 0 0 0 0 0 0 0 0 0 0 0 0 0 0 0 0 0 0 0 0 0 0 0 0 0 0 0 0 0 0 0 0 0 0 0 data 16 0x70005 0x0 0x0 0x214c1596450 0x10721 0x0 0x0 0x0 0x0 0x0 0x0 0x0 0x0 0x9 0x1 0x0 oops 1 3 com/android/tools/r8/graph/L2 methods 0
ciMethodData com/android/tools/r8/internal/RF <init> (Lcom/android/tools/r8/internal/TF;)V 2 11276 orig 80 0 0 0 0 0 0 0 0 0 0 0 0 20 2 0 0 0 0 0 0 0 0 0 0 0 0 0 0 0 0 0 0 0 0 0 0 0 0 0 0 0 0 0 0 0 0 0 0 0 0 0 0 0 0 0 0 0 0 0 0 0 0 0 0 0 0 0 0 0 0 0 0 0 0 0 0 0 0 0 0 data 10 0xd0002 0x2400 0x0 0x0 0x0 0x0 0x9 0x2 0x1e 0x0 oops 0 methods 0
ciMethodData com/android/tools/r8/internal/MF <init> (Lcom/android/tools/r8/internal/TF;)V 2 374671 orig 80 0 0 0 0 0 0 0 0 0 0 0 0 20 2 0 0 0 0 0 0 0 0 0 0 0 0 0 0 0 0 0 0 0 0 0 0 0 0 0 0 0 0 0 0 0 0 0 0 0 0 0 0 0 0 0 0 0 0 0 0 0 0 0 0 0 0 0 0 0 0 0 0 0 0 0 0 0 0 0 0 data 9 0x70002 0x5ae5b 0x0 0x0 0x0 0x9 0x2 0x3e 0x0 oops 0 methods 0
ciMethodData com/android/tools/r8/internal/QF <init> (Lcom/android/tools/r8/internal/TF;)V 2 65979 orig 80 0 0 0 0 0 0 0 0 0 0 0 0 0 0 0 0 0 0 0 0 0 0 0 0 0 0 0 0 0 0 0 0 0 0 0 0 0 0 0 0 0 0 0 0 0 0 0 0 0 0 0 0 0 0 0 0 0 0 0 0 0 0 0 0 0 0 0 0 0 0 0 0 0 0 0 0 0 0 0 0 data 9 0x60002 0x100db 0x0 0x0 0x0 0x9 0x2 0x6 0x0 oops 0 methods 0
ciMethodData com/android/tools/r8/internal/TF c ()Lcom/android/tools/r8/internal/J10; 2 148344 orig 80 0 0 0 0 0 0 0 0 0 0 0 0 20 2 0 0 0 0 0 0 0 0 0 0 0 0 0 0 0 0 0 0 0 0 0 0 0 0 0 0 0 0 0 0 0 0 0 0 0 0 0 0 0 0 0 0 0 0 0 0 0 0 0 0 0 0 0 0 0 0 0 0 0 0 0 0 0 0 0 0 data 15 0x40007 0x13a93 0x30 0x100dc 0xe0002 0x100dd 0x0 0x0 0x0 0x0 0x0 0x0 0x9 0x1 0x60 oops 0 methods 0
ciMethodData com/android/tools/r8/internal/rD o ()Lcom/android/tools/r8/graph/j0; 2 222882 orig 80 0 0 0 0 0 0 0 0 0 0 0 0 20 2 0 0 0 0 0 0 0 0 0 0 0 0 0 0 0 0 0 0 0 0 0 0 0 0 0 0 0 0 0 0 0 0 0 0 0 0 0 0 0 0 0 0 0 0 0 0 0 0 0 0 0 0 0 0 0 0 0 0 0 0 0 0 0 0 0 0 data 23 0x60007 0x1af3b 0x38 0x1a673 0xa0003 0x1a6dc 0x50 0xe0005 0x1af24 0x0 0x0 0x0 0x0 0x0 0x0 0x0 0x0 0x0 0x0 0x0 0x9 0x1 0x0 oops 0 methods 0
ciMethodData com/android/tools/r8/internal/Wm a (Lcom/android/tools/r8/internal/rD;)Lcom/android/tools/r8/internal/Rm; 2 26379 orig 80 0 0 0 0 0 0 0 0 0 0 0 0 20 2 0 0 0 0 0 0 0 0 0 0 0 0 0 0 0 0 0 0 0 0 0 0 0 0 0 0 0 0 0 0 0 0 0 0 0 0 0 0 0 0 0 0 0 0 0 0 0 0 0 0 0 0 0 0 0 0 0 0 0 0 0 0 0 0 0 0 data 21 0x30007 0x5eda 0x68 0x0 0xa0007 0x0 0x38 0x0 0xd0003 0x0 0x28 0x140002 0x0 0x0 0x0 0x0 0x0 0x9 0x2 0x0 0x0 oops 0 methods 0
ciMethodData com/android/tools/r8/internal/P <init> ()V 2 124670 orig 80 0 0 0 0 0 0 0 0 0 0 0 0 20 2 0 0 0 0 0 0 0 0 0 0 0 0 0 0 0 0 0 0 0 0 0 0 0 0 0 0 0 0 0 0 0 0 0 0 0 0 0 0 0 0 0 0 0 0 0 0 0 0 0 0 0 0 0 0 0 0 0 0 0 0 0 0 0 0 0 0 data 7 0x10002 0x1e4fc 0x0 0x0 0x9 0x1 0x0 oops 0 methods 0
ciMethodData com/android/tools/r8/internal/S <init> ()V 2 124868 orig 80 0 0 0 0 0 0 0 0 0 0 0 0 20 2 0 0 0 0 0 0 0 0 0 0 0 0 0 0 0 0 0 0 0 0 0 0 0 0 0 0 0 0 0 0 0 0 0 0 0 0 0 0 0 0 0 0 0 0 0 0 0 0 0 0 0 0 0 0 0 0 0 0 0 0 0 0 0 0 0 0 data 7 0x10002 0x1e4fd 0x0 0x0 0x9 0x1 0x0 oops 0 methods 0
ciMethodData com/android/tools/r8/internal/S e ()Lcom/android/tools/r8/internal/J10; 1 3917 orig 80 0 0 0 0 0 0 0 0 0 0 0 0 20 2 0 0 0 0 0 0 0 0 0 0 0 0 0 0 0 0 0 0 0 0 0 0 0 0 0 0 0 0 0 0 0 0 0 0 0 0 0 0 0 0 0 0 0 0 0 0 0 0 0 0 0 0 0 0 0 0 0 0 0 0 0 0 0 0 0 0 data 16 0x10005 0x0 0x0 0x0 0x0 0x0 0x0 0x0 0x0 0x0 0x0 0x0 0x0 0x9 0x1 0x0 oops 0 methods 0
ciMethodData com/android/tools/r8/internal/S entrySet ()Ljava/util/Set; 1 3008 orig 80 0 0 0 0 0 0 0 0 0 0 0 0 20 2 0 0 0 0 0 0 0 0 0 0 0 0 0 0 0 0 0 0 0 0 0 0 0 0 0 0 0 0 0 0 0 0 0 0 0 0 0 0 0 0 0 0 0 0 0 0 0 0 0 0 0 0 0 0 0 0 0 0 0 0 0 0 0 0 0 0 data 16 0x10005 0x0 0x0 0x0 0x0 0x0 0x0 0x0 0x0 0x0 0x0 0x0 0x0 0x9 0x1 0x0 oops 0 methods 0
ciMethodData com/android/tools/r8/internal/QF iterator ()Ljava/util/Iterator; 2 29868 orig 80 0 0 0 0 0 0 0 0 0 0 0 0 20 2 0 0 0 0 0 0 0 0 0 0 0 0 0 0 0 0 0 0 0 0 0 0 0 0 0 0 0 0 0 0 0 0 0 0 0 0 0 0 0 0 0 0 0 0 0 0 0 0 0 0 0 0 0 0 0 0 0 0 0 0 0 0 0 0 0 0 data 9 0x80002 0x6c8d 0x0 0x0 0x0 0x0 0x9 0x1 0x0 oops 0 methods 0
ciMethodData com/android/tools/r8/internal/S putAll (Ljava/util/Map;)V 2 192973 orig 80 3 0 0 0 0 0 0 0 0 0 0 0 20 2 0 0 0 0 0 0 4 0 0 0 0 0 0 0 0 0 0 0 0 0 1 0 0 0 0 0 0 0 0 0 0 0 0 0 0 0 0 0 0 0 0 0 0 0 0 0 0 0 0 0 0 0 0 0 0 0 0 0 0 0 0 0 0 0 0 0 data 133 0x8000000400030005 0x0 0x0 0x214c37ba2f0 0x2a0b 0x214c4567510 0x4 0x90005 0x0 0x0 0x214c37ba2f0 0x2a0b 0x214c4567510 0x4 0xe0005 0x0 0x0 0x214c37ba0e0 0x2a0b 0x214c456c550 0x4 0x140004 0x0 0x0 0x214c37ba2f0 0x2a0b 0x214c4567510 0x4 0x170007 0x0 0x170 0x2a0f 0x1f0007 0x2a12 0x2d8 0xfd39 0x240005 0x0 0x0 0x214c2099e90 0xfd39 0x0 0x0 0x290004 0x0 0x0 0x214c37ba190 0xfd37 0x0 0x0 0x2d0005 0x0 0x0 0x214c37ba190 0xfd38 0x0 0x0 0x330005 0x0 0x0 0x214c37ba190 0xfd38 0x0 0x0 0x3a0005 0x0 0x0 0x214c37ba2f0 0xfd3a 0x0 0x0 0x3e0003 0xfd3a 0xfffffffffffffec8 0x460007 0x0 0x188 0x0 0x4b0005 0x0 0x0 0x0 0x0 0x0 0x0 0x500004 0x0 0x0 0x0 0x0 0x0 0x0 0x540005 0x0 0x0 0x0 0x0 0x0 0x0 0x590004 0x0 0x0 0x0 0x0 0x0 0x0 0x5d0005 0x0 0x0 0x0 0x0 0x0 0x0 0x640005 0x0 0x0 0x0 0x0 0x0 0x0 0x680003 0x0 0xfffffffffffffe90 0x0 0x0 0x0 0x0 0x0 0x0 0x9 0x2 0xffffffffffffffff 0xffffffffffffffff oops 13 3 com/android/tools/r8/internal/TF 5 com/android/tools/r8/internal/nG 10 com/android/tools/r8/internal/TF 12 com/android/tools/r8/internal/nG 17 com/android/tools/r8/internal/QF 19 com/android/tools/r8/internal/O10 24 com/android/tools/r8/internal/TF 26 com/android/tools/r8/internal/nG 39 com/android/tools/r8/internal/MF 46 com/android/tools/r8/internal/PF 53 com/android/tools/r8/internal/PF 60 com/android/tools/r8/internal/PF 67 com/android/tools/r8/internal/TF methods 0
ciMethodData com/android/tools/r8/internal/TF remove (I)Ljava/lang/Object; 2 66901 orig 80 0 0 0 0 0 0 0 0 0 0 0 0 20 2 0 0 0 0 0 0 0 0 0 0 0 0 0 0 0 0 0 0 0 0 0 0 0 0 0 0 0 0 0 0 0 0 0 0 0 0 0 0 0 0 0 0 0 0 0 0 0 0 0 0 0 0 0 0 0 0 0 0 0 0 0 0 0 0 0 0 data 75 0x10007 0xe487 0xf0 0x18ce 0x80007 0x596 0xd0 0x1338 0x200104 0x0 0x0 0x0 0x0 0x0 0x0 0x330007 0xe26 0x78 0x513 0x390007 0x138 0x58 0x3db 0x400005 0x3db 0x0 0x0 0x0 0x0 0x0 0x4e0002 0xe487 0x5c0007 0xc2bc 0x20 0x21cb 0x640007 0x12f3 0x58 0xafc8 0x690005 0xafc8 0x0 0x0 0x0 0x0 0x0 0x7c0007 0x1f2e 0x20 0x54c 0x840007 0x1187 0xffffffffffffffe0 0xda7 0x890005 0xda7 0x0 0x0 0x0 0x0 0x0 0x0 0x0 0x0 0x0 0x0 0x0 0x0 0x0 0x0 0x9 0x2 0xffffffffffffffff 0x0 oops 0 methods 0
ciMethodData com/android/tools/r8/internal/TF e (I)Ljava/lang/Object; 2 50215 orig 80 0 0 0 0 0 0 0 0 0 0 0 0 0 0 0 0 0 0 0 0 0 0 0 0 0 0 0 0 0 0 0 0 0 0 0 0 0 0 0 0 0 0 0 0 0 0 0 0 0 0 0 0 0 0 0 0 0 0 0 0 0 0 0 0 0 0 0 0 0 0 0 0 0 0 0 0 0 0 0 0 data 83 0xd0104 0x0 0x0 0x0 0x0 0x0 0x0 0x2b0007 0x9fa8 0xd0 0xbc0b 0x390104 0x0 0x0 0x0 0x0 0x0 0x0 0x430007 0xaca5 0x78 0xf66 0x4e0007 0x4bd 0x58 0xaa9 0x550005 0xaa9 0x0 0x0 0x0 0x0 0x0 0x5f0002 0x9fa8 0x6c0007 0x212 0x78 0x9d96 0x720007 0x11ea 0x98 0x8bac 0x790007 0x8b67 0xc8 0x45 0x7c0003 0x45 0x58 0x820007 0x57 0x90 0x1bb 0x890007 0x112 0x70 0xa9 0x9b0004 0x0 0x0 0x214c37ba240 0x12d8 0x0 0x0 0x9f0003 0x12d8 0xfffffffffffffe30 0xab0003 0x8cd0 0xfffffffffffffe18 0x0 0x0 0x0 0x0 0x0 0x0 0x0 0x0 0x9 0x2 0x0 0x0 oops 1 61 com/android/tools/r8/graph/j0 methods 0
ciMethodData com/android/tools/r8/internal/ui K ()Lcom/android/tools/r8/internal/ui; 1 2975 orig 80 0 0 0 0 0 0 0 0 0 0 0 0 20 2 0 0 0 0 0 0 0 0 0 0 0 0 0 0 0 0 0 0 0 0 0 0 0 0 0 0 0 0 0 0 0 0 0 0 0 0 0 0 0 0 0 0 0 0 0 0 0 0 0 0 0 0 0 0 0 0 0 0 0 0 0 0 0 0 0 0 data 5 0x0 0x0 0x9 0x1 0x0 oops 0 methods 0
ciMethodData com/android/tools/r8/internal/ui a (Lcom/android/tools/r8/internal/IF;)Z 2 66952 orig 80 0 0 0 0 0 0 0 0 0 0 0 0 20 2 0 0 0 0 0 0 0 0 0 0 0 0 0 0 0 0 0 0 0 0 0 0 0 0 0 0 0 0 0 0 0 0 0 0 0 0 0 0 0 0 0 0 0 0 0 0 0 0 0 0 0 0 0 0 0 0 0 0 0 0 0 0 0 0 0 0 data 233 0x60005 0xc35e 0x0 0x0 0x0 0x0 0x0 0x90004 0x0 0x0 0x214c37ba0e0 0x19 0x0 0x0 0x170002 0xc35f 0x1c0005 0x113a2 0x0 0x0 0x0 0x0 0x0 0x1f0007 0xc35f 0x248 0x5043 0x240005 0x5043 0x0 0x0 0x0 0x0 0x0 0x270004 0x0 0x0 0x214c37ba190 0x5043 0x0 0x0 0x2e0007 0x5043 0x110 0x0 0x330005 0x0 0x0 0x0 0x0 0x0 0x0 0x380005 0x0 0x0 0x0 0x0 0x0 0x0 0x3e0005 0x0 0x0 0x0 0x0 0x0 0x0 0x430007 0x0 0x38 0x0 0x460003 0x0 0x28 0x4d0002 0x0 0x530005 0x0 0x0 0x214c37ba190 0x5043 0x0 0x0 0x580005 0x0 0x0 0x214c37ba2f0 0x5043 0x0 0x0 0x5d0007 0x0 0xfffffffffffffdb8 0x5043 0x620003 0x5043 0xfffffffffffffd98 0x690005 0xc35f 0x0 0x0 0x0 0x0 0x0 0x6c0004 0x0 0x0 0x214c37ba0e0 0x19 0x0 0x0 0x790002 0xc35e 0x7d0005 0x16cfb 0x0 0x0 0x0 0x0 0x0 0x800007 0xc35f 0x340 0xa99d 0x840005 0xa9a1 0x0 0x0 0x0 0x0 0x0 0x870004 0x0 0x0 0x214c37ba190 0xa99e 0x0 0x0 0x8e0007 0xa99f 0xd8 0x0 0x930005 0x0 0x0 0x0 0x0 0x0 0x0 0x980005 0x0 0x0 0x0 0x0 0x0 0x0 0x9d0007 0x0 0x38 0x0 0xa00003 0x0 0x28 0xa70002 0x0 0xad0005 0x0 0x0 0x214c37ba190 0xa99d 0x0 0x0 0xb30005 0x0 0x0 0x214c37ba190 0xa9a1 0x0 0x0 0xb80004 0x0 0x0 0x214c37ba240 0xa9a1 0x0 0x0 0xbb0005 0x0 0x0 0x214c37ba2f0 0xa9a1 0x0 0x0 0xc00104 0x0 0x0 0x0 0x0 0x0 0x0 0xc60007 0xa99f 0xa8 0x0 0xcc0005 0x0 0x0 0x0 0x0 0x0 0x0 0xd10007 0x0 0x38 0x0 0xd40003 0x0 0x30 0xd90003 0x0 0x18 0xe20003 0xa99e 0xfffffffffffffca0 0x0 0x0 0x0 0x0 0x0 0x0 0x9 0x2 0x0 0x0 oops 10 10 com/android/tools/r8/internal/QF 37 com/android/tools/r8/internal/PF 78 com/android/tools/r8/internal/PF 85 com/android/tools/r8/internal/TF 106 com/android/tools/r8/internal/QF 133 com/android/tools/r8/internal/PF 167 com/android/tools/r8/internal/PF 174 com/android/tools/r8/internal/PF 181 com/android/tools/r8/graph/j0 188 com/android/tools/r8/internal/TF methods 0
ciMethod com/android/tools/r8/internal/Vm <init> (Lcom/android/tools/r8/internal/z8;II)V 104 0 3236 0 -1
ciMethod com/android/tools/r8/internal/UR <init> (Ljava/util/List;)V 14 0 611 0 -1
ciMethod com/android/tools/r8/graph/J0$b$a <init> (ILcom/android/tools/r8/graph/J2;)V 2 0 454 0 -1
ciMethodData com/android/tools/r8/internal/d3 t ()Lcom/android/tools/r8/internal/d3; 1 3498 orig 80 0 0 0 0 0 0 0 0 0 0 0 0 20 2 0 0 0 0 0 0 0 0 0 0 0 0 0 0 0 0 0 0 0 0 0 0 0 0 0 0 0 0 0 0 0 0 0 0 0 0 0 0 0 0 0 0 0 0 0 0 0 0 0 0 0 0 0 0 0 0 0 0 0 0 0 0 0 0 0 0 data 5 0x0 0x0 0x9 0x1 0x0 oops 0 methods 0
ciMethodData com/android/tools/r8/internal/Wm b ()Lcom/android/tools/r8/graph/J0; 2 1534793 orig 80 0 0 0 0 0 0 0 0 0 0 0 0 20 2 0 0 0 0 0 0 0 0 0 0 0 0 0 0 0 0 0 0 0 0 0 0 0 0 0 0 0 0 0 0 0 0 0 0 0 0 0 0 0 0 0 0 0 0 0 0 0 0 0 0 0 0 0 0 0 0 0 0 0 0 0 0 0 0 0 0 data 2555 0x40005 0x0 0x0 0x214c37b9690 0x3f0b 0x0 0x0 0x90007 0x0 0x38 0x3ff9 0xc0003 0x4088 0x620 0x130005 0x0 0x0 0x0 0x0 0x0 0x0 0x180005 0x0 0x0 0x0 0x0 0x0 0x0 0x1d0007 0x0 0x598 0x0 0x210005 0x0 0x0 0x0 0x0 0x0 0x0 0x260004 0x0 0x0 0x0 0x0 0x0 0x0 0x2f0005 0x0 0x0 0x0 0x0 0x0 0x0 0x340007 0x0 0xffffffffffffff00 0x0 0x380005 0x0 0x0 0x0 0x0 0x0 0x0 0x3b0005 0x0 0x0 0x0 0x0 0x0 0x0 0x400005 0x0 0x0 0x0 0x0 0x0 0x0 0x4c0005 0x0 0x0 0x0 0x0 0x0 0x0 0x500005 0x0 0x0 0x0 0x0 0x0 0x0 0x5c0002 0x0 0x670007 0x0 0xd8 0x0 0x6b0005 0x0 0x0 0x0 0x0 0x0 0x0 0x6e0005 0x0 0x0 0x0 0x0 0x0 0x0 0x720007 0x0 0x38 0x0 0x750003 0x0 0x28 0x7c0002 0x0 0x830005 0x0 0x0 0x0 0x0 0x0 0x0 0x860005 0x0 0x0 0x0 0x0 0x0 0x0 0x8b0007 0x0 0xa0 0x0 0x900005 0x0 0x0 0x0 0x0 0x0 0x0 0x960007 0x0 0x38 0x0 0x990003 0x0 0x28 0xa00002 0x0 0xb00005 0x0 0x0 0x0 0x0 0x0 0x0 0xb90005 0x0 0x0 0x0 0x0 0x0 0x0 0xbf0005 0x0 0x0 0x0 0x0 0x0 0x0 0xc30005 0x0 0x0 0x0 0x0 0x0 0x0 0xcb0005 0x0 0x0 0x0 0x0 0x0 0x0 0xce0005 0x0 0x0 0x0 0x0 0x0 0x0 0xd10005 0x0 0x0 0x0 0x0 0x0 0x0 0xd60003 0x0 0xfffffffffffffa48 0xe10002 0x3f0b 0xe50005 0x4050 0x0 0x0 0x0 0x0 0x0 0xec0005 0x0 0x0 0x214fa864850 0x3f6f 0x0 0x0 0xf30005 0x0 0x0 0x214fa864850 0x3f60 0x0 0x0 0xfa0005 0x0 0x0 0x214c37b9690 0x3f4c 0x0 0x0 0x10f0005 0x0 0x0 0x214c37b9740 0x4022 0x0 0x0 0x1120005 0x0 0x0 0x214c37b97f0 0x3fae 0x0 0x0 0x1190005 0x0 0x0 0x214c37b98a0 0x48621 0x0 0x0 0x11e0007 0x4082 0x130 0x445aa 0x1220005 0x0 0x0 0x214c37b98a0 0x444ff 0x0 0x0 0x1270004 0x0 0x0 0x214c37b9950 0x7ac1 0x214c37b9a00 0x44bf 0x1300007 0x3c752 0xffffffffffffff38 0x7d49 0x13c0007 0x7d49 0x68 0x0 0x1420007 0x0 0x38 0x0 0x1450003 0x0 0x28 0x14c0002 0x0 0x15e0003 0x7d46 0xfffffffffffffeb0 0x1840005 0x0 0x0 0x214c37b9740 0x3fa0 0x0 0x0 0x18b0007 0x3f59 0xa0 0x0 0x18f0005 0x0 0x0 0x0 0x0 0x0 0x0 0x1940007 0x0 0x38 0x0 0x1970003 0x0 0x28 0x19e0002 0x0 0x1a30005 0x0 0x0 0x214c37b9ab0 0x3f5c 0x0 0x0 0x1a80004 0x0 0x0 0x214c37b9b60 0x3 0x0 0x0 0x1ad0005 0x0 0x0 0x214c37b9ab0 0xe2a4 0x0 0x0 0x1b20007 0x3fc0 0xa8 0xa32c 0x1b60005 0x0 0x0 0x214c37b9ab0 0xa334 0x0 0x0 0x1bb0004 0x0 0x0 0x214c37b9b60 0xa329 0x0 0x0 0x1c00003 0xa333 0x18 0x1d00005 0x0 0x0 0x214c37b9c10 0xe20f 0x0 0x0 0x1d50005 0x0 0x0 0x214c37b9cc0 0x52961 0x0 0x0 0x1da0007 0xe3b4 0xe0 0x4469f 0x1de0005 0x0 0x0 0x214c37b9cc0 0x4458e 0x0 0x0 0x1e30004 0x0 0x0 0x214c37b9950 0x7a52 0x214c37b9a00 0x44c4 0x1e70005 0x38745 0x0 0x214c37b9950 0x79df 0x214c37b9a00 0x44c5 0x1ea0003 0x4466b 0xffffffffffffff00 0x1f30007 0xa330 0xfffffffffffffdd0 0x4079 0x1fc0005 0x0 0x0 0x214c37b9740 0x407a 0x0 0x0 0x1ff0005 0x0 0x0 0x214c37b97f0 0x4078 0x0 0x0 0x2060005 0x0 0x0 0x214c37b98a0 0x486e8 0x0 0x0 0x20b0007 0x4086 0x1b8 0x4468a 0x20f0005 0x0 0x0 0x214c37b98a0 0x4465e 0x0 0x0 0x2140004 0x0 0x0 0x214c37b9950 0x7afe 0x214c37b9a00 0x44c3 0x2190005 0x446ec 0x0 0x0 0x0 0x0 0x0 0x21f0005 0x446a7 0x0 0x0 0x0 0x0 0x0 0x2260007 0x44613 0x68 0x0 0x22a0007 0x0 0x38 0x0 0x22d0003 0x0 0x28 0x2340002 0x0 0x2400005 0x100a4 0x0 0x214c37b9d70 0x11f4e 0x214c37b9e20 0x2266a 0x2490003 0x446b5 0xfffffffffffffe28 0x2500005 0x0 0x0 0x214c37b9690 0x407c 0x0 0x0 0x2550007 0x0 0xfffffffffffff090 0x4018 0x26a0002 0x4027 0x2740002 0x3ffb 0x27d0005 0x0 0x0 0x214c37b9740 0x3f8d 0x0 0x0 0x2800005 0x0 0x0 0x214c37b97f0 0x3f91 0x0 0x0 0x2890005 0x0 0x0 0x214c37b98a0 0x48730 0x0 0x0 0x28e0007 0x408c 0x1af0 0x446e6 0x2930005 0x0 0x0 0x214c37b98a0 0x44627 0x0 0x0 0x2980004 0x0 0x0 0x214c37b9950 0x7a9b 0x214c37b9a00 0x44c3 0x2a00005 0x446e5 0x0 0x0 0x0 0x0 0x0 0x2a50005 0x0 0x0 0x214fa864850 0x44659 0x0 0x0 0x2ad0005 0x100d5 0x0 0x214c37b9d70 0x11ef1 0x214c37b9e20 0x226c0 0x2bb0005 0x0 0x0 0x214fa864850 0x7eb5f 0x0 0x0 0x2be0007 0x4467e 0x118 0x3a45a 0x2ca0005 0x0 0x0 0x214fa864850 0x3a40e 0x0 0x0 0x2cd0004 0x0 0x0 0x214c37b9ed0 0x1255 0x214c37b9f80 0x433f 0x2d30005 0x34e6c 0x0 0x214c37b9ed0 0x1255 0x214c37b9f80 0x433f 0x2d60005 0x34e8a 0x0 0x214c37b9ed0 0x1256 0x214c37b9f80 0x433f 0x2de0003 0x3a49b 0xfffffffffffffec8 0x2e30005 0x38759 0x0 0x214c37b9950 0x7a43 0x214c37b9a00 0x44c5 0x2ea0005 0x0 0x0 0x214c37b9c10 0x44692 0x0 0x0 0x2ed0004 0x0 0x0 0x214c37b9950 0x1c27b 0x214c37ba030 0x739b 0x2f20007 0x36380 0x38 0xe2e7 0x2f80003 0xe2ff 0x18 0x3000005 0x3875a 0x0 0x214c37b9950 0x7a3c 0x214c37b9a00 0x44c6 0x3030005 0x0 0x0 0x214c37b9b60 0x44650 0x0 0x0 0x3080007 0x362f6 0x38 0xe3c3 0x30e0003 0xe3c1 0x18 0x3160007 0x36373 0x8f0 0xe2d6 0x31f0007 0xe2ed 0x68 0x0 0x3260007 0x0 0x38 0x0 0x3290003 0x0 0x28 0x3300002 0x0 0x3360007 0xe2d4 0x68 0x0 0x33d0007 0x0 0x38 0x0 0x3400003 0x0 0x28 0x3470002 0x0 0x34d0005 0x8838 0x0 0x214c37b9950 0x3c3f 0x214c37ba030 0x1e5e 0x3560007 0xd1ac 0x38 0x115b 0x3610003 0x115b 0x60 0x3730002 0xd241 0x3760005 0xd24f 0x0 0x0 0x0 0x0 0x0 0x38b0007 0xa33c 0x6f0 0x3fe3 0x3900007 0x3fde 0x68 0x0 0x3970007 0x0 0x38 0x0 0x39a0003 0x0 0x28 0x3a10002 0x0 0x3a70007 0x3fca 0x68 0x0 0x3ac0007 0x0 0x38 0x0 0x3af0003 0x0 0x28 0x3b60002 0x0 0x3bc0007 0x3fb5 0x68 0x0 0x3c30007 0x0 0x38 0x0 0x3c60003 0x0 0x28 0x3cd0002 0x0 0x3d30007 0x3fa3 0x68 0x0 0x3db0007 0x0 0x38 0x0 0x3de0003 0x0 0x28 0x3e50002 0x0 0x3eb0007 0x397b 0x38 0x62b 0x3ff0003 0x62b 0x510 0x40c0002 0x39c0 0x4150005 0x3a00 0x0 0x0 0x0 0x0 0x0 0x4180004 0x0 0x0 0x214c37ba0e0 0x3 0x0 0x0 0x4280002 0x396b 0x42d0005 0xa857 0x0 0x0 0x0 0x0 0x0 0x4300007 0x3a56 0x420 0x6d31 0x4350005 0x6d33 0x0 0x0 0x0 0x0 0x0 0x4380004 0x0 0x0 0x214c37ba190 0x6d36 0x0 0x0 0x43e0005 0x0 0x0 0x214c37ba190 0x6dda 0x0 0x0 0x4430004 0x0 0x0 0x214c37ba240 0x6e2a 0x0 0x0 0x4490007 0x40a 0x118 0x6a38 0x4520005 0x0 0x0 0x214c37ba190 0x69b9 0x0 0x0 0x4590005 0x0 0x0 0x214c37ba190 0x6946 0x0 0x0 0x45e0004 0x0 0x0 0x214c37ba240 0x6966 0x0 0x0 0x4610005 0x0 0x0 0x214c37ba2f0 0x69d2 0x0 0x0 0x4670003 0x69ee 0xfffffffffffffdc8 0x4740007 0x40a 0xfffffffffffffdb0 0x0 0x4810005 0x0 0x0 0x0 0x0 0x0 0x0 0x4880005 0x0 0x0 0x0 0x0 0x0 0x0 0x48d0004 0x0 0x0 0x0 0x0 0x0 0x0 0x4a70002 0x0 0x4aa0005 0x0 0x0 0x0 0x0 0x0 0x0 0x4b40005 0x0 0x0 0x0 0x0 0x0 0x0 0x4bb0005 0x0 0x0 0x0 0x0 0x0 0x0 0x4c00004 0x0 0x0 0x0 0x0 0x0 0x0 0x4c30005 0x0 0x0 0x0 0x0 0x0 0x0 0x4c90003 0x0 0xfffffffffffffbc0 0x4d60002 0x39cc 0x4e30007 0xa33c 0x58 0x405b 0x4e80005 0x408d 0x0 0x0 0x0 0x0 0x0 0x4f60007 0x44693 0x68 0x0 0x4fd0007 0x0 0x38 0x0 0x5000003 0x0 0x28 0x5070002 0x0 0x50e0005 0x44677 0x0 0x0 0x0 0x0 0x0 0x5150007 0x11f07 0x38 0x32778 0x51b0003 0x3277f 0x18 0x5230007 0x4466a 0x58 0x0 0x52f0005 0x0 0x0 0x0 0x0 0x0 0x0 0x5340005 0x3876b 0x0 0x214c37b9950 0x7a4e 0x214c37b9a00 0x44c6 0x5370007 0x3cc1a 0x210 0x7acf 0x53c0005 0x0 0x0 0x214c37b9950 0x7aba 0x0 0x0 0x5440007 0x3df6 0xd8 0x3c41 0x5510005 0x0 0x0 0x214c37ba3a0 0x3cd3 0x0 0x0 0x5540004 0x0 0x0 0x214c37ba450 0x3d12 0x0 0x0 0x5570005 0x0 0x0 0x214c37ba450 0x3d0e 0x0 0x0 0x55a0002 0x3d20 0x5640005 0x0 0x0 0x214c37b9950 0x7af1 0x0 0x0 0x56a0007 0x2856 0xae8 0x529d 0x5720005 0x0 0x0 0x214c37b9950 0x52ab 0x0 0x0 0x5750005 0x0 0x0 0x214fa864850 0x52a9 0x0 0x0 0x5790003 0x5294 0xa58 0x57e0004 0xfffffffffffc915c 0x0 0x214c37b9a00 0x9 0x214c37ba500 0x3 0x5810007 0x36e89 0xa8 0x5d37 0x5860005 0x0 0x0 0x214c37ba5b0 0x5d37 0x0 0x0 0x5920005 0x5d38 0x0 0x0 0x0 0x0 0x0 0x5960003 0x5d38 0x978 0x59b0007 0x4770 0x960 0x3265f 0x5a00005 0x0 0x0 0x214c37ba660 0x2ecd5 0x214c37ba710 0x3ab4 0x5a30007 0x0 0x640 0x326aa 0x5ac0002 0x32730 0x5af0007 0x1d3cb 0x610 0x152ce 0x5b90007 0x152c2 0x98 0x0 0x5be0005 0x0 0x0 0x0 0x0 0x0 0x0 0x5c10007 0x0 0x40 0x0 0x5c80007 0x0 0x578 0x0 0x5cd0007 0x15295 0x78 0x0 0x5d60002 0x0 0x5d90007 0x0 0x38 0x0 0x5dc0003 0x0 0x28 0x5e30002 0x0 0x5ec0007 0xdba6 0x358 0x76e4 0x5f10007 0x7714 0xa0 0x0 0x5f80005 0x0 0x0 0x0 0x0 0x0 0x0 0x5fb0007 0x0 0x38 0x0 0x5fe0003 0x0 0x28 0x6050002 0x0 0x60b0004 0xffffffffffffc349 0x0 0x214c37ba660 0x3 0x214c37ba710 0x3a4d 0x60e0007 0x3c91 0x90 0x3a4d 0x6130005 0x3a4f 0x0 0x0 0x0 0x0 0x0 0x6160007 0x0 0x38 0x3a4d 0x6190003 0x3a56 0x370 0x61f0005 0x0 0x0 0x214c37ba660 0x3c8d 0x0 0x0 0x6270005 0x3ce7 0x0 0x0 0x0 0x0 0x0 0x62c0002 0x3cb1 0x6310005 0x0 0x0 0x214c37ba660 0x3c9c 0x0 0x0 0x6340005 0x0 0x0 0x214c37ba7c0 0x3c95 0x0 0x0 0x6370004 0x0 0x0 0x214c37ba7c0 0x3 0x0 0x0 0x63f0005 0x0 0x0 0x214c37ba7c0 0x3c96 0x0 0x0 0x6420004 0x0 0x0 0x214c37ba7c0 0x3 0x0 0x0 0x64e0005 0x0 0x0 0x214c37ba7c0 0x3cfa 0x0 0x0 0x6580007 0x11885 0x68 0x0 0x6600007 0x0 0x38 0x0 0x6630003 0x0 0x28 0x66a0002 0x0 0x6760007 0xdbca 0x20 0x3cb7 0x6930002 0x118ea 0x6a50007 0xc130 0x38 0x57f4 0x6ab0003 0x57f4 0x28 0x6b60002 0xc12d 0x6c50007 0xc3b4 0xa8 0x559b 0x6de0002 0x55a1 0x6e10007 0x55a2 0x78 0x0 0x6ec0002 0x0 0x6ef0007 0x0 0x38 0x0 0x6f20003 0x0 0x28 0x6f90002 0x0 0x7070007 0x1192e 0x2c8 0x20e0c 0x70e0007 0x605f 0x38 0x1ada8 0x7140003 0x1adb9 0x28 0x71f0002 0x6060 0x72e0007 0x1f402 0x260 0x19f0 0x7330007 0x19f0 0x68 0x0 0x73b0007 0x0 0x38 0x0 0x73e0003 0x0 0x28 0x7450002 0x0 0x7510007 0x19ca 0x38 0x25 0x7570003 0x25 0x18 0x7620007 0x19ef 0x88 0x0 0x7670007 0x0 0x68 0x0 0x76d0007 0x0 0x38 0x0 0x7700003 0x0 0x28 0x7770002 0x0 0x77d0007 0x9 0x90 0x19e6 0x78a0005 0x19e6 0x0 0x0 0x0 0x0 0x0 0x78d0005 0x0 0x0 0x214fa864850 0x19e7 0x0 0x0 0x7ac0002 0x19f0 0x7b40007 0x19f0 0x78 0x0 0x7bf0002 0x0 0x7c20007 0x0 0x38 0x0 0x7c50003 0x0 0x28 0x7cc0002 0x0 0x7d20007 0x3628c 0x20 0xe3b6 0x7e20003 0x44647 0xffffffffffffe4f0 0x7ea0005 0x4091 0x0 0x0 0x0 0x0 0x0 0x7f10005 0x406c 0x0 0x0 0x0 0x0 0x0 0x7f40007 0x4069 0x470 0x0 0x7fa0005 0x0 0x0 0x0 0x0 0x0 0x0 0x7ff0005 0x0 0x0 0x0 0x0 0x0 0x0 0x8020004 0x0 0x0 0x0 0x0 0x0 0x0 0x8050007 0x0 0x3a8 0x0 0x80c0007 0x0 0x388 0x0 0x8150005 0x0 0x0 0x0 0x0 0x0 0x0 0x81a0005 0x0 0x0 0x0 0x0 0x0 0x0 0x81d0004 0x0 0x0 0x0 0x0 0x0 0x0 0x8220005 0x0 0x0 0x0 0x0 0x0 0x0 0x82d0005 0x0 0x0 0x0 0x0 0x0 0x0 0x8320002 0x0 0x8430005 0x0 0x0 0x0 0x0 0x0 0x0 0x8470002 0x0 0x84a0005 0x0 0x0 0x0 0x0 0x0 0x0 0x8520005 0x0 0x0 0x0 0x0 0x0 0x0 0x8550005 0x0 0x0 0x0 0x0 0x0 0x0 0x85c0005 0x0 0x0 0x0 0x0 0x0 0x0 0x8620005 0x0 0x0 0x0 0x0 0x0 0x0 0x8670005 0x0 0x0 0x0 0x0 0x0 0x0 0x86d0005 0x0 0x0 0x0 0x0 0x0 0x0 0x8720005 0x0 0x0 0x0 0x0 0x0 0x0 0x8780005 0x0 0x0 0x0 0x0 0x0 0x0 0x8800005 0x0 0x0 0x214fa864850 0x404c 0x0 0x0 0x8850005 0x0 0x0 0x214c37ba870 0x4154 0x0 0x0 0x88a0007 0x4076 0x870 0x126 0x88f0005 0x0 0x0 0x214c37ba870 0x126 0x0 0x0 0x8940004 0x0 0x0 0x214c37ba920 0x126 0x0 0x0 0x89b0007 0x99 0xa0 0x8d 0x8a70002 0x8d 0x8b00005 0x0 0x0 0x214c37ba9d0 0x8d 0x0 0x0 0x8b50005 0x0 0x0 0x214fa864850 0x8d 0x0 0x0 0x8cd0005 0x126 0x0 0x0 0x0 0x0 0x0 0x8d00005 0x126 0x0 0x0 0x0 0x0 0x0 0x8ed0007 0x126 0x1c0 0x503 0x8f80005 0x503 0x0 0x0 0x0 0x0 0x0 0x8ff0005 0x0 0x0 0x214c37b9c10 0x503 0x0 0x0 0x9020004 0x0 0x0 0x214c37ba500 0x7c 0x214c37ba030 0xa0 0x9070005 0x503 0x0 0x0 0x0 0x0 0x0 0x90a0005 0x503 0x0 0x0 0x0 0x0 0x0 0x9100005 0x503 0x0 0x0 0x0 0x0 0x0 0x9130005 0x503 0x0 0x0 0x0 0x0 0x0 0x91b0003 0x503 0xfffffffffffffe58 0x9200005 0x126 0x0 0x0 0x0 0x0 0x0 0x9270005 0x0 0x0 0x214c37b9c10 0x126 0x0 0x0 0x92a0004 0x0 0x0 0x214c37ba5b0 0x1a 0x214c37baa80 0x6f 0x92f0005 0x126 0x0 0x0 0x0 0x0 0x0 0x9320005 0x126 0x0 0x0 0x0 0x0 0x0 0x9380005 0x126 0x0 0x0 0x0 0x0 0x0 0x93b0005 0x126 0x0 0x0 0x0 0x0 0x0 0x94c0007 0x126 0x68 0x0 0x9570007 0x0 0x38 0x0 0x95a0003 0x0 0x28 0x9610002 0x0 0x9690005 0x126 0x0 0x0 0x0 0x0 0x0 0x96c0007 0x24 0x178 0x102 0x9760002 0x102 0x97d0007 0x21 0x48 0xe1 0x98f0002 0xe1 0x9920003 0xe1 0x1c8 0x9a50007 0x21 0x70 0xda 0x9bb0007 0x3a 0x38 0xa0 0x9cc0003 0xa0 0x18 0x9d90003 0xda 0xffffffffffffffa8 0x9df0007 0x21 0x68 0x0 0x9ea0007 0x0 0x38 0x0 0x9ed0003 0x0 0x28 0x9f40002 0x0 0xa070002 0x21 0xa0a0003 0x21 0xc8 0xa0f0007 0x24 0xa0 0x0 0xa140005 0x0 0x0 0x0 0x0 0x0 0x0 0xa1d0007 0x0 0x38 0x0 0xa200003 0x0 0x28 0xa270002 0x0 0xa380002 0x24 0xa420005 0x0 0x0 0x214c37bab30 0x102 0x214c37babe0 0x24 0xa450005 0x0 0x0 0x214c37bab30 0x102 0x214c37babe0 0x24 0xa4b0005 0x0 0x0 0x214fa864850 0x126 0x0 0x0 0xa4f0003 0x126 0xfffffffffffff770 0xa560005 0x0 0x0 0x214fa864850 0x401b 0x0 0x0 0xa5b0005 0x0 0x0 0x214c37ba870 0x4055 0x0 0x0 0xa600007 0x4033 0x238 0x45 0xa650005 0x0 0x0 0x214c37ba870 0x45 0x0 0x0 0xa6a0004 0x0 0x0 0x214c37bac90 0x45 0x0 0x0 0xa710007 0x3c 0xa0 0x9 0xa7d0002 0x9 0xa860005 0x0 0x0 0x214c37ba9d0 0x9 0x0 0x0 0xa8b0005 0x0 0x0 0x214fa864850 0x9 0x0 0x0 0xa9d0005 0x45 0x0 0x0 0x0 0x0 0x0 0xac30002 0x45 0xac60005 0x0 0x0 0x214c37bad40 0x45 0x0 0x0 0xad70005 0x0 0x0 0x214c37badf0 0x45 0x0 0x0 0xae40005 0x0 0x0 0x214fa864850 0x45 0x0 0x0 0xae80003 0x45 0xfffffffffffffda8 0xaeb0002 0x4003 0xaf10005 0x4078 0x0 0x0 0x0 0x0 0x0 0xaf60002 0x3f73 0xaf90004 0x0 0x0 0x214fa864850 0x4017 0x0 0x0 0xafe0005 0x0 0x0 0x214fa864850 0x3f46 0x0 0x0 0xb100007 0x3f41 0x198 0x291 0xb1a0005 0x0 0x0 0x214fa864850 0x291 0x0 0x0 0xb1d0004 0x0 0x0 0x214c37baea0 0x291 0x0 0x0 0xb3c0002 0x291 0xb420005 0x291 0x0 0x0 0x0 0x0 0x0 0xb450004 0x0 0x0 0x214fa865220 0x291 0x0 0x0 0xb480005 0x291 0x0 0x0 0x0 0x0 0x0 0xb4e0004 0x0 0x0 0x214c37baf50 0x291 0x0 0x0 0xb520003 0x291 0xfffffffffffffe80 0xb560005 0x3f3f 0x0 0x0 0x0 0x0 0x0 0xb590004 0x0 0x0 0x214c37bb000 0x3f36 0x0 0x0 0xb740007 0x4002 0x4d0 0x240 0xb7a0002 0x240 0xb7d0005 0x240 0x0 0x0 0x0 0x0 0x0 0xb800004 0x0 0x0 0x214c37bb0b0 0x240 0x0 0x0 0xb8e0002 0x240 0xb9b0005 0x0 0x0 0x214c1ad54b0 0xc6 0x214c1ad5560 0x40c 0xba00007 0x240 0x318 0x292 0xbaa0005 0x0 0x0 0x214c1ad54b0 0x8c 0x214c1ad5560 0x206 0xbaf0004 0x0 0x0 0x214c1ad5610 0x292 0x0 0x0 0xbbc0005 0x0 0x0 0x214c1ad54b0 0x8c 0x214c1ad5560 0x206 0xbc10004 0x0 0x0 0x214c37b9b60 0x292 0x0 0x0 0xbc80005 0x0 0x0 0x214c37b9c10 0x292 0x0 0x0 0xbcb0004 0x0 0x0 0x214c1ad56c0 0x292 0x0 0x0 0xbd00005 0x292 0x0 0x0 0x0 0x0 0x0 0xbd30005 0x292 0x0 0x0 0x0 0x0 0x0 0xbe20007 0x1ae 0xd8 0xe4 0xbe80007 0xe4 0xa0 0x0 0xbf20005 0x0 0x0 0x0 0x0 0x0 0x0 0xbf90007 0x0 0x38 0x0 0xbfc0003 0x0 0x28 0xc030002 0x0 0xc0b0003 0xe4 0x60 0xc1a0002 0x1ae 0xc1f0005 0x0 0x0 0x214fa864850 0x1ae 0x0 0x0 0xc260003 0x292 0xfffffffffffffcc8 0xc320005 0x0 0x0 0x214fa864850 0x240 0x0 0x0 0xc350004 0x0 0x0 0x214c1ad5770 0x240 0x0 0x0 0xc440002 0x240 0xc490004 0x0 0x0 0x214c1ad5890 0x240 0x0 0x0 0xc4d0003 0x240 0xfffffffffffffb48 0xc5a0005 0x0 0x0 0x214c1ad5940 0x3f3f 0x0 0x0 0xc700005 0x0 0x0 0x214fa864850 0x3f38 0x0 0x0 0xc730004 0x0 0x0 0x214c1ad59f0 0x3f16 0x0 0x0 0xc7e0007 0x3f1f 0x68 0x0 0xc850007 0x0 0x38 0x0 0xc880003 0x0 0x28 0xc8f0002 0x0 0xc950007 0x3edf 0x68 0x0 0xc9c0007 0x0 0x38 0x0 0xc9f0003 0x0 0x28 0xca60002 0x0 0xcac0007 0x3ed4 0x68 0x0 0xcb30007 0x0 0x38 0x0 0xcb60003 0x0 0x28 0xcbd0002 0x0 0xcc60007 0x3c19 0x240 0x2c7 0xccd0005 0x2c8 0x0 0x0 0x0 0x0 0x0 0xcd00007 0x0 0x38 0x2c8 0xcd50003 0x2ca 0x620 0xce20005 0x0 0x0 0x0 0x0 0x0 0x0 0xce90005 0x0 0x0 0x0 0x0 0x0 0x0 0xcec0004 0x0 0x0 0x0 0x0 0x0 0x0 0xcef0005 0x0 0x0 0x0 0x0 0x0 0x0 0xcfd0005 0x0 0x0 0x0 0x0 0x0 0x0 0xd130004 0x0 0x0 0x0 0x0 0x0 0x0 0xd160004 0x0 0x0 0x0 0x0 0x0 0x0 0xd170002 0x0 0xd1d0003 0x0 0x470 0xd240005 0x0 0x0 0x214c37ba3a0 0x3c77 0x0 0x0 0xd270004 0x0 0x0 0x214c37ba450 0x3d34 0x0 0x0 0xd2a0005 0x0 0x0 0x214c37ba450 0x3c32 0x0 0x0 0xd3c0007 0x2b7 0x248 0x3a2b 0xd410007 0x39b5 0xa0 0x0 0xd480005 0x0 0x0 0x0 0x0 0x0 0x0 0xd4b0007 0x0 0x38 0x0 0xd4e0003 0x0 0x28 0xd550002 0x0 0xd620005 0x0 0x0 0x214fa864850 0x890a 0x0 0x0 0xd650007 0x3ae3 0x150 0x4ee5 0xd6e0005 0x0 0x0 0x214fa864850 0x4ede 0x0 0x0 0xd710104 0x0 0x0 0x214c37ba240 0x45aa 0x0 0x0 0xd770007 0x995 0x70 0x459c 0xd7f0007 0x43dd 0x38 0x1d2 0xd820003 0x1d2 0x30 0xd8c0003 0x43d1 0x18 0xd980104 0x0 0x0 0x214c1ad5b10 0x43e4 0x0 0x0 0xd9c0003 0x4f69 0xfffffffffffffe90 0xda20007 0x3d84 0xe8 0x0 0xdac0005 0x0 0x0 0x0 0x0 0x0 0x0 0xdaf0004 0x0 0x0 0x0 0x0 0x0 0x0 0xdb20002 0x0 0xdb50007 0x0 0x38 0x0 0xdb80003 0x0 0x28 0xdbf0002 0x0 0xdd60005 0x0 0x0 0x214fa864850 0x3d69 0x0 0x0 0xdd90004 0x0 0x0 0x214c1ad5bc0 0x3d64 0x0 0x0 0xddc0002 0x3cce 0xdeb0005 0x0 0x0 0x214c1ad5ce0 0x4006 0x0 0x0 0xdee0007 0x0 0x38 0x3f82 0xdf50003 0x4003 0x28 0xe020002 0x0 0xe170002 0x3f77 0x0 0x0 0x0 0x0 0x0 0x0 0x0 0x0 0x0 0x0 0x0 0x0 0x0 0x0 0x0 0x0 0x0 0x0 0x0 0x0 0x0 0x0 0x0 0x0 0x0 0x0 0x0 0x0 0x0 0x0 0x0 0x0 0x0 0x0 0x0 0x0 0x0 0x0 0x0 0x0 0x0 0x0 0x0 0x0 0x0 0x0 0x0 0x0 0x0 0x0 0x0 0x0 0x0 0x0 0x0 0x0 0x0 0x0 0x0 0x0 0x0 0x0 0x0 0x0 0x0 0x0 0x0 0x0 0x0 0x0 0x0 0x0 0x0 0x0 0x0 0x0 0x0 0x0 0x0 0x0 0x0 0x0 0x0 0x0 0x0 0x0 0x0 0x0 0x0 0x0 0x0 0x0 0x0 0x0 0x0 0x0 0x0 0x0 0x0 0x0 0x0 0x0 0x0 0x0 0x0 0x0 0x0 0x0 0x0 0x9 0x1 0x0 oops 152 3 java/util/Collections$SetFromMap 219 java/util/ArrayList 226 java/util/ArrayList 233 java/util/Collections$SetFromMap 240 com/android/tools/r8/internal/aA 247 com/android/tools/r8/internal/aA$$Lambda$386+0x000002148120f8b8 254 com/android/tools/r8/internal/bA 265 com/android/tools/r8/internal/bA 272 com/android/tools/r8/internal/d3 274 com/android/tools/r8/internal/VC 299 com/android/tools/r8/internal/aA 326 com/android/tools/r8/internal/O5 333 com/android/tools/r8/internal/K5 340 com/android/tools/r8/internal/O5 351 com/android/tools/r8/internal/O5 358 com/android/tools/r8/internal/K5 368 java/util/LinkedList 375 java/util/LinkedList$ListItr 386 java/util/LinkedList$ListItr 393 com/android/tools/r8/internal/d3 395 com/android/tools/r8/internal/VC 400 com/android/tools/r8/internal/d3 402 com/android/tools/r8/internal/VC 414 com/android/tools/r8/internal/aA 421 com/android/tools/r8/internal/aA$$Lambda$386+0x000002148120f8b8 428 com/android/tools/r8/internal/bA 439 com/android/tools/r8/internal/bA 446 com/android/tools/r8/internal/d3 448 com/android/tools/r8/internal/VC 480 com/android/tools/r8/internal/Mm 482 com/android/tools/r8/internal/Om 490 java/util/Collections$SetFromMap 505 com/android/tools/r8/internal/aA 512 com/android/tools/r8/internal/aA$$Lambda$386+0x000002148120f8b8 519 com/android/tools/r8/internal/bA 530 com/android/tools/r8/internal/bA 537 com/android/tools/r8/internal/d3 539 com/android/tools/r8/internal/VC 551 java/util/ArrayList 558 com/android/tools/r8/internal/Mm 560 com/android/tools/r8/internal/Om 565 java/util/ArrayList 576 java/util/ArrayList 583 com/android/tools/r8/internal/Po 585 com/android/tools/r8/internal/rp 590 com/android/tools/r8/internal/Po 592 com/android/tools/r8/internal/rp 597 com/android/tools/r8/internal/Po 599 com/android/tools/r8/internal/rp 607 com/android/tools/r8/internal/d3 609 com/android/tools/r8/internal/VC 614 java/util/LinkedList 621 com/android/tools/r8/internal/d3 623 com/android/tools/r8/internal/Sg 635 com/android/tools/r8/internal/d3 637 com/android/tools/r8/internal/VC 642 com/android/tools/r8/internal/K5 686 com/android/tools/r8/internal/d3 688 com/android/tools/r8/internal/Sg 781 com/android/tools/r8/internal/QF 808 com/android/tools/r8/internal/PF 815 com/android/tools/r8/internal/PF 822 com/android/tools/r8/graph/j0 833 com/android/tools/r8/internal/PF 840 com/android/tools/r8/internal/PF 847 com/android/tools/r8/graph/j0 854 com/android/tools/r8/internal/TF 980 com/android/tools/r8/internal/d3 982 com/android/tools/r8/internal/VC 991 com/android/tools/r8/internal/d3 1002 com/android/tools/r8/graph/j1 1009 com/android/tools/r8/graph/x2 1016 com/android/tools/r8/graph/x2 1025 com/android/tools/r8/internal/d3 1036 com/android/tools/r8/internal/d3 1043 java/util/ArrayList 1053 com/android/tools/r8/internal/VC 1055 com/android/tools/r8/internal/FI 1064 com/android/tools/r8/internal/ui 1085 com/android/tools/r8/internal/B40$b 1087 com/android/tools/r8/internal/B40$c 1160 com/android/tools/r8/internal/B40$b 1162 com/android/tools/r8/internal/B40$c 1185 com/android/tools/r8/internal/B40$b 1201 com/android/tools/r8/internal/B40$b 1208 com/android/tools/r8/internal/B40$b$a 1215 com/android/tools/r8/internal/B40$b$a 1222 com/android/tools/r8/internal/B40$b$a 1229 com/android/tools/r8/internal/B40$b$a 1236 com/android/tools/r8/internal/B40$b$a 1357 java/util/ArrayList 1544 java/util/ArrayList 1551 java/util/ArrayList$Itr 1562 java/util/ArrayList$Itr 1569 com/android/tools/r8/internal/Um 1582 com/android/tools/r8/internal/uq 1589 java/util/ArrayList 1621 java/util/LinkedList 1628 com/android/tools/r8/internal/FI 1630 com/android/tools/r8/internal/Sg 1673 java/util/LinkedList 1680 com/android/tools/r8/internal/ui 1682 com/android/tools/r8/internal/HX 1804 com/android/tools/r8/internal/Eq 1806 com/android/tools/r8/internal/wr 1811 com/android/tools/r8/internal/Eq 1813 com/android/tools/r8/internal/wr 1818 java/util/ArrayList 1828 java/util/ArrayList 1835 java/util/ArrayList$Itr 1846 java/util/ArrayList$Itr 1853 com/android/tools/r8/internal/Nm 1866 com/android/tools/r8/internal/uq 1873 java/util/ArrayList 1889 com/android/tools/r8/internal/Vn 1896 com/android/tools/r8/internal/Un 1903 java/util/ArrayList 1924 java/util/ArrayList 1931 java/util/ArrayList 1942 java/util/ArrayList 1949 com/android/tools/r8/internal/Vm 1965 java/lang/Integer 1979 com/android/tools/r8/graph/J0$a 1996 com/android/tools/r8/internal/Wy 2016 com/android/tools/r8/internal/z8 2025 com/android/tools/r8/internal/uc0 2027 com/android/tools/r8/internal/rk0 2036 com/android/tools/r8/internal/uc0 2038 com/android/tools/r8/internal/rk0 2043 com/android/tools/r8/graph/J2 2050 com/android/tools/r8/internal/uc0 2052 com/android/tools/r8/internal/rk0 2057 com/android/tools/r8/internal/K5 2064 java/util/LinkedList 2071 com/android/tools/r8/internal/qW 2121 java/util/ArrayList 2131 java/util/ArrayList 2138 [Lcom/android/tools/r8/graph/J0$b$a; 2147 com/android/tools/r8/graph/J0$b 2157 com/android/tools/r8/internal/CQ 2164 java/util/ArrayList 2171 [Lcom/android/tools/r8/internal/Yo; 2289 com/android/tools/r8/graph/j1 2296 com/android/tools/r8/graph/x2 2303 com/android/tools/r8/graph/x2 2334 java/util/ArrayList 2345 java/util/ArrayList 2352 com/android/tools/r8/graph/j0 2373 com/android/tools/r8/graph/I2 2412 java/util/ArrayList 2419 [Lcom/android/tools/r8/graph/O0; 2428 java/util/IdentityHashMap methods 0
ciMethodData com/android/tools/r8/internal/TF <init> (Lcom/android/tools/r8/internal/IF;)V 2 14923 orig 80 0 0 0 0 0 0 0 0 0 0 0 0 0 0 0 0 0 0 0 0 0 0 0 0 0 0 0 0 0 0 0 0 0 0 0 0 0 0 0 0 0 0 0 0 0 0 0 0 0 0 0 0 0 0 0 0 0 0 0 0 0 0 0 0 0 0 0 0 0 0 0 0 0 0 0 0 0 0 0 0 data 26 0x40005 0x0 0x0 0x214c37ba2f0 0x39d9 0x0 0x0 0x90002 0x3a84 0xc0005 0x3a89 0x0 0x0 0x0 0x0 0x0 0x0 0x0 0x0 0x0 0x0 0x0 0x9 0x2 0x0 0x0 oops 1 3 com/android/tools/r8/internal/TF methods 0
ciMethod com/android/tools/r8/internal/En a ([Lcom/android/tools/r8/graph/O0;)Z 0 0 1 0 -1
ciMethodData com/android/tools/r8/internal/y10 iterator ()Ljava/util/Iterator; 1 2673 orig 80 0 0 0 0 0 0 0 0 0 0 0 0 20 2 0 0 0 0 0 0 0 0 0 0 0 0 0 0 0 0 0 0 0 0 0 0 0 0 0 0 0 0 0 0 0 0 0 0 0 0 0 0 0 0 0 0 0 0 0 0 0 0 0 0 0 0 0 0 0 0 0 0 0 0 0 0 0 0 0 0 data 5 0x0 0x0 0x9 0x1 0x0 oops 0 methods 0
compile com/android/tools/r8/internal/Wm b ()Lcom/android/tools/r8/graph/J0; 647 4 inline 171 0 -1 com/android/tools/r8/internal/Wm b ()Lcom/android/tools/r8/graph/J0; 1 649 com/android/tools/r8/internal/bA hasNext ()Z 2 4 com/android/tools/r8/internal/N5 hasNext ()Z 3 4 java/util/LinkedList$ListItr hasNext ()Z 2 16 com/android/tools/r8/internal/O5 hasNext ()Z 3 4 java/util/LinkedList$ListItr hasNext ()Z 1 672 com/android/tools/r8/internal/Wm a (Lcom/android/tools/r8/internal/rD;)Lcom/android/tools/r8/internal/Rm; 1 677 java/util/ArrayList size ()I 1 699 java/util/ArrayList size ()I 1 714 java/util/ArrayList get (I)Ljava/lang/Object; 2 5 java/util/Objects checkIndex (II)I 2 11 java/util/ArrayList elementData (I)Ljava/lang/Object; 1 723 com/android/tools/r8/internal/Yo g (I)V 1 739 com/android/tools/r8/internal/rD b ()Lcom/android/tools/r8/internal/K5; 1 746 java/util/LinkedList get (I)Ljava/lang/Object; 2 2 java/util/LinkedList checkElementIndex (I)V 3 2 java/util/LinkedList isElementIndex (I)Z 2 7 java/util/LinkedList node (I)Ljava/util/LinkedList$Node; 1 768 com/android/tools/r8/internal/rD b ()Lcom/android/tools/r8/internal/K5; 1 771 com/android/tools/r8/internal/K5 h ()Lcom/android/tools/r8/internal/OJ; 2 68 java/util/LinkedList size ()I 2 73 java/util/LinkedList get (I)Ljava/lang/Object; 3 2 java/util/LinkedList checkElementIndex (I)V 4 2 java/util/LinkedList isElementIndex (I)Z 3 7 java/util/LinkedList node (I)Ljava/util/LinkedList$Node; 1 845 com/android/tools/r8/internal/rD b ()Lcom/android/tools/r8/internal/K5; 1 883 com/android/tools/r8/internal/TF <init> (I)V 2 5 com/android/tools/r8/internal/S <init> ()V 3 1 com/android/tools/r8/internal/P <init> ()V 4 1 java/lang/Object <init> ()V 2 21 com/android/tools/r8/internal/ez a (IF)I 3 9 com/android/tools/r8/internal/ez b (J)J 3 17 java/lang/Math max (JJ)J 2 39 com/android/tools/r8/internal/ez b (IF)I 1 886 com/android/tools/r8/internal/TF putAll (Ljava/util/Map;)V 2 48 com/android/tools/r8/internal/TF size ()I 2 67 com/android/tools/r8/internal/ez b (J)J 2 75 java/lang/Math max (JJ)J 2 83 java/lang/Math min (JJ)J 2 103 com/android/tools/r8/internal/S putAll (Ljava/util/Map;)V 3 3 com/android/tools/r8/internal/TF size ()I 3 9 com/android/tools/r8/internal/S entrySet ()Ljava/util/Set; 4 1 com/android/tools/r8/internal/S e ()Lcom/android/tools/r8/internal/J10; 5 1 com/android/tools/r8/internal/TF c ()Lcom/android/tools/r8/internal/J10; 6 14 com/android/tools/r8/internal/QF <init> (Lcom/android/tools/r8/internal/TF;)V 7 6 com/android/tools/r8/internal/g1 <init> ()V 8 1 com/android/tools/r8/internal/a1 <init> ()V 9 1 java/util/AbstractCollection <init> ()V 10 1 java/lang/Object <init> ()V 3 14 com/android/tools/r8/internal/QF iterator ()Ljava/util/Iterator; 4 8 com/android/tools/r8/internal/MF <init> (Lcom/android/tools/r8/internal/TF;)V 5 7 com/android/tools/r8/internal/RF <init> (Lcom/android/tools/r8/internal/TF;)V 6 13 java/lang/Object <init> ()V 3 14 com/android/tools/r8/internal/y10 iterator ()Ljava/util/Iterator; 3 36 com/android/tools/r8/internal/MF next ()Ljava/lang/Object; 4 13 com/android/tools/r8/internal/RF a ()I 5 1 com/android/tools/r8/internal/RF hasNext ()Z 4 18 com/android/tools/r8/internal/PF <init> (Lcom/android/tools/r8/internal/TF;I)V 5 7 java/lang/Object <init> ()V 3 45 com/android/tools/r8/internal/PF a ()I 3 51 com/android/tools/r8/internal/PF getValue ()Ljava/lang/Object; 1 1036 com/android/tools/r8/internal/TF <init> (I)V 2 5 com/android/tools/r8/internal/S <init> ()V 3 1 com/android/tools/r8/internal/P <init> ()V 4 1 java/lang/Object <init> ()V 2 21 com/android/tools/r8/internal/ez a (IF)I 3 9 com/android/tools/r8/internal/ez b (J)J 3 17 java/lang/Math max (JJ)J 2 39 com/android/tools/r8/internal/ez b (IF)I 1 1045 com/android/tools/r8/internal/TF c ()Lcom/android/tools/r8/internal/J10; 2 14 com/android/tools/r8/internal/QF <init> (Lcom/android/tools/r8/internal/TF;)V 3 6 com/android/tools/r8/internal/g1 <init> ()V 4 1 com/android/tools/r8/internal/a1 <init> ()V 5 1 java/util/AbstractCollection <init> ()V 6 1 java/lang/Object <init> ()V 1 1064 com/android/tools/r8/internal/MF <init> (Lcom/android/tools/r8/internal/TF;)V 2 7 com/android/tools/r8/internal/RF <init> (Lcom/android/tools/r8/internal/TF;)V 3 13 java/lang/Object <init> ()V 1 1069 com/android/tools/r8/internal/RF hasNext ()Z 1 1077 com/android/tools/r8/internal/MF next ()Ljava/lang/Object; 2 13 com/android/tools/r8/internal/RF a ()I 3 1 com/android/tools/r8/internal/RF hasNext ()Z 2 18 com/android/tools/r8/internal/PF <init> (Lcom/android/tools/r8/internal/TF;I)V 3 7 java/lang/Object <init> ()V 1 1086 com/android/tools/r8/internal/PF getValue ()Ljava/lang/Object; 1 1106 com/android/tools/r8/internal/PF a ()I 1 1113 com/android/tools/r8/internal/PF getValue ()Ljava/lang/Object; 1 1238 com/android/tools/r8/internal/TF <init> (Lcom/android/tools/r8/internal/IF;)V 2 4 com/android/tools/r8/internal/TF size ()I 2 9 com/android/tools/r8/internal/TF <init> (I)V 3 5 com/android/tools/r8/internal/S <init> ()V 4 1 com/android/tools/r8/internal/P <init> ()V 5 1 java/lang/Object <init> ()V 3 21 com/android/tools/r8/internal/ez a (IF)I 4 9 com/android/tools/r8/internal/ez b (J)J 4 17 java/lang/Math max (JJ)J 3 39 com/android/tools/r8/internal/ez b (IF)I 2 12 com/android/tools/r8/internal/TF putAll (Ljava/util/Map;)V 3 48 com/android/tools/r8/internal/TF size ()I 3 67 com/android/tools/r8/internal/ez b (J)J 3 75 java/lang/Math max (JJ)J 3 83 java/lang/Math min (JJ)J 3 103 com/android/tools/r8/internal/S putAll (Ljava/util/Map;)V 4 3 com/android/tools/r8/internal/TF size ()I 4 9 com/android/tools/r8/internal/S entrySet ()Ljava/util/Set; 5 1 com/android/tools/r8/internal/S e ()Lcom/android/tools/r8/internal/J10; 6 1 com/android/tools/r8/internal/TF c ()Lcom/android/tools/r8/internal/J10; 7 14 com/android/tools/r8/internal/QF <init> (Lcom/android/tools/r8/internal/TF;)V 8 6 com/android/tools/r8/internal/g1 <init> ()V 9 1 com/android/tools/r8/internal/a1 <init> ()V 10 1 java/util/AbstractCollection <init> ()V 11 1 java/lang/Object <init> ()V 4 14 com/android/tools/r8/internal/QF iterator ()Ljava/util/Iterator; 5 8 com/android/tools/r8/internal/MF <init> (Lcom/android/tools/r8/internal/TF;)V 6 7 com/android/tools/r8/internal/RF <init> (Lcom/android/tools/r8/internal/TF;)V 7 13 java/lang/Object <init> ()V 4 14 com/android/tools/r8/internal/y10 iterator ()Ljava/util/Iterator; 4 36 com/android/tools/r8/internal/MF next ()Ljava/lang/Object; 5 13 com/android/tools/r8/internal/RF a ()I 6 1 com/android/tools/r8/internal/RF hasNext ()Z 5 18 com/android/tools/r8/internal/PF <init> (Lcom/android/tools/r8/internal/TF;I)V 6 7 java/lang/Object <init> ()V 4 45 com/android/tools/r8/internal/PF a ()I 4 51 com/android/tools/r8/internal/PF getValue ()Ljava/lang/Object; 1 1256 com/android/tools/r8/internal/rD getPosition ()Lcom/android/tools/r8/internal/B40; 1 1294 com/android/tools/r8/internal/rD getPosition ()Lcom/android/tools/r8/internal/B40; 1 1340 com/android/tools/r8/internal/d3 t ()Lcom/android/tools/r8/internal/d3; 1 1361 com/android/tools/r8/graph/h1 H0 ()Lcom/android/tools/r8/graph/s2; 1 1367 com/android/tools/r8/graph/x2 z0 ()I 2 7 com/android/tools/r8/graph/L2 size ()I 1 1370 java/util/ArrayList <init> (I)V 2 1 java/util/AbstractList <init> ()V 3 1 java/util/AbstractCollection <init> ()V 4 1 java/lang/Object <init> ()V 1 1380 com/android/tools/r8/internal/rD d ()Lcom/android/tools/r8/internal/vt0; 1 1394 com/android/tools/r8/internal/rD o ()Lcom/android/tools/r8/graph/j0; 2 14 com/android/tools/r8/internal/vt0 t ()Lcom/android/tools/r8/graph/j0; 1 1397 java/util/ArrayList add (Ljava/lang/Object;)Z 2 20 java/util/ArrayList add (Ljava/lang/Object;[Ljava/lang/Object;I)V 3 7 java/util/ArrayList grow ()[Ljava/lang/Object; 4 7 java/util/ArrayList grow (I)[Ljava/lang/Object; 5 27 jdk/internal/util/ArraysSupport newLength (III)I 1 1414 com/android/tools/r8/internal/ui K ()Lcom/android/tools/r8/internal/ui; 1 1426 com/android/tools/r8/internal/ui a (Lcom/android/tools/r8/internal/IF;)Z 2 6 com/android/tools/r8/internal/TF c ()Lcom/android/tools/r8/internal/J10; 3 14 com/android/tools/r8/internal/QF <init> (Lcom/android/tools/r8/internal/TF;)V 4 6 com/android/tools/r8/internal/g1 <init> ()V 5 1 com/android/tools/r8/internal/a1 <init> ()V 6 1 java/util/AbstractCollection <init> ()V 7 1 java/lang/Object <init> ()V 2 23 com/android/tools/r8/internal/MF <init> (Lcom/android/tools/r8/internal/TF;)V 3 7 com/android/tools/r8/internal/RF <init> (Lcom/android/tools/r8/internal/TF;)V 4 13 java/lang/Object <init> ()V 2 28 com/android/tools/r8/internal/RF hasNext ()Z 2 36 com/android/tools/r8/internal/MF next ()Ljava/lang/Object; 3 13 com/android/tools/r8/internal/RF a ()I 4 1 com/android/tools/r8/internal/RF hasNext ()Z 3 18 com/android/tools/r8/internal/PF <init> (Lcom/android/tools/r8/internal/TF;I)V 4 7 java/lang/Object <init> ()V 2 83 com/android/tools/r8/internal/PF a ()I 2 88 com/android/tools/r8/internal/TF remove (I)Ljava/lang/Object; 3 64 com/android/tools/r8/internal/TF d (I)V 4 90 com/android/tools/r8/internal/ez a (I)I 4 178 com/android/tools/r8/internal/ez b (IF)I 3 78 com/android/tools/r8/internal/ez a (I)I 3 105 com/android/tools/r8/internal/TF e (I)Ljava/lang/Object; 4 95 com/android/tools/r8/internal/ez a (I)I 4 85 com/android/tools/r8/internal/TF d (I)V 5 90 com/android/tools/r8/internal/ez a (I)I 5 178 com/android/tools/r8/internal/ez b (IF)I 3 137 com/android/tools/r8/internal/TF e (I)Ljava/lang/Object;
